scenario,cps,cps_name,pid,impacted_pids,linear_length_m,buffer_area_ha,portion_treated,wetland_area_ha,catchment_to_wetland_ratio,failed,cost_usd,treated_TN,removed_TN,treated_TP,removed_TP
1,329,Residue Management (No-Till),650,,,,,,,False,594.2434373197425,584.4213178844697,55.09166731729837,172.45968335020325,31.050597522979086
1,329,Residue Management (No-Till),276,,,,,,,False,969.5253461447356,961.6328048980492,75.42684385449053,5.982166177205193,1.0400661107356288
1,590,Nutrient Management,388,,,,,,,False,334.58573127304226,363.8302046677243,142.5212450443786,7.992499739644478,1.7089213133136727
1,329,Residue Management (No-Till),1110,,,,,,,False,720.3456785450055,231.63962013645065,19.353518288406843,18.173661788126527,3.2602922973708544
1,329,Residue Management (No-Till),1727,,,,,,,False,449.8447547175364,406.7788174201087,28.54189466728584,32.44444915932099,5.342101972416498
1,329,Residue Management (No-Till),1826,,,,,,,False,1158.0742574126982,1684.6360317135095,177.50137996608663,23.391931584427315,4.675313754451731
1,340,Cover Crop,486,,,,,,,False,867.0001974351289,1209.0994450973699,347.0179533174762,104.03829066555578,17.94823627124172
1,590,Nutrient Management,2261,,,,,,,False,1542.1409801683271,1421.1955202079967,386.91971970246095,148.58959959325497,42.24285294122128
1,329,Residue Management (No-Till),2271,,,,,,,False,762.0752547211171,296.224617996751,21.98025859883722,96.79068239571112,16.728829337021512
1,329,Residue Management (No-Till),23,,,,,,,False,863.695476595607,1269.977258760872,107.4310298066431,39.80261877642111,5.286844269823459
1,329,Residue Management (No-Till),1696,,,,,,,False,744.5415967794785,569.695698653684,52.243046170692864,13.110075294057749,2.785114001370425
1,590,Nutrient Management,2456,,,,,,,False,691.6459195006724,29.461709787424724,8.179845797630273,21.77772293121864,7.108864444637737
1,590,Nutrient Management,1816,,,,,,,True,592.2850833120682,580.615238485287,41.16184291504089,1.868409169835082,0.1065023874701537
1,329,Residue Management (No-Till),707,,,,,,,False,729.2677329350666,611.9268323738924,53.816275174217196,29.44725573201638,6.347316037618771
1,329,Residue Management (No-Till),805,,,,,,,False,142.17233263832384,130.72953810881558,9.39183032903954,4.03215986854461,0.5870334838586877
1,329,Residue Management (No-Till),1310,,,,,,,False,346.79099077211276,241.7498699731889,21.09483767365565,24.21387454189103,3.2390700100039105
1,590,Nutrient Management,1590,,,,,,,False,863.0163253353454,76.01630942610386,31.710815372227255,3.9082541594667846,1.4154956021538152
1,340,Cover Crop,2499,,,,,,,False,986.0751035148115,251.3465959662375,105.23586368891209,3.481260948472351,0.6648145041921902
1,329,Residue Management (No-Till),1338,,,,,,,True,491.1125138904467,291.8759446433054,4.081289586850576,20.245634084897006,1.2094723744529028
1,329,Residue Management (No-Till),2672,,,,,,,False,53.81337243385997,45.13931487215816,2.2559352598085263,0.9182771094238881,0.11590236162151506
1,329,Residue Management (No-Till),1943,,,,,,,True,354.8886690506753,181.890150943774,3.6089057560956217,27.539365544325207,1.331531473799447
1,329,Residue Management (No-Till),2675,,,,,,,True,202.4141099300815,31.9240155899841,0.8088178799071618,37.7985125311122,1.847977696513509
1,590,Nutrient Management,2421,,,,,,,False,1687.0013006007396,68.25391256331706,21.958940786118475,12.685510391285497,3.2095707313217257
1,329,Residue Management (No-Till),1650,,,,,,,False,558.0986822532769,453.1178960238665,35.48061164437148,11.934786262103998,1.5033568206609638
1,329,Residue Management (No-Till),1039,,,,,,,False,1417.8376628034252,3218.4691141036155,374.8370997250798,20.932746655334274,3.7422402753059614
1,590,Nutrient Management,1094,,,,,,,False,1387.37834403697,252.07647098188585,90.94387741236655,92.68436200297893,22.031187552950538
1,340,Cover Crop,1606,,,,,,,False,2572.018780280665,116.77732896321008,46.11618457696436,4.63379971476609,0.8854332777439502
1,329,Residue Management (No-Till),2349,,,,,,,False,140.41353269590837,131.26220888530548,10.544046287216112,0.4953356657805543,0.08743538340901716
1,340,Cover Crop,1902,,,,,,,True,85.21098498994472,13.922216157671444,1.2622795166380105,7.670551553589104,0.315414746876713
1,340,Cover Crop,253,,,,,,,False,617.2032790068242,777.5406476974217,253.60567227440367,5.020238394985361,0.8038424254643061
1,590,Nutrient Management,2662,,,,,,,False,767.6689155025027,581.0218565553092,198.5007870512265,0.0652615184404708,0.02543287660120013
1,329,Residue Management (No-Till),1670,,,,,,,True,406.8629938839609,343.0531057924591,8.048342855549977,11.442582329291515,0.3691430712016485
1,329,Residue Management (No-Till),673,,,,,,,True,1406.9628654365588,183.56052677152928,3.2352790882592273,21.293555311018693,1.1416267380913465
1,329,Residue Management (No-Till),1191,,,,,,,False,278.9053828181696,279.4721345491948,27.173250176688832,11.984413754403619,2.2026608637047107
1,329,Residue Management (No-Till),92,,,,,,,False,211.59052977905475,120.51643931924323,11.15391001773263,35.22323129915758,6.54140795953539
1,340,Cover Crop,2335,,,,,,,True,1122.0922341612456,369.03198842126545,24.42753920111745,30.332354592637397,2.039023664549006
1,340,Cover Crop,1785,,,,,,,False,150.1221486955233,41.9652695678709,14.685582958014974,0.42258177338191194,0.08433920632273034
1,329,Residue Management (No-Till),2046,,,,,,,False,2218.965043864349,2614.3422415453856,97.29754835066107,101.46035119820164,17.993181433070614
1,340,Cover Crop,1855,,,,,,,False,385.43072734230844,29.457408691985588,12.26228681963247,0.9805618105522049,0.11732878332031714
1,329,Residue Management (No-Till),1488,,,,,,,False,1457.8201790647558,558.8996198636613,20.104661832839355,15.25955262889959,2.556609290293651
1,329,Residue Management (No-Till),2500,,,,,,,False,550.4110393017046,29.52621676644818,2.1472365858403504,61.355149100490785,14.766491679369887
1,329,Residue Management (No-Till),2436,,,,,,,False,255.7171139780429,20.703017803303485,2.357610290404324,13.840171956093117,2.4367657914432326
1,329,Residue Management (No-Till),912,,,,,,,True,255.49949963299716,266.00920018700214,4.5438472718904,4.877761853771042,0.19900776796734232
1,340,Cover Crop,712,,,,,,,False,58.44226118901165,4.541124638181356,1.3545315943586334,0.5160074375537947,0.05853581293042159
1,329,Residue Management (No-Till),523,,,,,,,False,1325.5951335434793,792.9624908253903,74.4293930476805,76.3003200126398,12.879871675424463
1,329,Residue Management (No-Till),728,,,,,,,True,407.4245636220789,572.7591407041872,12.550588335556496,183.09484244381687,8.105938956041072
1,329,Residue Management (No-Till),1246,,,,,,,False,1840.1833920937509,807.6173051545289,46.37573166644475,91.66491232729004,15.621229197098977
1,329,Residue Management (No-Till),142,,,,,,,False,762.8238049448167,2888.542645334115,295.16009972126153,7.875934646120347,1.5172608101412197
1,329,Residue Management (No-Till),2677,,,,,,,False,225.01934795890955,57.89477904648802,5.216001348282755,2.5814953295406378,0.5341308475850407
1,340,Cover Crop,285,,,,,,,False,1073.4657223114807,401.8783056662289,153.6635730083593,5.653423132304342,1.195937905614057
1,329,Residue Management (No-Till),2009,,,,,,,False,1045.186318962006,717.9653708275923,31.086594434567782,244.01950183951377,47.232282906188956
1,329,Residue Management (No-Till),846,,,,,,,True,277.7781429111417,200.97338435692666,5.228119996104339,8.630536618680878,0.3674346821536485
1,329,Residue Management (No-Till),2154,,,,,,,False,2492.261952024494,1670.943895265422,145.80036661973352,29.605433150921858,6.4170240480501946
1,590,Nutrient Management,1167,,,,,,,False,1076.1991169015932,1383.3807030692255,456.16908418223,43.580475951866795,7.39994069535639
1,590,Nutrient Management,374,,,,,,,False,828.1159962955779,35.42577726280693,14.177001248685972,57.30845896797454,14.581697257704823
1,590,Nutrient Management,737,,,,,,,False,1965.9410383597203,288.5344068989725,107.30314384785855,8.70362939772196,2.3317829298923876
1,590,Nutrient Management,1324,,,,,,,False,5375.010495846565,332.5364698985923,96.05491983357705,53.23961373761455,15.537094111588104
1,590,Nutrient Management,1574,,,,,,,False,2461.8231236369834,346.63881937490675,114.30515545352839,46.78485992530943,13.231767607147724
1,329,Residue Management (No-Till),2585,,,,,,,True,1011.182853758494,1009.2453590767668,28.14998981792577,54.366582316879395,2.2320373403406815
1,329,Residue Management (No-Till),2089,,,,,,,False,682.7186355774389,567.1619512627123,38.89602257370308,5.298257245459855,0.9034413246317065
1,590,Nutrient Management,317,,,,,,,False,1422.7130563409605,435.35010299796613,149.16341195732755,212.32334367936647,60.22660376348155
1,329,Residue Management (No-Till),937,,,,,,,False,321.42948660002696,257.81755229190725,12.002509938198695,18.009739318506316,3.3001815577716394
1,329,Residue Management (No-Till),1451,,,,,,,False,699.8850660131441,449.6588853539705,46.046768482673656,7.638982877943319,1.0826893711354244
1,329,Residue Management (No-Till),2078,,,,,,,False,259.21467152733857,132.03089952611737,12.718158237592245,18.85326971361604,4.03625741855182
1,590,Nutrient Management,1342,,,,,,,False,416.72680543037745,57.73185188162374,18.248018348935464,4.878630070665126,1.2908924893910927
1,329,Residue Management (No-Till),482,,,,,,,False,634.4920512263819,624.3649469229666,62.84044782220949,16.321883598220342,2.8066366763951254
1,329,Residue Management (No-Till),1351,,,,,,,False,1094.8724151315046,1080.1457394332776,98.22983018721949,138.76316467780765,23.941225661456716
1,590,Nutrient Management,34,,,,,,,False,1257.1247505196293,419.44448104568414,125.20158778747546,31.729242719005388,8.904640576015982
1,329,Residue Management (No-Till),457,,,,,,,False,461.58962318008105,156.05845777357828,12.55835759616562,3.3159832056564476,0.5960276607111217
1,340,Cover Crop,468,,,,,,,True,283.2658649889226,43.999696621547066,4.275952950553944,2.1160008012879548,0.0825741865040406
1,590,Nutrient Management,458,,,,,,,True,3080.163704766113,1628.4944674564413,176.999409066466,7.347589053307603,0.4696029648657106
1,340,Cover Crop,1351,,,,,,,False,3101.5442168528198,981.9159092460582,295.0340968443269,114.82193901635094,15.813376118286982
1,329,Residue Management (No-Till),1783,,,,,,,False,362.9025906254076,369.51426197928197,36.35528563719786,10.947852424602148,1.6514891075452114
1,329,Residue Management (No-Till),1396,,,,,,,False,343.5550150716545,357.2915926348283,22.628589173097858,15.290221896901782,2.5382705259008422
1,590,Nutrient Management,1246,,,,,,,False,4126.999637466183,761.2415734880842,296.86475244195594,76.04368313019107,23.579956431672507
1,590,Nutrient Management,2235,,,,,,,True,517.8647699192609,158.9001028597091,11.88530697318829,18.32699027604776,1.1536058126637199
1,329,Residue Management (No-Till),1808,,,,,,,False,473.3697108533936,205.34372566997396,11.326781897278401,2.104404102617729,0.3910309231017321
1,329,Residue Management (No-Till),1920,,,,,,,True,1104.194544076734,474.0817676299619,9.838154755210667,9.633299268696078,0.3782797348879351
1,329,Residue Management (No-Till),541,,,,,,,False,274.5538866991329,304.0248462914163,35.89409561396711,30.792387400459145,6.287949834726172
1,340,Cover Crop,2268,,,,,,,False,2063.4207671408485,660.4481091757392,184.26747426873038,161.0325721436378,29.199890658547908
1,329,Residue Management (No-Till),456,,,,,,,False,157.6596285168806,62.230979713505796,5.04321929850502,9.192240366930037,1.8353382510522116
1,340,Cover Crop,2677,,,,,,,False,526.7016976151779,52.678777698205266,16.40052843169927,2.047364481955597,0.42265882460147064
1,329,Residue Management (No-Till),277,,,,,,,False,4354.982075876825,640.6084761894757,40.75260547357761,68.28612230326151,12.787977294224177
1,329,Residue Management (No-Till),2195,,,,,,,False,285.5908193519425,15.385010716020911,1.931356544566373,26.969971757951548,4.166933798995188
1,329,Residue Management (No-Till),19,,,,,,,False,494.5451889828986,174.58929725044587,18.069536672449726,8.49061429255395,1.4797321901701805
1,329,Residue Management (No-Till),1124,,,,,,,False,610.2048112115497,191.30954157685946,19.802611012975163,3.644568225650239,0.6083395721389873
1,590,Nutrient Management,2563,,,,,,,False,2268.4862787707466,386.5631081573091,136.6528047508427,172.73797859891562,37.587730706538316
1,329,Residue Management (No-Till),1574,,,,,,,False,1835.5176943420283,232.33366392137842,14.114903924245018,33.55309231816171,5.431929776089173
1,590,Nutrient Management,996,,,,,,,False,6089.458192329501,2359.4202151924137,864.8730149159359,323.96674807125095,88.06288075310657
1,329,Residue Management (No-Till),697,,,,,,,True,124.22142938955507,111.02821575439832,3.5150630774516447,1.6018294988856754,0.0668421726235557
1,329,Residue Management (No-Till),2556,,,,,,,False,1294.3773874789326,224.41151322383834,25.80279214652237,357.52337157586413,79.11389207782683
1,340,Cover Crop,696,,,,,,,False,1299.2483886272164,179.79349087208038,37.2662492211845,2.7726906563341123,0.44655026452999336
1,590,Nutrient Management,1888,,,,,,,False,2788.9783124558367,71.08784687461124,27.273682290381544,224.5506626371231,57.011829793235506
1,590,Nutrient Management,1648,,,,,,,True,633.4623384212059,473.75608502887343,42.83423347249346,16.000079201506235,0.9048464500136159
1,590,Nutrient Management,2299,,,,,,,False,360.1976905171471,901.9646185901719,341.8296306039372,165.34335179928397,43.15568973543678
1,590,Nutrient Management,82,,,,,,,False,1572.0447972297836,601.9405116705033,179.89263611762104,32.512921848080964,9.769592798453598
1,590,Nutrient Management,415,,,,,,,False,766.0500913673039,130.24918038829745,48.92834813853748,14.589979146818544,3.646733554855094
1,329,Residue Management (No-Till),1253,,,,,,,False,213.84491112316144,197.79498026736974,22.430151059468812,3.3749663840873074,0.7380088846937832
1,329,Residue Management (No-Till),2431,,,,,,,True,303.3251494461553,73.28560264414463,1.488346493662921,32.952571524446974,1.6475145670524833
1,590,Nutrient Management,418,,,,,,,False,633.8149617282338,321.99347841152945,132.87022762312006,0.6208156866940651,0.1905651061709321
1,329,Residue Management (No-Till),1830,,,,,,,True,429.9357193312137,112.83076539241762,2.922803084441732,6.043113916206555,0.36797802019771936
1,329,Residue Management (No-Till),1463,,,,,,,False,527.6488968769044,208.4601012613041,13.030467339569274,5.694537443951284,1.0972964498966495
1,329,Residue Management (No-Till),2354,,,,,,,False,480.2250174427016,302.5692172859225,17.40367277615481,20.07731014427812,3.660194682611922
1,329,Residue Management (No-Till),970,,,,,,,False,607.4046775003338,370.1256248473599,40.22205067415314,44.46033415529809,5.563655917777977
1,329,Residue Management (No-Till),308,,,,,,,False,2088.74508944671,5709.494657469682,412.6692073715007,65.68769989015648,15.544205673354327
1,329,Residue Management (No-Till),87,,,,,,,False,2049.68494122594,1999.4475455341933,136.44406190982926,108.19188106247124,21.16064973597426
1,340,Cover Crop,133,,,,,,,False,4538.719981816077,750.7403909816613,255.31507405007534,11.285847987079379,2.0754151016731965
1,329,Residue Management (No-Till),648,,,,,,,False,665.0943579541806,266.3260892152419,17.734547499112242,21.628519287217088,2.9984263258920527
1,329,Residue Management (No-Till),254,,,,,,,True,494.52922658868044,146.85839251734782,1.2482117217152724,56.29247243213561,1.8435574470559433
1,329,Residue Management (No-Till),1863,,,,,,,False,105.30687467580293,11.36468787981525,1.204980619673537,2.7138716585638094,0.4642374293518465
1,340,Cover Crop,430,,,,,,,False,860.8230981183024,75.76494024587987,28.055558905100487,7.138556774230768,1.1849388090855495
1,329,Residue Management (No-Till),3,,,,,,,False,805.0181223191762,26.460722198457592,2.416672845214834,52.64220860278049,8.855800219746236
1,329,Residue Management (No-Till),1399,,,,,,,False,713.6571899716353,318.2523609665273,39.10620703938783,6.386270332967751,1.6867567723220398
1,590,Nutrient Management,841,,,,,,,True,2858.4328865714865,665.4908173987482,61.66227360362335,17.071581971629083,1.3113480083049727
1,329,Residue Management (No-Till),1954,,,,,,,False,390.3963187098245,85.4738860402621,5.139063835970359,10.263128647718043,2.041442844399332
1,590,Nutrient Management,1602,,,,,,,True,626.1587935498808,175.8718177612476,15.280336732019343,28.095352052418654,1.827500972033169
1,340,Cover Crop,1551,,,,,,,False,896.4580057451138,150.07584057730475,47.099820598435855,11.224674817675199,2.8052097404267395
1,590,Nutrient Management,482,,,,,,,False,1045.5795561171674,561.5244991007571,199.7500178223784,13.51524692182522,3.8931493525769887
1,590,Nutrient Management,231,,,,,,,False,1695.701618227695,288.56803517918723,104.29196198689276,7.1410466909689765,2.0325178411527665
1,329,Residue Management (No-Till),1829,,,,,,,False,411.0008285546209,342.335007543479,29.374762258449064,56.297812822909364,11.451839997669083
1,590,Nutrient Management,642,,,,,,,True,117.71652010168091,20.886520259019104,1.8125635245693619,7.317761047544981,0.3626496591010681
1,590,Nutrient Management,2092,,,,,,,False,3928.186403646311,377.94047775428703,111.80496528004669,28.515316996684604,8.460957016929465
1,590,Nutrient Management,944,,,,,,,True,6068.898951510876,1396.6885582862933,148.54331634205138,84.51853789955383,4.204870814962787
1,329,Residue Management (No-Till),1802,,,,,,,False,438.1412182208411,1023.9724067810206,77.13713664501091,8.042538897631939,1.2770866665116758
1,590,Nutrient Management,2295,,,,,,,True,1170.9435848489886,162.13784903206303,15.543400009601626,36.727605822278115,1.839686283976199
1,329,Residue Management (No-Till),2574,,,,,,,True,294.21298320447795,90.3554793327233,0.7559669691969256,15.462036243069829,0.7039548364863591
1,329,Residue Management (No-Till),78,,,,,,,True,404.5198082867362,112.10574405533848,3.2618563620270478,7.216587370532377,0.3742457855995211
1,329,Residue Management (No-Till),2445,,,,,,,False,273.0136466135941,83.21667158462024,10.363319827298024,8.175731835294396,1.7531443423347575
1,590,Nutrient Management,1050,,,,,,,True,2088.6496842112606,1023.3024839408209,101.31852203812852,6.97465708213301,0.43548455771199773
1,329,Residue Management (No-Till),107,,,,,,,False,123.39653414607939,193.2946655144657,17.551408071408325,5.553163794992039,1.008887461057114
1,329,Residue Management (No-Till),1623,,,,,,,False,132.9656757268331,125.99710139591521,9.604022305496533,3.091826605298857,0.5146811842028245
1,590,Nutrient Management,1826,,,,,,,True,2746.1514463826215,1507.1346517474228,115.58847867402798,18.716617829975586,1.2736522444409804
1,329,Residue Management (No-Till),2185,,,,,,,False,684.6126469437572,399.5614454657178,44.69627893859653,262.06816339168927,35.17548278459545
1,329,Residue Management (No-Till),116,,,,,,,False,713.3956884366252,574.9463568943864,71.61776245457031,18.219902828655695,2.516357016214592
1,329,Residue Management (No-Till),651,,,,,,,False,690.8635629294889,116.26514453701597,12.041894088852509,15.785030870921396,2.304642024833299
1,329,Residue Management (No-Till),419,,,,,,,False,254.51263869394526,75.91655243996787,5.55004845316841,2.857642391067578,0.5263636983516045
1,329,Residue Management (No-Till),1619,,,,,,,False,202.6149671738029,196.56860402358868,18.155029985780924,6.266386671674003,1.2064791089524791
1,590,Nutrient Management,1981,,,,,,,False,497.9611887632766,430.6523721627025,116.9578531369037,11.348092194593901,3.188176036014105
1,340,Cover Crop,1722,,,,,,,False,2009.7444536905593,150.8404740731957,53.912052732762724,41.64802852847879,5.768996099172841
1,340,Cover Crop,868,,,,,,,False,2647.318483267384,1168.329415617896,371.14801131241046,165.2996160499761,19.562031945174642
1,340,Cover Crop,940,,,,,,,True,2064.0997095247135,757.7130664423784,76.19763899028882,208.55854560302257,9.13050909525185
1,590,Nutrient Management,171,,,,,,,False,291.8463926548237,118.40446175979181,40.95959273020028,7.982577267782757,1.7752731823789012
1,329,Residue Management (No-Till),342,,,,,,,True,3461.6467925490006,485.12111508548054,11.81665716653785,118.30160596398407,4.835225406211266
1,329,Residue Management (No-Till),2098,,,,,,,True,881.1389652811821,381.53737582039275,10.560849863517896,21.09127992941285,1.1711672578772043
1,590,Nutrient Management,2550,,,,,,,False,1892.4961802338846,419.60668271871197,145.07581714952926,60.81017712366089,20.759636899126658
1,590,Nutrient Management,2079,,,,,,,False,2342.5354682027373,306.40923998660253,97.7659186131583,0.8948997466075145,0.2651964646560024
1,590,Nutrient Management,2447,,,,,,,False,837.5095684377264,319.27846959281646,119.57204252828663,22.553756099450936,6.338496393790511
1,329,Residue Management (No-Till),1516,,,,,,,False,900.6715202720517,432.713663257667,53.62447088841683,6.610488049192173,1.576301477458062
1,329,Residue Management (No-Till),372,,,,,,,False,274.16347410793765,298.7845572063162,41.38476397590104,5.446215356384631,0.5521120090766674
1,590,Nutrient Management,2324,,,,,,,False,912.3824621217938,355.0799045468006,109.07913913562344,25.34961338864006,7.757645948855467
1,329,Residue Management (No-Till),672,,,,,,,False,874.1721778371406,604.3863358242618,43.85854865955301,378.4211941521645,60.06860773898558
1,340,Cover Crop,1693,,,,,,,False,2196.742829033242,1647.0894125450927,603.3227713374379,23.428950456447478,6.0518590751981
1,590,Nutrient Management,1969,,,,,,,True,1809.1934683837042,951.882391831769,93.33441786576932,82.62048625627808,6.030306266945852
1,329,Residue Management (No-Till),233,,,,,,,False,223.48838780782557,57.87607586505363,5.70709121953858,17.49516185850119,3.003781094058827
1,329,Residue Management (No-Till),2073,,,,,,,False,903.4971942162333,283.3509632575674,25.847878882184563,66.58688275095638,14.254156408872326
1,329,Residue Management (No-Till),918,,,,,,,False,229.64853517084813,39.43060357321948,4.273637990476675,31.286239861047036,5.6465662061091635
1,590,Nutrient Management,1758,,,,,,,False,1588.0950877886798,508.59338566143526,173.84413842639816,196.8350634585174,61.05974437688159
1,590,Nutrient Management,1923,,,,,,,False,1889.6796223248077,877.3359053302605,282.83374856457056,52.60096595562924,16.83564428482827
1,329,Residue Management (No-Till),922,,,,,,,False,720.6421080552111,372.991733241562,45.72668440006925,57.013578492767024,10.322507688111777
1,590,Nutrient Management,1880,,,,,,,False,1431.67984275236,728.2268114299952,261.07983336244405,3.9934815807173476,1.1276705434741536
1,329,Residue Management (No-Till),847,,,,,,,False,390.4182907753083,277.0336322722454,22.20697851902717,15.962524484478063,3.610193494509875
1,329,Residue Management (No-Till),676,,,,,,,False,665.4806228734514,694.8650206127439,76.22903492759447,5.97595225451991,1.1306201550920882
1,340,Cover Crop,521,,,,,,,False,2673.4212071704583,464.8237002902835,161.11129273717398,306.8417405085142,44.740603983502325
1,329,Residue Management (No-Till),2204,,,,,,,False,436.1444427039187,486.77273804831964,48.55615680767465,27.411863534732785,5.0309318394908225
1,590,Nutrient Management,2009,,,,,,,False,2017.5265053084572,686.8787763930245,198.13747456661136,196.78721893332482,44.65029819564049
1,340,Cover Crop,2395,,,,,,,True,6059.277212744309,1316.8996258708485,125.30255488741861,32.61389410290859,1.8772186326200084
1,590,Nutrient Management,1409,,,,,,,True,438.06858737790816,360.9849210156218,29.90527583170898,52.023136286409276,2.718209710189364
1,340,Cover Crop,1850,,,,,,,False,868.142976976064,297.2954375776185,116.25951303232429,0.3147179300138217,0.050736608984618396
1,329,Residue Management (No-Till),1588,,,,,,,True,1559.1055149232357,731.7339776731694,21.36185602084849,21.927457467523748,0.7748388828364297
1,329,Residue Management (No-Till),2452,,,,,,,False,463.5272766607131,117.8345123745018,9.906015232487155,48.07227235993485,9.927935754871429
1,329,Residue Management (No-Till),2338,,,,,,,False,841.1237267295298,149.57288264975958,16.422829328225866,10.90866142512959,2.4274231608308585
1,329,Residue Management (No-Till),2141,,,,,,,True,351.7758921009591,613.3798395107592,10.808957610719306,66.8613863098567,2.446159958863007
1,329,Residue Management (No-Till),1369,,,,,,,False,793.6948070316796,217.60863438164682,23.722719008744896,22.505156837986654,4.795842297222593
1,329,Residue Management (No-Till),808,,,,,,,True,676.1832810972004,856.7196939228081,22.99348533996644,2.4383852542341584,0.13385887546589992
1,329,Residue Management (No-Till),133,,,,,,,False,1523.8330992917624,495.425316931586,43.14361340480978,9.210432885406181,1.4803533609490547
1,340,Cover Crop,1389,,,,,,,True,1711.4211710924997,254.43765076120198,24.78105896328959,34.2507041161619,1.991379785014584
1,590,Nutrient Management,1603,,,,,,,True,911.192271017926,114.68781243243342,11.949729635580773,10.53134706378914,0.6144730186921186
1,329,Residue Management (No-Till),2169,,,,,,,True,683.2861255550268,284.77998554658404,4.9017708835361375,55.63823078526459,2.7179228434568867
1,590,Nutrient Management,974,,,,,,,False,6689.422827837692,1594.6955725170358,632.0048881866569,653.6424427665339,190.88619986071302
1,340,Cover Crop,277,,,,,,,True,13992.811504934207,599.8558707158982,50.855728681636826,55.49814500903734,3.2392778862832454
1,329,Residue Management (No-Till),2455,,,,,,,False,3223.257079206864,323.3326910122097,27.448693547330922,130.81554773451955,29.68623772403738
1,590,Nutrient Management,582,,,,,,,True,3448.9623699598324,479.2398500103463,50.645982399877276,196.44110182248735,15.826089205514696
1,329,Residue Management (No-Till),991,,,,,,,True,1634.8557342390168,2323.0720628397635,53.74069623089829,99.77640447960827,4.088823974675935
1,590,Nutrient Management,1945,,,,,,,False,212.049245136962,84.1127363031459,28.8312577660648,1.885335271077968,0.5397142583783968
1,329,Residue Management (No-Till),290,,,,,,,False,196.36622916020642,360.73657866701734,20.45437627280813,2.611581285713014,0.5044670638465847
1,329,Residue Management (No-Till),44,,,,,,,False,298.098758044559,243.0989105677044,21.23396765577838,14.735076925643313,3.0830617739614388
1,590,Nutrient Management,2604,,,,,,,True,169.16707910954815,194.77845959124645,19.38800551711556,3.3673779532675048,0.19188009994951466
1,329,Residue Management (No-Till),2596,,,,,,,False,204.6848668735095,365.5153024630497,30.786294188625874,98.55379162666358,12.760800435923352
1,329,Residue Management (No-Till),48,,,,,,,False,487.3732355897856,289.79690007709956,23.441936535716415,5.965669797098934,0.939561199668192
1,590,Nutrient Management,1828,,,,,,,False,668.7639470646709,527.2748237975441,205.564030369643,53.31342916909797,15.505994852804823
1,329,Residue Management (No-Till),1410,,,,,,,False,802.6102610067297,204.14379622576055,20.99511796736553,96.00093699458131,20.46855377919887
1,340,Cover Crop,774,,,,,,,False,2109.9745340556988,851.457159340565,328.8053494904785,38.71393850158862,7.84593044809633
1,329,Residue Management (No-Till),1425,,,,,,,False,912.4328858067223,557.6639534648023,55.72075994409217,22.12185946949479,4.21604389352737
1,329,Residue Management (No-Till),2504,,,,,,,True,161.37395778210177,29.508171938529888,0.7304836942121163,1.9063101020628375,0.08765946907815692
1,590,Nutrient Management,1983,,,,,,,False,3137.661831262039,1266.3228529217718,561.092083898546,529.5261083975624,105.28825931663881
1,329,Residue Management (No-Till),1455,,,,,,,True,1188.6521334042554,722.8453828459105,12.697589458673054,8.371727554233368,0.4570901309044987
1,340,Cover Crop,2250,,,,,,,False,1764.4055682918654,495.0401274860035,185.26518001591904,1.4431743581836738,0.20479716122906136
1,329,Residue Management (No-Till),1018,,,,,,,False,176.64630497337086,119.21491915083297,10.297372292855142,25.458207952258185,3.367584008185857
1,329,Residue Management (No-Till),2239,,,,,,,False,674.7182820105863,19.79751732598055,1.917175750420247,26.14045819198244,5.6902405069701825
1,340,Cover Crop,1253,,,,,,,False,1144.6516348094751,175.36482920790095,52.62050392048296,2.636957499393524,0.6148439344851151
1,329,Residue Management (No-Till),933,,,,,,,False,153.28945699874325,31.88300029422123,4.5231267213381665,1.1452106840141123,0.17570354357559392
1,329,Residue Management (No-Till),1898,,,,,,,True,694.3443558351094,435.43756653733186,13.505888915523876,8.201039062757037,0.40233363543830797
1,590,Nutrient Management,491,,,,,,,False,1815.5944176542828,435.26813738116226,149.5121791951152,24.05232608507713,5.309492550245045
1,329,Residue Management (No-Till),2623,,,,,,,False,854.2246727265551,855.8584026800219,109.16779773817458,21.563744987756394,5.034534458164475
1,590,Nutrient Management,346,,,,,,,False,424.56953836144777,83.13515070068239,21.63422756838163,5.4993586303718365,1.6597670956608743
1,329,Residue Management (No-Till),852,,,,,,,False,136.363797792474,104.58181853079431,8.059391436325994,0.4269341696263969,0.08057805966088215
1,340,Cover Crop,707,,,,,,,False,3162.4445633508485,558.1105571996752,176.52604058456592,23.09993969439761,2.078152153305176
1,590,Nutrient Management,1350,,,,,,,False,352.5429781359641,61.036255224251,21.888563864000723,20.111023960841347,4.984133517368479
1,590,Nutrient Management,514,,,,,,,False,816.2415649492433,306.3153943631278,70.21747505705846,82.25207683340558,25.210340571324522
1,329,Residue Management (No-Till),980,,,,,,,False,1622.8225567190575,936.2791954918367,64.11703245674458,26.262552083361566,3.8611346162300313
1,329,Residue Management (No-Till),1978,,,,,,,False,1450.2982706408957,1248.3649690582276,96.13123213908173,674.0769428210358,121.30186795343431
1,590,Nutrient Management,1161,,,,,,,False,1282.6487134207505,276.6510653154715,113.37217596901323,262.2125808171464,70.6174796766958
1,340,Cover Crop,1761,,,,,,,False,1569.5688366406098,584.7572064994492,194.33341925402118,87.03099264306046,12.872386644524994
1,329,Residue Management (No-Till),1475,,,,,,,False,584.4699100153399,35.72740229949329,1.8673436733077986,120.89702584581882,24.552976620471473
1,590,Nutrient Management,1783,,,,,,,True,1267.060555854203,333.1589763420841,35.14024236339695,9.296363317056938,0.522317029811404
1,329,Residue Management (No-Till),1335,,,,,,,False,855.753083797538,193.88361403716345,20.593977619094243,22.335308892951392,3.482166182237478
1,590,Nutrient Management,308,,,,,,,True,5345.013497608204,5296.825450098182,488.99967313131646,50.14349421680215,3.367729496258842
1,340,Cover Crop,72,,,,,,,False,6143.329945826277,778.5209909024502,289.0953436201439,41.865519422150356,8.052818793926294
1,329,Residue Management (No-Till),1907,,,,,,,False,286.2452212767854,110.8740628215088,8.400955057519557,50.38325135992355,9.811991724521212
1,590,Nutrient Management,1616,,,,,,,False,10499.673677213375,4266.216756731982,1706.1566676763005,64.65244442991893,13.772491728052016
1,329,Residue Management (No-Till),1092,,,,,,,False,1771.3438350638705,374.21209655974275,21.981162912735968,13.611990937987008,2.8438477453673907
1,340,Cover Crop,1868,,,,,,,False,2353.214661582583,354.2579641530799,86.22777089661277,9.640035907489045,1.9074855106943591
1,329,Residue Management (No-Till),2237,,,,,,,False,932.9526377118178,1248.2740451308284,124.25012321713575,97.70919012164592,13.378955095673629
1,329,Residue Management (No-Till),2330,,,,,,,False,531.5631374001833,290.2004834859476,16.04247416267361,12.924958666830806,2.187323846761898
1,340,Cover Crop,334,,,,,,,False,2102.1788607233843,323.578050348195,90.08051451189358,11.76230948423414,1.7807684853419816
1,329,Residue Management (No-Till),524,,,,,,,True,1976.253136036717,2097.529551695671,24.13988530597955,421.5367096630587,13.576417334577453
1,590,Nutrient Management,780,,,,,,,False,4722.933569989724,966.1114491182684,368.3857908534891,5.600237856513649,1.3045126439874073
1,329,Residue Management (No-Till),1742,,,,,,,False,372.491865153694,151.95947749078888,18.525569169882807,10.644888739328017,1.5492437301676376
1,590,Nutrient Management,1380,,,,,,,True,1207.8842014579923,337.6935274888709,24.02016616915212,34.104426289231476,2.0187976861188157
1,590,Nutrient Management,2647,,,,,,,False,744.6275661000296,1087.1259731142607,258.88122656865863,59.38598584805549,14.678980197538445
1,340,Cover Crop,1026,,,,,,,False,1392.5414831216424,202.6883998919746,69.821196987099,5.768198621900264,0.9652353650411458
1,329,Residue Management (No-Till),425,,,,,,,False,305.19923455916165,339.18489306868446,24.047409216256256,6.08844692742213,1.290177056881231
1,340,Cover Crop,1770,,,,,,,False,1411.378688736787,125.80323616312984,52.28470510296366,1.8274786726214014,0.42204814066817037
1,590,Nutrient Management,1859,,,,,,,True,730.8476880190021,25.821504906358243,2.2836506051536705,25.222537473433725,1.9183358894447384
1,590,Nutrient Management,2435,,,,,,,True,1130.9651835758766,470.8379378947563,53.906380003237764,51.5519218305013,3.6307254232469632
1,329,Residue Management (No-Till),983,,,,,,,False,637.3718657981946,118.5494439004336,8.942455704194723,35.030140423023646,8.227269660836697
1,590,Nutrient Management,1121,,,,,,,False,81.72125245763277,10.25119086094842,4.256824623100219,0.35137594672399497,0.13549254530038107
1,340,Cover Crop,375,,,,,,,False,4160.066817411459,1142.3613671203752,455.46629134705466,89.00173966099183,14.90538948231673
1,329,Residue Management (No-Till),683,,,,,,,False,233.7735273785233,406.29562308937926,32.8413557144746,26.546165450237254,3.5450249441440427
1,329,Residue Management (No-Till),1901,,,,,,,False,11.860154722719226,13.50454292487341,1.0719303092543746,1.4599920500645618,0.1805161305716628
1,590,Nutrient Management,686,,,,,,,False,375.3976589641459,561.0684366523628,200.96548754334984,2.1706580481685465,0.7125095785983697
1,329,Residue Management (No-Till),2403,,,,,,,True,920.5551391113461,137.27834073963163,3.241063672958478,43.40922956724347,1.3083272399474277
1,329,Residue Management (No-Till),398,,,,,,,False,175.19326136736535,228.4223272194181,14.350454476299998,10.909526548685028,2.1934749300248226
1,329,Residue Management (No-Till),1116,,,,,,,True,5011.270486946543,1017.9350345000286,15.204905194147079,26.94634135715298,1.3073507622541067
1,329,Residue Management (No-Till),864,,,,,,,False,111.2157317730891,112.55736775506428,10.91881267095457,2.0083381774131444,0.34332416873634797
1,590,Nutrient Management,687,,,,,,,False,192.4509810183257,46.854865035363176,15.254768211692722,1.6287164013917614,0.44479596848033076
1,590,Nutrient Management,2355,,,,,,,False,68.85168108975168,6.135358224852059,2.5808489956251575,11.571908110106694,3.5069253976310546
1,329,Residue Management (No-Till),2618,,,,,,,False,195.3106116543459,112.43664392494944,10.51737794964452,3.299688734962369,0.6873552408889365
1,329,Residue Management (No-Till),1823,,,,,,,False,291.5011604318043,355.2562939805521,35.06308806983935,8.829905368997686,1.6528799146675413
1,329,Residue Management (No-Till),1022,,,,,,,False,279.7069076463039,344.98529188167095,32.85644645432619,18.38917207000036,4.574590414509181
1,340,Cover Crop,2170,,,,,,,False,881.5313054685805,125.52813419038232,41.260942290236656,13.301892772410737,3.121806878420598
1,329,Residue Management (No-Till),2136,,,,,,,True,104.56690494415946,61.282143665327766,1.062799236643695,1.2323920877774168,0.06990854653362408
1,329,Residue Management (No-Till),794,,,,,,,True,602.2168950488688,223.4786443080734,6.223107727641036,7.058334194784151,0.29708527147932684
1,329,Residue Management (No-Till),822,,,,,,,False,1160.3905243439185,2866.3169684335135,237.46082511646787,14.139131480635806,2.4809465477232933
1,329,Residue Management (No-Till),994,,,,,,,False,491.8826496456496,643.8798493569512,84.1006280475632,19.23158741493038,3.552912443862663
1,590,Nutrient Management,871,,,,,,,True,1483.5897393377422,241.61570159176412,21.343022232421045,16.74352926926096,0.805866880273511
1,340,Cover Crop,541,,,,,,,False,1163.3687625567318,268.13075067744916,106.09605518143489,24.504437565732974,3.7610598984279813
1,329,Residue Management (No-Till),747,,,,,,,False,290.5488306000055,94.51719946402729,10.3041621390538,82.34300553086084,16.15152136801741
1,329,Residue Management (No-Till),2561,,,,,,,True,342.7247147911401,103.5828584663,2.296603563471454,16.747155248118773,0.6434732668855797
1,340,Cover Crop,835,,,,,,,False,4303.332657656658,294.27765079865105,87.1774888240476,636.8671030299449,92.76508491388812
1,329,Residue Management (No-Till),1835,,,,,,,False,704.5331538300431,787.1258177858168,74.05050527415086,12.225079995934324,2.1369451696136257
1,329,Residue Management (No-Till),2038,,,,,,,False,1317.4957369511144,521.8310679196738,48.072756757015085,330.90316692359875,67.48781629388897
1,329,Residue Management (No-Till),496,,,,,,,False,468.19335262812393,302.0172770777533,38.360654682158994,14.390991501466907,2.1804021367999717
1,340,Cover Crop,1354,,,,,,,False,1809.2814707302248,231.85467697570942,80.05799035719255,0.5352348353772244,0.09736623382015153
1,590,Nutrient Management,770,,,,,,,False,266.50544143936247,7.030459817822203,2.361039893999042,3.594808357129903,1.0475431873290186
1,340,Cover Crop,918,,,,,,,False,639.4480209143039,35.15696558274281,12.074009282292545,25.639673654937873,4.364321636775015
1,329,Residue Management (No-Till),1416,,,,,,,False,458.01207203253875,360.11408809078705,31.736614807622214,14.652735696851357,3.587016502769696
1,656,Constructed Wetland,1791,,,,,0.6135592234872346,3.559643646354219,True,121746.45154773231,28.464988176732298,2.7594068595301597,1.2698401222616242,0.07795775887727216
1,329,Residue Management (No-Till),149,,,,,,,False,2736.0986788413616,1620.2307522502142,147.7609103871007,94.94925447677089,22.466236686120432
1,340,Cover Crop,921,,,,,,,True,2524.792560745436,2160.578278318724,210.8684273907764,11.703979815664441,0.7832247165695146
1,340,Cover Crop,2662,,,,,,,True,2101.281474663868,382.5210695040828,34.781627838944885,0.039828641839270665,0.002296795764752712
1,590,Nutrient Management,467,,,,,,,False,2330.5064479238217,1639.4837886093524,432.96390186923765,70.63537771672064,14.382475838931231
1,329,Residue Management (No-Till),678,,,,,,,False,389.48439308337066,596.4327449451417,36.79534635646436,36.231635941331994,7.67729367543266
1,329,Residue Management (No-Till),1481,,,,,,,False,448.7223049776401,345.604384803642,28.76733632404791,50.61323840395983,7.606733690714749
1,329,Residue Management (No-Till),2109,,,,,,,False,487.1957620547206,188.47465878173188,9.480276592407696,48.36627744429482,9.981568594028905
1,329,Residue Management (No-Till),1262,,,,,,,False,102.41547592345273,7.633769816382928,0.592674199746568,0.7907279636263715,0.1485979684995973
1,329,Residue Management (No-Till),161,,,,,,,False,0.7162661532144199,0.09434589393442888,0.00815475570798517,0.10884248009872408,0.019078887216118907
1,329,Residue Management (No-Till),2277,,,,,,,False,812.3611977869074,975.4262504789664,102.26359544259672,26.51991821813803,4.802992557493192
1,590,Nutrient Management,213,,,,,,,False,543.5967801067263,1397.539832531686,525.5028158702266,4.558230810796992,1.2742589439361622
1,590,Nutrient Management,922,,,,,,,False,1207.7188358765704,327.2650488414927,88.44014135405155,46.69107080465525,13.725426164604762
1,590,Nutrient Management,1897,,,,,,,False,2199.127800741469,1048.8350623500348,345.63141014383365,19.716052014098796,6.147678895945859
1,590,Nutrient Management,335,,,,,,,False,2248.8827936887546,1204.431016283997,476.2640027835244,32.228920212239814,8.744253248867288
1,590,Nutrient Management,2351,,,,,,,False,403.6756732111862,115.94079505218501,37.00740306176666,3.6583058533864508,1.070610310718837
1,590,Nutrient Management,2555,,,,,,,False,501.34208277213656,35.9267351225496,14.227940223614151,0.42683170049456975,0.13723565898973247
1,329,Residue Management (No-Till),1414,,,,,,,False,376.60034592175157,339.0284323587539,31.011444107000358,21.251084717841007,4.261022345935626
1,590,Nutrient Management,2396,,,,,,,False,51.20175403871465,6.507900340900673,2.4634987458099635,1.2957940063598914,0.25323149302574793
1,340,Cover Crop,1498,,,,,,,False,1422.284566124391,564.6345944676317,209.37004073787574,14.194849897002133,1.1323507212399022
1,590,Nutrient Management,172,,,,,,,False,1523.0792911877759,1039.99029718488,293.79492714548866,5.515449333792887,1.7986582523135006
1,329,Residue Management (No-Till),1596,,,,,,,True,1187.4164646879126,290.15330314252833,5.270754836373043,102.78800806234216,3.9907683346531106
1,329,Residue Management (No-Till),710,,,,,,,True,200.4111743406551,81.31764731958671,1.811697566918859,10.547523590598576,0.5752202068987826
1,329,Residue Management (No-Till),1096,,,,,,,False,687.1579272817581,628.4103325686577,54.68136619550387,19.28604531891549,4.1317923564412125
1,329,Residue Management (No-Till),838,,,,,,,False,896.970310974782,149.97836535852937,11.41896701777585,91.27677092814918,15.168494443841103
1,329,Residue Management (No-Till),1700,,,,,,,False,1056.0618997433544,1505.8789517099704,110.56946342078929,186.52442652830092,36.447115382035264
1,329,Residue Management (No-Till),802,,,,,,,False,305.5881371286731,142.6530239530476,16.00587746102378,74.02134362769891,14.579689129452598
1,590,Nutrient Management,2559,,,,,,,False,2380.3774601006608,788.3949042485788,316.2221971078658,118.67303043060527,33.8478601725573
1,329,Residue Management (No-Till),1420,,,,,,,False,306.070539800621,181.57647281178177,15.369821526782358,4.827246250889576,1.0829202402421458
1,340,Cover Crop,608,,,,,,,False,3096.5771484221605,368.27115204061965,134.1689100526226,25.168974880333575,5.156666956064495
1,590,Nutrient Management,910,,,,,,,False,6.4263387918488855,1.1961473814858103,0.39162806270001377,0.48948397939872046,0.12887520064348512
1,329,Residue Management (No-Till),2673,,,,,,,False,358.54082341731294,153.43626032963002,12.526840802640525,0.5296593320582933,0.08897198221503426
1,329,Residue Management (No-Till),843,,,,,,,False,4326.007513696146,2093.607011101579,231.96999966981204,4.817249815482097,0.7032302948165693
1,340,Cover Crop,1345,,,,,,,False,1232.8893097237058,325.74338906507785,111.50909026985951,19.769123244214246,3.8555134923313985
1,329,Residue Management (No-Till),2438,,,,,,,True,341.3794444770951,221.35133129293746,3.7619028880275316,32.189217256477974,1.279068634840284
1,329,Residue Management (No-Till),1730,,,,,,,False,636.1531671235613,495.0991027916361,39.141061623782214,53.97733509176457,9.33231019025146
1,590,Nutrient Management,1373,,,,,,,False,501.6298802484286,43.834912957156774,14.83706939918406,23.064875657517206,5.03248242546463
1,590,Nutrient Management,893,,,,,,,True,813.0875433497483,341.995729875376,32.52013554335608,52.519737545276115,4.553430631901638
1,329,Residue Management (No-Till),1265,,,,,,,False,810.9304989703465,316.76106734667746,20.384404369854863,5.281649939095954,0.8891312053360184
1,590,Nutrient Management,2105,,,,,,,False,489.4474004095648,1138.7452234934747,422.15114629441734,37.99961945551489,10.144437536589937
1,340,Cover Crop,1826,,,,,,,False,5077.7920602448485,1391.546173073395,488.5028576834589,17.442965585534605,3.6637665279631952
1,340,Cover Crop,2066,,,,,,,False,2509.0642044391507,737.8579961831799,365.5541224940136,20.977147884782056,4.959642881444963
1,590,Nutrient Management,1871,,,,,,,False,617.4301767048858,226.00378954747924,99.09636511047064,3.2862625647779367,0.8457940417112391
1,590,Nutrient Management,2170,,,,,,,False,390.61257640046404,84.26719190014566,33.78097647882566,10.18008589399014,3.241827867339562
1,329,Residue Management (No-Till),610,,,,,,,False,341.420055319723,766.7286942899874,31.660747624783404,8.534509249434995,1.674447752770402
1,590,Nutrient Management,1084,,,,,,,False,902.3249218264511,226.840976591615,72.02778085442121,3.557384608070837,0.9447392891555377
1,340,Cover Crop,1920,,,,,,,False,3173.475976435103,464.24361287475125,183.7869326737215,9.255019533808142,1.421287347744905
1,329,Residue Management (No-Till),1163,,,,,,,False,48.71334674296255,1.132651259263972,0.09386108496818395,2.1843009870308436,0.4217351548061743
1,329,Residue Management (No-Till),876,,,,,,,False,778.087452787175,427.11264215188055,25.512056864255367,7.65040983776086,1.2121701204446462
1,329,Residue Management (No-Till),613,,,,,,,True,1265.6517617064808,829.8263020667947,10.473380081322524,159.3747079282696,7.199341407077545
1,590,Nutrient Management,1236,,,,,,,True,1122.784442241081,496.98309278286104,43.74043641279513,3.8817956137174243,0.25988066667214915
1,329,Residue Management (No-Till),89,,,,,,,False,1627.2025702908977,1650.3506494288488,189.45154074918662,15.571340794616532,3.4293961249809923
1,329,Residue Management (No-Till),867,,,,,,,True,482.1454631295161,182.27362233451623,4.072636824624794,64.5481196706429,2.4941996634075068
1,329,Residue Management (No-Till),519,,,,,,,False,398.15479543266036,258.4113108148989,29.96511903114328,30.08708876789854,5.594014777649726
1,340,Cover Crop,1371,,,,,,,True,9720.450406104534,5849.227701984945,675.0303485936598,32.42658336192344,1.3635553199987254
1,340,Cover Crop,1955,,,,,,,False,1832.25128996723,225.2333876369765,91.16886649448841,3.006373431900994,0.790583866733657
1,329,Residue Management (No-Till),474,,,,,,,False,4176.897518089931,1477.5061318351,139.52096395634473,386.2699138069505,71.99212134111534
1,329,Residue Management (No-Till),856,,,,,,,False,649.7677720858558,2059.7800742142726,231.83800686456084,26.75431872721234,6.020304325694826
1,329,Residue Management (No-Till),1799,,,,,,,False,1292.077951013336,508.0222812395743,19.553978537357192,33.29744184807159,6.378036891580924
1,340,Cover Crop,1099,,,,,,,True,1688.831473239305,84.95895705653882,8.744628712483678,4.822009055585484,0.2287497352639004
1,590,Nutrient Management,161,,,,,,,True,0.6265206160973973,0.08619113822644373,0.007872084436977738,0.08976359288260517,0.006212432243197975
1,329,Residue Management (No-Till),2557,,,,,,,False,628.1702473212993,228.1086394526056,13.32966439405384,6.24416761891873,1.3308744599594013
1,340,Cover Crop,2340,,,,,,,False,976.5444412909287,242.17116157065914,80.89331671914952,4.564537804563285,0.6260835741780794
1,329,Residue Management (No-Till),1466,,,,,,,False,393.4150743294914,349.8669283183931,32.18204374680633,46.948157037057776,7.837864466781106
1,590,Nutrient Management,2278,,,,,,,False,761.090126666433,835.8409206957568,306.9953000537164,33.21504996481148,12.33095285892524
1,590,Nutrient Management,2289,,,,,,,False,1300.1292175987035,599.36404828622,201.39503860866455,5.578161060933684,1.434684629310845
1,340,Cover Crop,2408,,,,,,,True,2698.7158550007944,42.1898803807729,4.384136437596426,4.298492828177022,0.15276260994899
1,340,Cover Crop,156,,,,,,,False,479.8959595349662,50.5366078547816,19.2380315150705,1.8939991510965009,0.331925154099414
1,590,Nutrient Management,177,,,,,,,False,2209.514753672126,1006.9354957069297,379.6202166454843,111.49784880518905,31.265612795674265
1,590,Nutrient Management,921,,,,,,,True,654.9738101048627,1949.7098509279476,151.6554858306501,10.920755099094926,0.8614218842950302
1,590,Nutrient Management,2485,,,,,,,False,5163.193844236884,1024.455916807346,290.03792509040204,21.377459860522322,4.252171698532286
1,590,Nutrient Management,1202,,,,,,,False,8.206860351528329,1.7786782987122098,0.5198774048670595,0.25014589843788543,0.057932546233863985
1,590,Nutrient Management,566,,,,,,,False,2151.623973595402,398.4096415773402,118.23228835992762,23.656984610999054,4.806888441250384
1,590,Nutrient Management,895,,,,,,,True,1686.0549598994528,577.8536013495116,56.552562958869075,2.0322662922888055,0.15121673111159195
1,340,Cover Crop,846,,,,,,,False,790.6876628930765,195.74526436082232,83.17261624469258,8.26310193652723,1.1145066723083514
1,329,Residue Management (No-Till),578,,,,,,,False,375.86997364948564,135.07844275333986,14.01751652104942,25.82849941278624,3.3892786060891824
1,590,Nutrient Management,2071,,,,,,,False,423.8498565954097,114.32559434607045,34.652289125527986,13.408830078921824,3.691919654635436
1,340,Cover Crop,2441,,,,,,,False,2484.341800973352,718.3186859672815,344.3362721711162,15.795944954981588,2.939597949266508
1,590,Nutrient Management,462,,,,,,,True,721.7364801380038,257.838325511943,24.558119119474746,5.938041039504806,0.47439605687525443
1,590,Nutrient Management,144,,,,,,,False,3201.7819526411263,631.6674980301922,246.36770243027775,139.42133301674392,40.88512854712009
1,590,Nutrient Management,1743,,,,,,,False,291.6691429329974,161.3829284770253,50.18121292509455,5.830743049573278,1.6797734539086857
1,329,Residue Management (No-Till),1524,,,,,,,False,1492.3145933716632,69.89452989534098,7.47199921590776,4.70170132172534,1.1380524998632364
1,329,Residue Management (No-Till),491,,,,,,,False,1109.137108996141,285.75595818604705,17.891423765585476,18.742833534832084,3.6521118197005595
1,329,Residue Management (No-Till),821,,,,,,,False,671.5985147715477,1274.335073983123,99.03538258539488,3.1331281101305337,0.5290834951172887
1,329,Residue Management (No-Till),2638,,,,,,,True,177.79354723096736,172.37145409715254,4.380269036080177,3.077969766409605,0.14698006733027344
1,329,Residue Management (No-Till),2289,,,,,,,False,684.1047323300705,397.9690096775555,31.006507257428,4.143476431622838,0.6511954612667131
1,329,Residue Management (No-Till),2670,,,,,,,False,561.4851141198063,261.1708830646076,25.96612778125082,14.797718962364586,2.5404947239779796
1,590,Nutrient Management,1310,,,,,,,False,977.4023951992932,220.65503229953325,98.6009047090088,20.974804531887116,4.341793502955553
1,590,Nutrient Management,1223,,,,,,,False,8297.816410294585,4988.154199593849,1633.812299205704,42.82943840696583,10.726480693026154
1,329,Residue Management (No-Till),73,,,,,,,False,1521.554269692023,323.43922388707483,13.022211359337197,9.309460613153478,2.1453321668889114
1,340,Cover Crop,1038,,,,,,,True,2739.619818590133,663.6081689962328,54.23497670398564,10.877640946037369,0.5654019725002372
1,340,Cover Crop,1960,,,,,,,False,2166.4316680688185,732.0708603652249,286.538381493306,0.9035543760959515,0.16696190818479884
1,340,Cover Crop,199,,,,,,,True,776.4113436941911,58.84810340555522,6.292873134769447,17.45224016462541,1.0275513644409104
1,590,Nutrient Management,1238,,,,,,,False,1578.116489632425,1259.708717065325,438.65527526526046,36.271160694927886,11.793609235956838
1,340,Cover Crop,1098,,,,,,,False,589.4009713019866,55.427727343820884,17.85628809694703,28.21237528316168,5.656719008637022
1,340,Cover Crop,2588,,,,,,,False,1384.3561262321614,189.46462208290345,65.57422309080988,7.258709076077857,0.9709904064698954
1,329,Residue Management (No-Till),897,,,,,,,True,473.14974748195283,288.27946566404404,6.0972971066176,5.923168933435948,0.2542957900842191
1,329,Residue Management (No-Till),1373,,,,,,,False,179.25972822226677,28.997843557972715,2.435567039768508,18.032393232052577,3.647606586971624
1,340,Cover Crop,1926,,,,,,,False,741.6289393471491,171.4195510502683,60.768470782512914,5.481425719328194,0.8225853838348552
1,329,Residue Management (No-Till),2648,,,,,,,False,1010.8430544950071,628.2245940556597,59.78440580207636,78.10130298771152,17.12477017950004
1,340,Cover Crop,1788,,,,,,,True,530.0272730070293,165.12083580057177,17.85604665310767,5.19299896165306,0.2332522575308226
1,329,Residue Management (No-Till),862,,,,,,,False,576.0136454705921,732.0550573228609,49.835973220773326,9.870717516824056,1.6977349400609025
1,329,Residue Management (No-Till),320,,,,,,,True,76.58137717523759,47.4329793106277,0.9709746900122057,7.664784943508191,0.23970293339698875
1,329,Residue Management (No-Till),302,,,,,,,True,505.62017811876785,456.78817284490157,8.269777031979181,66.32413856347164,2.8766917345391727
1,590,Nutrient Management,183,,,,,,,False,891.7522439392517,957.197346525678,329.7942482512006,13.181606880474481,4.08227782245706
1,340,Cover Crop,144,,,,,,,False,5510.346446826715,385.29979559991443,125.11608167219026,98.53620446962384,15.081873020914928
1,329,Residue Management (No-Till),363,,,,,,,False,572.4224733500452,141.7478149016682,13.595990091723712,136.05650482821244,25.036123349301064
1,329,Residue Management (No-Till),360,,,,,,,False,420.7015086971919,1583.4594487900415,149.01895811588875,8.716414543518447,2.109619687583314
1,340,Cover Crop,901,,,,,,,True,1350.2338917900386,330.9409908867014,25.393024128002654,10.813071165844487,0.48195778595688976
1,329,Residue Management (No-Till),1758,,,,,,,False,553.3901284888573,334.7492472350371,22.859408320414015,135.77531908163579,18.745327472397967
1,590,Nutrient Management,2444,,,,,,,False,1056.767363583089,370.43373363751897,132.86846400230618,22.283833854269925,5.726850730696057
1,329,Residue Management (No-Till),130,,,,,,,False,391.45246078901084,1046.0725217968522,107.9329331573249,19.567252288932277,3.589510459656945
1,329,Residue Management (No-Till),2227,,,,,,,False,693.3418978863489,578.4233512215442,56.181299309095635,43.74425465391755,7.8190976185375325
1,590,Nutrient Management,824,,,,,,,False,1059.2995098793942,330.0601020977983,103.91434897430688,40.80094719159641,9.705088403038872
1,329,Residue Management (No-Till),487,,,,,,,False,697.2944737188591,47.847613688438734,5.46790648977557,18.87719612165438,3.527632948922484
1,590,Nutrient Management,1702,,,,,,,False,481.281832072859,1407.047030350759,571.968162220779,60.95357175523797,16.746879125286185
1,329,Residue Management (No-Till),1147,,,,,,,False,186.57532642847625,200.61643073786777,12.605755002828797,16.054274246216423,3.183034549994846
1,329,Residue Management (No-Till),1097,,,,,,,False,303.45652482529306,1007.3355141709808,82.61444077372445,8.577046157875982,1.5524215682460278
1,329,Residue Management (No-Till),1232,,,,,,,True,505.1333611824283,507.48822244768286,11.073696645951577,61.26023166498072,1.7742375386541827
1,340,Cover Crop,2429,,,,,,,False,1133.1633709655175,131.10012053433954,46.36080141495786,31.318832529552996,3.8509996011352445
1,329,Residue Management (No-Till),1382,,,,,,,False,698.3030863088221,1224.440577625572,94.67173844325971,28.716899744616565,6.3891384845334755
1,340,Cover Crop,1962,,,,,,,False,959.2910198401279,441.65020184223704,147.0425436756035,8.94953370327652,1.7381218922494512
1,329,Residue Management (No-Till),1523,,,,,,,False,259.6290426884329,233.0920286864037,14.660940017171868,28.017869582120788,6.045209634200757
1,340,Cover Crop,2034,,,,,,,False,1347.946221611459,184.01051814274055,73.36082174985386,116.81314195381209,17.813379596405717
1,329,Residue Management (No-Till),397,,,,,,,False,346.61991865831146,367.5645884022129,45.512508628251084,20.289442248133255,4.385707136624953
1,329,Residue Management (No-Till),2406,,,,,,,False,339.99893204103387,96.68095805226702,9.275635348484473,34.67337271051665,6.570149109419384
1,329,Residue Management (No-Till),828,,,,,,,False,9658.055544986222,1722.379394473891,124.0042337730431,15.295850160710971,2.845308940037923
1,329,Residue Management (No-Till),2106,,,,,,,False,205.3681542329223,221.35039180934666,21.630157813626163,3.5257490695564484,0.7155056491799743
1,590,Nutrient Management,912,,,,,,,False,712.8553635449022,261.46535291511174,67.1961544924499,4.6787540858037,1.4751851131602303
1,340,Cover Crop,1598,,,,,,,True,4354.173207118592,781.2748206768066,73.76878736328743,103.93012666921928,5.9350268484176425
1,329,Residue Management (No-Till),2137,,,,,,,False,686.0885741271575,336.40229977031527,17.80289570297941,4.8787537440121165,0.7893117662368473
1,340,Cover Crop,2043,,,,,,,False,1112.1102046161063,53.625554922089094,23.474844216989258,133.26804944614463,30.166694193533772
1,329,Residue Management (No-Till),2015,,,,,,,True,3432.8458264401456,1463.6433739991228,28.913119541658368,262.25861572227103,14.505823891967093
1,590,Nutrient Management,353,,,,,,,False,1484.6695168565461,491.0393376050551,153.91456233506207,481.5958953688011,125.94113286733689
1,329,Residue Management (No-Till),1079,,,,,,,False,294.5145547890308,290.9375018855608,37.331781675631746,33.54600283599397,6.141878679907838
1,329,Residue Management (No-Till),1904,,,,,,,False,96.29853955659782,19.218558143626243,1.0777810304256767,1.8717031237788595,0.27386891793774404
1,340,Cover Crop,1754,,,,,,,False,4366.535592096626,1034.6794976948006,384.0982138889701,17.505093390801324,2.7737621890309954
1,590,Nutrient Management,1949,,,,,,,False,2341.7216161998012,243.56933849195013,55.290307314949224,147.83138462027787,31.319261967515672
1,329,Residue Management (No-Till),1388,,,,,,,False,370.35648654231403,959.1853601204505,112.37834779459331,14.491507308140266,3.152305433318096
1,329,Residue Management (No-Till),641,,,,,,,True,797.8963308035809,767.5481116768373,13.855365022868856,79.27647264143496,4.223596688909865
1,329,Residue Management (No-Till),621,,,,,,,False,470.6277908430014,509.3521217033632,39.3288488661363,3.9784131573428088,0.6419141098139437
1,590,Nutrient Management,769,,,,,,,False,624.9246049435319,603.9812590316193,220.40020846187235,150.24800984624088,32.7235421019417
1,329,Residue Management (No-Till),2316,,,,,,,False,164.05414028683853,121.94717067781026,14.852684334685325,2.2878893780440306,0.3793801505318314
1,340,Cover Crop,1310,,,,,,,False,1416.4785182032645,122.05412759052446,36.05183732306601,16.633011028931566,2.002538261200779
1,590,Nutrient Management,1098,,,,,,,False,369.91846929451685,37.57143924687386,13.009601865811433,22.555656274524658,6.747119263232143
1,340,Cover Crop,2123,,,,,,,True,3872.1163407936683,915.3402460584892,68.04522734049269,37.30401067941126,2.3226124228768974
1,329,Residue Management (No-Till),2248,,,,,,,False,635.3389504059979,209.58788784881298,19.075624343651196,23.285419348371104,4.0433618783950305
1,329,Residue Management (No-Till),934,,,,,,,False,2408.866511958431,1201.9645748425678,110.50170734677414,95.96109779259098,21.72091011631842
1,329,Residue Management (No-Till),2075,,,,,,,False,326.4894724904826,255.22133181605415,12.654366987015393,13.841067211549193,2.3648422899279686
1,329,Residue Management (No-Till),2572,,,,,,,True,464.4745093480363,190.85518517720132,4.064478175995575,13.067505823092384,0.44456700689534123
1,329,Residue Management (No-Till),2524,,,,,,,False,125.1896492036862,175.51617427206574,16.343407982730703,5.6508122531595335,0.7716507403925783
1,590,Nutrient Management,2229,,,,,,,False,2691.6046352451335,674.6138546971229,208.48310847213318,10.596853173182058,2.186195843209021
1,590,Nutrient Management,2657,,,,,,,False,649.3785580330741,194.78663066763582,76.19162058259414,4.006771518824338,0.9547538995843395
1,329,Residue Management (No-Till),1814,,,,,,,False,907.2555184763083,80.38328097141763,7.310186602461834,18.869211068195177,3.3675154763144444
1,590,Nutrient Management,211,,,,,,,False,2155.517780655696,1135.5727236680016,440.74822857416336,93.39967810128822,25.198881998152988
1,590,Nutrient Management,2149,,,,,,,False,1892.3337655732748,899.9698776205364,244.1660455415665,62.63457538634449,17.870920368557808
1,329,Residue Management (No-Till),2008,,,,,,,False,1283.5256633607669,1262.522459228762,82.4842515526422,483.43404884133867,96.29492596677366
1,590,Nutrient Management,275,,,,,,,False,2462.0874796044886,1065.951833958312,360.15794204591117,16.32550392852739,5.603340223576809
1,329,Residue Management (No-Till),812,,,,,,,False,250.49653665557938,540.563612499998,38.574710326811996,0.7317469169468985,0.09463293079126887
1,329,Residue Management (No-Till),974,,,,,,,True,2842.578830552536,962.690684330379,26.02596601074869,462.7562429058209,23.858794742283735
1,340,Cover Crop,308,,,,,,,False,6657.747677720111,4807.825776966865,1294.2804699045678,46.77576472054331,11.751470895220375
1,329,Residue Management (No-Till),1806,,,,,,,True,1624.863505365396,1400.8168963616693,34.27934267441008,434.5165239041549,21.047129910157654
1,590,Nutrient Management,1909,,,,,,,False,686.770688450986,139.1845386018575,55.801398479457035,16.350866678625167,4.118491008938241
1,340,Cover Crop,915,,,,,,,False,4034.397304098966,993.5108428871586,343.36197969389957,13.277191284227948,3.150608339053669
1,340,Cover Crop,1883,,,,,,,False,3761.1825028984995,1964.9102006241258,685.0339026387844,61.98410810166767,15.414699656505075
1,329,Residue Management (No-Till),2281,,,,,,,True,2152.558083880504,9779.2630790061,279.2753487474011,70.20747551453373,2.5967152396537854
1,590,Nutrient Management,1196,,,,,,,False,1898.3434057408413,614.4061302338333,253.19457674185003,17.231470714294264,4.204242894139243
1,329,Residue Management (No-Till),1182,,,,,,,True,1339.3125997102725,1088.0276257025994,22.223718584559368,304.0768750044931,15.8281103175648
1,329,Residue Management (No-Till),33,,,,,,,False,195.69679237879484,108.19358161291882,13.289446562471072,9.377511523009177,1.9691618950562226
1,329,Residue Management (No-Till),988,,,,,,,False,547.2197169464696,250.73287614484667,18.782481742417517,60.12267179765555,7.236916327539677
1,329,Residue Management (No-Till),1518,,,,,,,False,358.9392182407546,220.33832929347366,19.219832816511033,9.370137328753188,1.5288400160720752
1,329,Residue Management (No-Till),1529,,,,,,,False,733.3913563943377,270.3389638156912,15.781438810750137,82.29752491303907,15.801352398797388
1,329,Residue Management (No-Till),77,,,,,,,False,192.78739429262973,315.72618930829105,32.58395682779872,2.361059281732828,0.46583074612597575
1,340,Cover Crop,421,,,,,,,False,7272.188027630636,342.605210220779,117.30655425868184,69.18797824956131,16.506810421450695
1,329,Residue Management (No-Till),1780,,,,,,,False,360.5780464394372,367.1877867088939,37.83540275308896,12.771039211848448,2.0623680963166233
1,590,Nutrient Management,194,,,,,,,False,891.9432351472572,1892.3746073625248,633.4432668410977,3.59962524106466,1.0125897645018835
1,590,Nutrient Management,699,,,,,,,False,9288.936722179982,1891.2662307465982,598.5003537510994,151.50556524757215,40.727995072287484
1,340,Cover Crop,827,,,,,,,True,1315.4911426301803,214.40817565104388,11.885977036172337,34.24574194489547,2.018885389348741
1,329,Residue Management (No-Till),1921,,,,,,,False,994.7312966866087,1030.5102589068738,98.0581824673885,2.90871037499137,0.4406374654925756
1,590,Nutrient Management,525,,,,,,,False,1292.690679574899,5665.215205589221,1927.721742335001,58.51436988384678,11.38206393140528
1,590,Nutrient Management,1062,,,,,,,False,2169.4791710692184,899.3139842871423,285.21260966187737,93.38528347270284,28.935338214001103
1,590,Nutrient Management,187,,,,,,,True,2377.446838180137,2579.5241800986105,224.20617360640344,123.57641349378517,10.010524391261523
1,340,Cover Crop,2401,,,,,,,False,3159.1868455853573,2715.958238001517,1333.7385985008546,11.531097615391092,1.1319546945280727
1,329,Residue Management (No-Till),1653,,,,,,,True,125.90384529112076,182.32686074564154,3.8687099304717942,0.5195261589713039,0.021349345353166915
1,329,Residue Management (No-Till),2334,,,,,,,True,699.9384352020106,562.6825788447329,15.595084063050267,78.30012651177802,4.234704810219725
1,340,Cover Crop,233,,,,,,,True,862.0236196437993,52.16898464551505,5.585841399193573,14.491380764442363,0.8651910671891757
1,590,Nutrient Management,2441,,,,,,,True,1131.7868116754817,373.9824137961653,32.427196723155184,12.85634700571508,0.8491722017652145
1,329,Residue Management (No-Till),150,,,,,,,False,3426.208067367573,1214.0934698483675,85.15321642626917,1329.8348704400173,297.63681938056857
1,329,Residue Management (No-Till),2326,,,,,,,False,1663.3644887565952,1160.947692031449,72.17676516103168,107.14068481429551,17.077218183017244
1,329,Residue Management (No-Till),2063,,,,,,,False,128.3863435904154,123.835605144017,7.313105246916957,8.861120919762874,1.6138050969395632
1,340,Cover Crop,492,,,,,,,False,1915.4939237321605,1258.024014647813,537.2013253293962,6.853391683241914,1.1119678276210563
1,329,Residue Management (No-Till),1009,,,,,,,False,121.91793519294012,128.21466893203552,11.893567989502856,0.04420559387766787,0.007747194853491492
1,329,Residue Management (No-Till),508,,,,,,,False,597.3007854955636,312.6807997682396,25.036482617336887,1.350850260874324,0.245612494092587
1,590,Nutrient Management,394,,,,,,,False,1627.2472754846658,1028.4590303508753,357.8804052568279,9.42945750846326,1.6904939904045688
1,329,Residue Management (No-Till),726,,,,,,,False,2140.3611850595976,1015.0815482428784,129.54723103461313,45.82110379212472,11.083714242807956
1,340,Cover Crop,189,,,,,,,False,145.98866671843766,8.724155036640651,3.711960827137543,13.264677149497984,3.6140060273023016
1,340,Cover Crop,2185,,,,,,,True,1435.8044640704804,354.86516652712123,33.74785568442527,226.89268060709384,15.70695393006346
1,590,Nutrient Management,1471,,,,,,,False,374.8922713262239,93.8376758655622,37.26803824609181,24.5705250726153,8.46791042957812
1,590,Nutrient Management,2254,,,,,,,False,4471.546701069067,1369.7034999956982,515.9403763506988,13.00270018436346,2.6107445531859232
1,329,Residue Management (No-Till),1713,,,,,,,True,625.4782430096806,720.1261117921595,14.024341718664449,18.53574110489188,1.0905760842052803
1,590,Nutrient Management,1253,,,,,,,True,387.1684212270485,122.74432528741796,12.760631696879127,2.022113564908409,0.1375895000893201
1,329,Residue Management (No-Till),1969,,,,,,,True,824.2297000190366,858.5479739659997,13.853638483969108,76.59017998933223,3.179015683477602
1,329,Residue Management (No-Till),1247,,,,,,,True,840.1704474686192,676.5208947724916,14.652654769262638,37.4044408278238,1.8025424225397384
1,329,Residue Management (No-Till),797,,,,,,,False,1062.4353160566127,450.76030342324225,38.98970316004077,132.40985350339292,24.81952540132341
1,590,Nutrient Management,1326,,,,,,,False,815.5411837776704,982.274717821677,328.36866833783995,10.959620793111663,3.205159462708948
1,340,Cover Crop,2297,,,,,,,False,2496.8325070594674,511.80924210407534,205.11276230654013,52.20005634794966,9.697086821056253
1,590,Nutrient Management,2556,,,,,,,False,2175.234303475437,198.60872107731598,59.20600407691248,278.4094794980373,90.70938280531084
1,329,Residue Management (No-Till),2656,,,,,,,False,1220.7416595599263,825.6609649997222,66.0491906885279,392.5611277692183,70.40444675674756
1,590,Nutrient Management,1811,,,,,,,False,1189.8281144405523,242.61308016073468,72.82275786413246,52.84588299348395,18.396931843275198
1,329,Residue Management (No-Till),55,,,,,,,False,23.74615713659168,33.99926092022689,2.373888487237076,0.3566497221311532,0.07259923772777126
1,340,Cover Crop,2367,,,,,,,False,1015.6669496826318,1393.0002392012132,475.9441206646204,12.113828752899854,1.755026440569689
1,590,Nutrient Management,610,,,,,,,True,484.0019599014601,735.067946665204,62.78799440987461,6.860061496664594,0.39359322286015525
1,590,Nutrient Management,420,,,,,,,False,1729.4781827162108,2608.643128491885,1003.2333656146376,21.06015402703085,5.834944820524983
1,340,Cover Crop,2574,,,,,,,True,1332.3883181765286,89.59951236352639,8.755474041953642,14.75808140658347,0.3784996130483194
1,329,Residue Management (No-Till),901,,,,,,,False,460.8691849725328,305.54796675869875,30.98927286914293,10.331113379887599,1.7567145729786127
1,329,Residue Management (No-Till),2146,,,,,,,False,736.4139351683837,691.7257187826503,67.86808482998644,3.236917823418297,0.4117986501039273
1,329,Residue Management (No-Till),879,,,,,,,False,755.8832333900294,559.591475303754,73.45130885606874,19.68307973037978,4.289091582373403
1,329,Residue Management (No-Till),693,,,,,,,False,13.21497459865654,18.55421271495223,2.025323460611847,0.4024145903063185,0.05945282297824489
1,590,Nutrient Management,2210,,,,,,,True,3650.1712884442118,5113.5101226727975,435.0522190011411,41.53423080749011,2.565679100853897
1,329,Residue Management (No-Till),1702,,,,,,,True,445.31038815219307,835.0788681299799,18.664096467806562,44.20669262995178,2.158155410719634
1,329,Residue Management (No-Till),2521,,,,,,,False,339.00773807388157,305.11346981127366,28.25671022579802,26.70895979167321,5.929218285093269
1,329,Residue Management (No-Till),1886,,,,,,,True,372.2748492466637,1286.083735543611,23.544480637701966,44.33282831254871,1.81957705639743
1,329,Residue Management (No-Till),2279,,,,,,,False,1149.359850663631,3265.899600342923,214.1578873323194,29.454402788628947,5.028584462540231
1,329,Residue Management (No-Till),1318,,,,,,,True,5405.63610737777,1673.149816813555,57.992745289209964,51.9007285807546,2.5541297253444637
1,329,Residue Management (No-Till),304,,,,,,,False,987.2307228915731,30.955880677225274,2.6805201723255614,131.62723562468366,25.443521792904257
1,340,Cover Crop,1730,,,,,,,True,3208.8704496854034,455.9580411678539,42.564133057232,44.64502490151312,3.144141446376706
1,590,Nutrient Management,262,,,,,,,True,1743.4490109864316,1798.468117260221,169.63961671642147,8.29536348098772,0.5968251094114426
1,590,Nutrient Management,597,,,,,,,False,403.2450113138295,575.321964793626,194.93252378524699,0.9992697022316964,0.258498943020067
1,329,Residue Management (No-Till),2189,,,,,,,False,997.8993359058595,999.8818942471856,50.6718307004817,17.974411641070823,3.5693923088087867
1,329,Residue Management (No-Till),394,,,,,,,False,1479.9951576572064,670.5786250940474,75.00828590038553,7.738963518058693,1.38675186494936
1,329,Residue Management (No-Till),798,,,,,,,False,1008.6275424719903,654.3223914154893,61.44376945818957,3.0350585222752886,0.5663728389270468
1,340,Cover Crop,1491,,,,,,,True,1462.4639577184726,239.2955303065179,24.059935026372482,42.325948526862234,2.3448409353966846
1,590,Nutrient Management,764,,,,,,,False,122.98620336977623,47.445291020346275,16.07105619526666,3.0823174626880356,0.8827555377691492
1,329,Residue Management (No-Till),2010,,,,,,,False,676.4702080785329,511.2644120263639,32.59520460705781,16.251907991941078,2.7795892419214607
1,329,Residue Management (No-Till),1260,,,,,,,False,633.1521438301073,282.4271257722791,30.156619239962588,13.340151128167033,2.2950796786805427
1,329,Residue Management (No-Till),2147,,,,,,,False,236.76713938657838,31.251259434378127,2.499794914878452,128.57698717276477,20.241908428481658
1,590,Nutrient Management,810,,,,,,,False,1647.7401624966574,298.9407633875634,105.86200006657103,69.72357967524802,22.16061326878463
1,329,Residue Management (No-Till),1891,,,,,,,False,567.2182121748667,234.14186624927885,20.037758812410246,1.848844166481652,0.3293047509344736
1,340,Cover Crop,275,,,,,,,True,4192.334591644115,705.7938919124007,59.693808317252206,10.72216370495058,0.4937345348454645
1,590,Nutrient Management,156,,,,,,,False,281.5132269549943,31.298576339711104,11.543476698642943,1.562073996997087,0.41358225296693274
1,329,Residue Management (No-Till),1225,,,,,,,False,1083.5878075774344,289.6018329265244,24.50225552616333,20.572821980189595,4.177544105756601
1,340,Cover Crop,1660,,,,,,,False,1447.8403563238185,682.527264918276,222.49495455840423,3.9800146007049926,0.7334835986492857
1,340,Cover Crop,2559,,,,,,,False,2797.0941631569517,472.172707140713,134.77315790601182,84.82517025804798,10.539146576441883
1,329,Residue Management (No-Till),252,,,,,,,True,140.4488676585515,145.9082454158651,2.547853367580552,3.853447826824081,0.1417752659534307
1,590,Nutrient Management,2209,,,,,,,False,5123.613050537145,1746.2507354030158,768.7129329212037,209.57260940931386,54.78624021645923
1,590,Nutrient Management,2630,,,,,,,True,849.9910890243417,715.9210742527381,59.09455885094584,43.39866713836944,2.6374785323768624
1,329,Residue Management (No-Till),770,,,,,,,True,93.08068864307542,4.669419923823162,0.11032685798534773,2.5472651698008844,0.11775455672140038
1,329,Residue Management (No-Till),1115,,,,,,,False,73.3533812689037,7.450965799758031,0.6723972800232133,3.50626514759406,0.579486368141992
1,340,Cover Crop,2581,,,,,,,False,534.675629582451,78.99463439826494,32.46909616327118,3.23740946457671,0.5337373749198914
1,340,Cover Crop,2610,,,,,,,False,77.27760124981448,25.872739664387343,11.661545565234341,0.11876208478901162,0.030672977223953006
1,329,Residue Management (No-Till),1993,,,,,,,True,1262.3977379468986,1290.5272589144731,16.856235749421344,67.50233702927949,2.127946396856929
1,340,Cover Crop,76,,,,,,,False,774.0171723387693,166.68561589872843,61.20723418168521,4.747289854163326,0.6878521415023078
1,329,Residue Management (No-Till),1126,,,,,,,True,60.421893942937466,22.26920806290377,0.5161725067557628,1.42076075782568,0.06938691670952757
1,340,Cover Crop,394,,,,,,,False,3263.2164175624102,595.570339193662,263.7229040410016,6.3522116531093324,0.8265285247034921
1,590,Nutrient Management,2165,,,,,,,True,722.704861698519,348.8090622665285,24.01921008995958,126.8061577745786,8.896676841509189
1,590,Nutrient Management,1794,,,,,,,False,1447.9415840986828,218.18591621339837,74.79047521885985,47.88872894300155,11.367591686877724
1,590,Nutrient Management,363,,,,,,,False,1182.4171275258955,128.1518248099445,38.82571356293848,111.02038147891135,33.47415701535703
1,340,Cover Crop,828,,,,,,,False,18724.299310964063,1598.3751607008478,526.0665607809837,12.450541220673049,3.04741508003576
1,329,Residue Management (No-Till),2588,,,,,,,False,278.3925593360686,123.89039899209355,9.833482337765982,6.287718669607962,1.0522856234966131
1,329,Residue Management (No-Till),1890,,,,,,,True,865.2348651019246,278.79351019456277,10.093449129074152,106.72825127137561,5.304190728164957
1,329,Residue Management (No-Till),1585,,,,,,,False,632.7426795718317,926.4686761777613,56.14983614017198,5.410253763323172,1.021565741211093
1,340,Cover Crop,595,,,,,,,True,1283.9299695278744,275.82042820457946,24.645835016605947,5.867663815618713,0.3459504474455905
1,329,Residue Management (No-Till),385,,,,,,,True,1269.3607845571464,925.7868735142838,14.854121166433131,179.3720308163039,8.502945565891238
1,340,Cover Crop,1890,,,,,,,False,3423.2381132308665,268.7000610654886,80.9633787758383,101.42406054321066,14.962035833959792
1,340,Cover Crop,1247,,,,,,,False,1785.7017400330217,661.868240003229,298.6941364425946,35.60189840528406,5.1380263017233485
1,329,Residue Management (No-Till),942,,,,,,,False,530.686561397176,238.97499131456058,10.954744399812315,42.406178871706786,5.27530784283825
1,340,Cover Crop,2396,,,,,,,False,94.61311512219943,4.04440159509071,1.1100442041373975,1.0425625133341434,0.17856984574700976
1,590,Nutrient Management,1684,,,,,,,False,895.9332245425275,523.0025481154523,142.21235423152905,53.96416288554842,15.870992531855663
1,329,Residue Management (No-Till),106,,,,,,,False,3.857828109244706,7.891851605374606,0.21383735620049396,0.031616290531123165,0.004931413069320951
1,590,Nutrient Management,562,,,,,,,False,735.3401411944833,1253.0060072509666,370.2239913650922,13.61630364611495,2.327097008834134
1,329,Residue Management (No-Till),317,,,,,,,False,508.3547480398059,286.1866910406386,36.437618646297054,152.0967399158849,25.209924233710108
1,329,Residue Management (No-Till),472,,,,,,,True,270.6787044531527,13.75604312301755,0.2908716056054263,68.85019345724734,2.8487817861796048
1,590,Nutrient Management,1007,,,,,,,False,1788.77280361735,338.15949230974866,94.79149667899247,10.32922092115797,3.313921656913859
1,329,Residue Management (No-Till),301,,,,,,,True,2813.29324033677,888.0035975836206,24.095523201508616,29.883680745562643,1.0488242469921507
1,590,Nutrient Management,1010,,,,,,,False,1339.0905208466788,208.97573658480331,93.2143630658163,35.513199656157084,11.17837701771455
1,590,Nutrient Management,2301,,,,,,,True,1158.9929474822975,1452.939783082135,141.7632507221126,84.00729096113747,5.6878823821349345
1,340,Cover Crop,2083,,,,,,,True,1727.3584721833224,270.4517318277254,29.157659962556014,16.72510658817178,0.7705157906867526
1,329,Residue Management (No-Till),1958,,,,,,,False,1059.7651104522247,775.6922732830502,68.36446872003886,9.324024126435624,1.1623287276025616
1,340,Cover Crop,107,,,,,,,True,419.98065262291703,175.74325744305736,15.562979246048991,4.544276333934925,0.14749682225046448
1,590,Nutrient Management,2561,,,,,,,False,566.2548575483984,101.28625490282855,31.1057289708282,16.103681981233194,3.799663906116346
1,340,Cover Crop,871,,,,,,,True,2672.486379737835,220.27267935934307,21.39266542196879,15.93766238898745,0.6001423614295613
1,590,Nutrient Management,1952,,,,,,,False,356.762314574805,126.54388652990578,44.6963186493121,3.4170032171497122,0.7995545529116528
1,340,Cover Crop,33,,,,,,,False,849.7884150963755,94.90413505044775,37.86144145420952,7.408349627952955,2.1787134852816012
1,329,Residue Management (No-Till),1936,,,,,,,False,827.8568289848808,333.04352943999857,32.712282661885865,65.64658177520087,12.93572948601294
1,329,Residue Management (No-Till),1273,,,,,,,False,427.13034627385474,602.9429002014326,63.5916950903512,23.45399241389554,5.368961798361942
1,329,Residue Management (No-Till),2317,,,,,,,False,196.3030730590187,309.41922096950435,27.70400824777452,0.36613099258264,0.06258511933439354
1,340,Cover Crop,1918,,,,,,,False,1276.672000113916,209.98526474073302,83.2210104431018,76.75546691114026,16.34017001904669
1,329,Residue Management (No-Till),260,,,,,,,False,243.71787668145737,148.82163866209135,15.269633414852244,6.4751066918106845,1.0237913596822312
1,329,Residue Management (No-Till),371,,,,,,,False,770.7093588337002,327.6853166207474,31.97115133186276,9.099990263153144,1.637460809303841
1,590,Nutrient Management,2026,,,,,,,False,1855.19548234816,2126.577287096826,572.8237154179711,8.877937997851518,2.3273652255344444
1,340,Cover Crop,1142,,,,,,,False,1106.4866481118356,73.65524596099658,32.859071257455405,2.2752196040441928,0.19851210974379097
1,329,Residue Management (No-Till),665,,,,,,,True,151.08690371905018,312.4567896835175,7.152500912561122,0.8095895800818741,0.0328340157212567
1,340,Cover Crop,221,,,,,,,True,2229.448677966284,1511.0369705109638,113.34436592447935,216.40104193379904,11.753769828900456
1,340,Cover Crop,1010,,,,,,,False,2245.1338489332534,115.76137351898701,53.40513285155835,24.334822638442535,4.798263236688666
1,590,Nutrient Management,2427,,,,,,,True,605.9522639239678,790.609862064542,72.83471652290208,1.997143464419499,0.11534073849496161
1,340,Cover Crop,655,,,,,,,False,1438.8577881513213,301.5607130115325,137.5325898679832,0.3505000921817745,0.06239116918778555
1,590,Nutrient Management,1377,,,,,,,False,1061.4971952775836,108.2805637601463,38.12993417430044,24.37735825013927,4.399272971981011
1,329,Residue Management (No-Till),931,,,,,,,False,1293.8372574663233,692.5743380498483,41.73001875511569,212.55064275274808,41.31697827555372
1,340,Cover Crop,2136,,,,,,,True,372.6980385794287,60.219344428684074,6.77782137442782,1.1624835412437928,0.049445103293846396
1,329,Residue Management (No-Till),1564,,,,,,,False,400.1089004298119,140.07317661458848,10.699022889496081,5.074220661733014,0.7778517972561584
1,340,Cover Crop,1178,,,,,,,False,5366.939377102813,773.529172919006,277.10993337725256,32.08317858618264,7.879741977804095
1,590,Nutrient Management,417,,,,,,,False,2202.1423209263644,695.6034426184011,256.6140131658082,72.72771932517549,18.61495905510902
1,340,Cover Crop,2164,,,,,,,False,3153.2250400482453,435.72798537525625,165.61170064454012,178.0708726115318,31.24967091512377
1,329,Residue Management (No-Till),2434,,,,,,,False,579.2583841879185,1211.552513654647,101.40837080292368,3.7786762891312655,0.7680192202108211
1,340,Cover Crop,85,,,,,,,False,2952.037738069139,628.2056906417594,256.86239660921,10.802330697259231,1.6391187513928323
1,329,Residue Management (No-Till),1150,,,,,,,False,444.4609154402146,1113.5049008070764,104.08871175155261,0.6351044671383317,0.15637777938667796
1,329,Residue Management (No-Till),2037,,,,,,,False,499.2640288934548,585.385491283997,48.95678321615732,133.02095159112315,19.153005758366792
1,590,Nutrient Management,320,,,,,,,False,178.6044567679996,46.462004620615495,17.71843213398156,7.425082010111201,2.225372916666562
1,329,Residue Management (No-Till),2550,,,,,,,False,1155.7024547812093,274.53086556918265,19.450651437872725,40.05054022453423,9.55131236906958
1,329,Residue Management (No-Till),2019,,,,,,,False,1313.656925306236,526.9829101968689,36.321797020743546,24.567886620695862,5.661496849890423
1,329,Residue Management (No-Till),1266,,,,,,,False,480.26539184220707,255.19942316291522,21.80239721637528,2.709818552216244,0.4640195843048217
1,329,Residue Management (No-Till),748,,,,,,,False,865.7087009415293,2062.476515691359,179.24380438138573,5.705127746391845,0.9960466379331733
1,329,Residue Management (No-Till),1358,,,,,,,False,520.1591079199368,27.425569740593602,2.6867176087856293,1.319082786579738,0.1927483818186645
1,329,Residue Management (No-Till),1906,,,,,,,False,440.79170059241073,449.06691992472133,56.39068958975474,29.186359978133087,5.5185571277725405
1,329,Residue Management (No-Till),2126,,,,,,,False,672.2207771913191,512.3311809014551,35.88713763630945,154.69284908173802,34.3063315284605
1,329,Residue Management (No-Till),766,,,,,,,False,272.4541267623655,223.4420507389175,22.206462738193085,6.65045126161634,0.892606310635095
1,329,Residue Management (No-Till),831,,,,,,,False,252.0308403395549,125.13623088359533,14.8406164877195,3.9156160939241427,0.5900479153542196
1,590,Nutrient Management,808,,,,,,,False,1076.7686046262268,833.7262085828417,365.1791848968175,2.3045263787682586,0.6232963238296051
1,340,Cover Crop,1267,,,,,,,False,1978.2700498570657,320.32959045370126,95.13966299683733,15.944267843539473,2.437089006648542
1,329,Residue Management (No-Till),2024,,,,,,,False,1220.7896318344772,131.46810910913612,6.899200413207972,2.156532333901108,0.41666419336664295
1,340,Cover Crop,23,,,,,,,False,4407.559201341139,1162.5462289542288,404.39888251208424,34.51577450659766,5.555221714819983
1,340,Cover Crop,545,,,,,,,False,829.1755638436205,238.72898041539355,90.60800552778956,30.92956705989268,7.17295029268083
1,590,Nutrient Management,1830,,,,,,,True,291.05873799256136,109.90796230797588,8.386854834285943,5.675135896008836,0.3136520821109502
1,590,Nutrient Management,807,,,,,,,True,1280.458166392529,25.206198631471782,2.7752547889740526,36.38599867750965,2.073418390900543
1,340,Cover Crop,2295,,,,,,,True,1701.255034280189,146.5944490224614,13.217991312834174,34.887919538301915,1.0923407292444884
1,340,Cover Crop,1184,,,,,,,False,1358.0420497348637,366.7412562921807,137.98990801382152,29.123805963043,4.774340756470568
1,590,Nutrient Management,674,,,,,,,False,0.5431350632495195,0.1145233140966211,0.044262371918045294,0.002712861293256664,0.0009993415946561066
1,329,Residue Management (No-Till),2228,,,,,,,False,880.1653640498786,761.947257189025,44.224939961152806,16.960037269149314,2.1845182147690223
1,329,Residue Management (No-Till),706,,,,,,,True,1018.5605294839714,789.3511493142257,17.428724324520466,22.838706744937728,0.9261810833076393
1,329,Residue Management (No-Till),2182,,,,,,,False,464.86115576293173,14.398940895543106,1.0692205726719486,14.26854271105034,3.105653638018748
1,329,Residue Management (No-Till),1200,,,,,,,True,411.1599725214381,461.4067952513083,8.519757716074785,40.9051437939237,2.1630015055692597
1,590,Nutrient Management,1924,,,,,,,False,425.75589845499474,348.5377303982618,145.936040509891,10.906623176551888,2.1230188309001616
1,590,Nutrient Management,2643,,,,,,,False,1075.634448180888,76.60157860475408,28.74801420844115,90.14264949032712,27.42941583111504
1,590,Nutrient Management,839,,,,,,,False,529.5314386586844,344.8563016970257,132.30063345146286,148.3401805919404,35.634139470037915
1,590,Nutrient Management,1552,,,,,,,False,703.388678962185,411.77003524927517,131.19313637292558,7.419855731654563,2.19471893507158
1,329,Residue Management (No-Till),923,,,,,,,True,280.17822151716655,27.78702914966905,0.3184567550078655,12.964427986903178,0.6531967736765681
1,329,Residue Management (No-Till),1732,,,,,,,False,1008.8982222717169,152.13884331765385,11.953850515950581,112.86665165497439,22.43593944851112
1,590,Nutrient Management,1770,,,,,,,False,884.117856752299,73.51853106016618,27.83915928586953,1.4054305319532312,0.3001351309914423
1,590,Nutrient Management,2038,,,,,,,True,3182.5672584437534,473.7583111626587,46.12701355679623,263.4153506297098,18.680181114968157
1,590,Nutrient Management,2597,,,,,,,False,870.0357966885883,397.9435401973707,113.47348071524414,45.3295760918914,11.995508937898343
1,329,Residue Management (No-Till),1479,,,,,,,False,369.3162869906835,303.7007982622768,28.22305327325002,8.671174184956916,0.9668078383052199
1,329,Residue Management (No-Till),386,,,,,,,False,716.6665787122362,304.19079131055383,30.75395013398236,15.792965573839817,3.119942504680344
1,329,Residue Management (No-Till),1618,,,,,,,False,1759.7957205219736,2548.909924931466,308.1689421963547,226.0644013987808,44.612670123859765
1,590,Nutrient Management,932,,,,,,,False,3970.9684437056253,1598.0898399988962,522.4800458593143,49.42455295348578,10.678511905587955
1,329,Residue Management (No-Till),950,,,,,,,False,293.1696366711014,147.84173628740191,10.379860157622103,60.03737132769876,12.5947109716647
1,329,Residue Management (No-Till),958,,,,,,,False,2156.6237045366565,743.8367251298148,76.52605119554622,62.797851640177505,9.223579695864714
1,590,Nutrient Management,2228,,,,,,,False,1480.7041179300213,717.722317227872,249.85824061867345,14.77551905438029,3.0833199859548808
1,340,Cover Crop,46,,,,,,,False,2632.4517112180793,280.09099986124386,97.61088181852422,52.62861127013658,13.760748070906525
1,590,Nutrient Management,1585,,,,,,,False,1363.3152779056595,870.3188400375893,283.01886757016297,4.388688022112079,1.1681888103485207
1,590,Nutrient Management,980,,,,,,,False,4204.501482753721,872.1621630350922,313.5433621485918,22.401417467131534,6.813507724866433
1,590,Nutrient Management,1879,,,,,,,False,17.182477378084066,7.757951987165838,3.3840049749856616,0.39279982895183574,0.07875756085581902
1,590,Nutrient Management,246,,,,,,,False,2659.3014146856844,650.7046330925896,220.13149207319103,14.032049213961885,3.8465581314607546
1,590,Nutrient Management,229,,,,,,,True,692.8724738500614,276.45198711476235,23.252249435144893,5.854407750498354,0.4605938187260823
1,590,Nutrient Management,1097,,,,,,,False,529.4646667836473,924.7210733972563,259.44926310729693,7.024624589629954,1.9725070956438415
1,590,Nutrient Management,1960,,,,,,,False,1820.011420231111,445.5324788719189,156.54262053839813,0.7365924679111526,0.2600478294343357
1,329,Residue Management (No-Till),391,,,,,,,False,672.9758808695046,193.72295441135287,20.021083768904834,0.7833038020394754,0.12232434660588218
1,590,Nutrient Management,2508,,,,,,,False,622.5595359819254,251.53985319606886,91.23756754439788,12.99216765465564,3.2952137044864935
1,590,Nutrient Management,639,,,,,,,False,349.95496764643553,186.57860492764468,61.07433695896255,39.93886276842029,12.438344565657635
1,329,Residue Management (No-Till),2426,,,,,,,False,378.81341570862213,227.63757601052168,22.254765791082967,49.657717539502826,8.433696924311585
1,590,Nutrient Management,2636,,,,,,,True,1198.2606111511745,211.81090835439832,20.257554964979132,28.332242579970487,2.154144999893274
1,590,Nutrient Management,2646,,,,,,,True,3590.691275162772,2801.943550394211,269.2742322833546,203.72389207426124,11.150027381435308
1,590,Nutrient Management,1638,,,,,,,False,990.9070791852068,216.3590604973768,76.88111594775563,47.851457777199435,10.732490336656388
1,340,Cover Crop,2663,,,,,,,False,506.16029477049483,261.1310475879457,126.92853461769606,2.7071822179041902,0.6582570056633241
1,329,Residue Management (No-Till),566,,,,,,,False,964.3562810781297,280.1773532174126,30.181638359087742,18.85009616974867,4.043809920045252
1,590,Nutrient Management,2464,,,,,,,False,281.20425330907057,86.87525840673871,25.81092349428664,8.090625140870312,2.1282734637374254
1,340,Cover Crop,496,,,,,,,True,1761.7673531000385,263.6566223955943,28.336009844736957,12.210589364666935,0.5064862007322624
1,329,Residue Management (No-Till),306,,,,,,,False,327.6723471623087,189.53319808163957,13.534641778981728,17.921184683141103,2.5210693567956795
1,340,Cover Crop,10,,,,,,,True,1638.059660778535,1509.5726869219866,138.79420532274784,1.1280253335149917,0.07443776794860477
1,340,Cover Crop,1748,,,,,,,True,1113.564545585486,1322.0945466088042,142.53771630487202,8.005474349868209,0.4063251349500588
1,329,Residue Management (No-Till),1123,,,,,,,True,954.3003612703134,189.76566712364044,5.916397420302724,26.641693116013393,1.581300128083519
1,329,Residue Management (No-Till),1643,,,,,,,True,198.35794998252373,222.50983841960124,6.53812836443664,3.0534268541254947,0.1692191471184953
1,329,Residue Management (No-Till),1066,,,,,,,False,176.1404802043293,250.4055690450143,13.028642381171494,3.054890371759091,0.6505044914872303
1,329,Residue Management (No-Till),871,,,,,,,False,646.2010159445164,198.8800139373743,12.290667649729835,15.33752002755789,3.162185540079008
1,340,Cover Crop,2640,,,,,,,False,1460.2997818630924,373.34966359479847,145.02434417001513,41.086796570721326,8.299914467103113
1,329,Residue Management (No-Till),898,,,,,,,False,94.5353859718234,65.15304232266261,4.640985725862578,0.35298962031881853,0.0701363884454925
1,340,Cover Crop,534,,,,,,,False,884.9464886222567,428.40599211738675,140.42761739417145,42.30877907044294,7.975963593497957
1,340,Cover Crop,2253,,,,,,,False,2045.4585316825878,527.8178835515099,238.8524978837901,133.15471915858214,28.62568732772932
1,329,Residue Management (No-Till),2419,,,,,,,False,638.5492170658034,417.3807236065905,24.71060181401281,60.79687351408297,12.355516084370107
1,329,Residue Management (No-Till),634,,,,,,,False,4605.323731166618,1151.8757479353944,117.5016330962306,245.83782200873185,35.50389710116724
1,329,Residue Management (No-Till),2396,,,,,,,True,24.047948681292116,2.934357390953312,0.0643884279605736,0.8639926675871338,0.0311905336758847
1,329,Residue Management (No-Till),2558,,,,,,,False,402.8117622710585,102.5325218119162,7.303579219294704,11.34495738375745,2.284737736850948
1,340,Cover Crop,1115,,,,,,,True,210.30926083346162,6.778568519734818,0.4933614798509219,2.926778779452068,0.14089644936278975
1,590,Nutrient Management,1378,,,,,,,False,2709.631927209331,1234.194373077761,391.7633188422239,29.036827437719502,9.837423061498294
1,329,Residue Management (No-Till),2324,,,,,,,True,385.72920284734465,246.00076541117716,6.087755890338712,17.59196743978459,0.525313349444904
1,340,Cover Crop,2229,,,,,,,False,5217.287605459824,466.1307462249897,197.24260788726573,8.410657329973038,1.6543631044771028
1,329,Residue Management (No-Till),2437,,,,,,,False,601.5982938206142,11.378687841657454,1.0886001267213747,5.1097630486661485,0.9089308880994653
1,340,Cover Crop,476,,,,,,,True,3257.6281679894037,229.37716012130073,22.466535239718205,216.66028710387184,9.227931325700414
1,329,Residue Management (No-Till),2447,,,,,,,False,347.3905260457168,199.70642706452983,12.694348757566466,16.215259705660426,3.2778403006935064
1,329,Residue Management (No-Till),1595,,,,,,,False,1141.1840408736862,275.9681459048559,31.377379939766623,99.47035430759124,21.52601466040077
1,590,Nutrient Management,748,,,,,,,True,1678.675971386283,1883.2327113099736,177.40711844306298,4.709081108458672,0.2606062488663571
1,590,Nutrient Management,619,,,,,,,False,2085.1263179404364,1558.5941679350767,618.299246029975,65.9461432089936,16.270073001366853
1,329,Residue Management (No-Till),1879,,,,,,,False,15.312985255434798,4.373947012180176,0.43715616768000176,0.3140422680960167,0.05894375626143362
1,329,Residue Management (No-Till),780,,,,,,,False,1745.3905737816349,597.7256582647793,58.82011605056645,4.295725212526242,0.7366434170126752
1,590,Nutrient Management,2310,,,,,,,True,389.7010986095224,1027.0490574902904,67.51448556196506,18.33969921384662,1.086417122612761
1,329,Residue Management (No-Till),1883,,,,,,,True,1510.061847164625,1279.8762979853414,45.57371195992053,46.569408445162594,2.9721067106866847
1,340,Cover Crop,1950,,,,,,,False,2353.099697579544,201.24566566076507,86.49862994130116,7.569995217861214,1.1798381898701427
1,329,Residue Management (No-Till),380,,,,,,,False,1454.435639318154,1848.158430003277,195.01068922801934,55.978520260041385,8.82188662640901
1,590,Nutrient Management,1756,,,,,,,False,579.4952579234025,598.4700927848318,203.62097395541218,284.62622524068195,87.8304244530199
1,329,Residue Management (No-Till),2526,,,,,,,False,905.0967625493994,796.4934135544048,76.39681513762817,15.22607943049414,3.5071293791066034
1,340,Cover Crop,204,,,,,,,False,5469.160606487015,1418.1651530898584,543.3442931002281,0.8794088116922846,0.1775235466767452
1,329,Residue Management (No-Till),545,,,,,,,False,193.21603867145177,148.12097488760398,14.261695334387538,23.756616767211852,5.268276967252523
1,590,Nutrient Management,383,,,,,,,False,756.5552504885994,572.7767029022158,207.74102553400436,16.567014759106257,4.228389885634222
1,590,Nutrient Management,815,,,,,,,False,712.3422241768052,459.4001532433316,181.03318495756213,22.509415469359386,7.317011384573736
1,329,Residue Management (No-Till),514,,,,,,,False,458.1865178320301,236.0979193060693,19.133864686155015,57.04173626208105,12.001455504596894
1,590,Nutrient Management,1701,,,,,,,False,712.4173428085145,114.21544581690041,39.58659512675349,36.215438262136566,7.0762847711667956
1,329,Residue Management (No-Till),2184,,,,,,,False,1520.6942338704073,3505.6387428389917,242.3921558746317,307.68053967069324,49.94210395184742
1,340,Cover Crop,1758,,,,,,,True,1913.654394334232,311.88983891462306,22.570540639808332,117.02999160923783,6.112406317573622
1,590,Nutrient Management,803,,,,,,,False,888.8577855607775,512.7442521664938,193.8940129027223,12.060476264599705,3.3229418687306365
1,329,Residue Management (No-Till),2451,,,,,,,False,4201.700715113288,10410.323391506392,1182.6395806759926,91.94408541118176,16.47770404430264
1,590,Nutrient Management,994,,,,,,,False,564.8701736651636,559.779221309388,188.23434105050165,15.678674971067716,4.898726301114129
1,329,Residue Management (No-Till),539,,,,,,,False,538.6568483323153,365.3577867849242,22.009442287857723,38.95193264085276,8.851040736739959
1,329,Residue Management (No-Till),2382,,,,,,,False,345.95515335096974,138.03537587526827,16.70332960904654,9.076234698809309,1.7304948434954117
1,329,Residue Management (No-Till),733,,,,,,,False,445.6589094999507,327.06651072288764,25.984836520951127,17.057671471393377,2.8044731823985094
1,329,Residue Management (No-Till),1040,,,,,,,False,1574.4542387868216,940.9320161978009,33.8305660630039,55.164952808538516,7.303098509424284
1,329,Residue Management (No-Till),1493,,,,,,,False,417.6919196998403,395.6313651510466,38.20874797917307,197.2378797792843,27.736271600416543
1,329,Residue Management (No-Till),2043,,,,,,,True,430.19856522494183,30.15071070509984,0.8033813881758551,103.10135525261086,3.6654458326823454
1,590,Nutrient Management,927,,,,,,,False,987.3061856830191,73.07404747832065,24.420297135270918,19.0408509587203,6.69723453538323
1,340,Cover Crop,1733,,,,,,,False,1998.3525025122728,172.82315003613758,49.866690632535395,19.902082554683094,4.409523638891175
1,329,Residue Management (No-Till),2263,,,,,,,False,567.2504300490561,437.4450375281081,44.01505000519054,72.27346636395235,12.735605729391548
1,329,Residue Management (No-Till),1832,,,,,,,False,289.3999142390358,41.349869850978585,2.312972597148697,19.438018704321763,3.1577872230915243
1,329,Residue Management (No-Till),2163,,,,,,,False,1028.3617838147254,377.0511268259032,23.296416001527337,76.40952422960153,10.71179726368138
1,329,Residue Management (No-Till),1121,,,,,,,False,39.404588701948796,5.994366237848199,0.5966765215067423,0.21588340142361392,0.043321181986164164
1,329,Residue Management (No-Till),853,,,,,,,True,1391.8205255073265,691.9743865413175,18.275481354985825,14.934010847904124,0.5112067045290525
1,329,Residue Management (No-Till),1905,,,,,,,False,171.4837237899555,119.36688220381538,15.220015208569626,2.246499059305667,0.4029327269410996
1,329,Residue Management (No-Till),664,,,,,,,False,1564.578882028699,4757.458566252676,516.8327586192652,122.0321072221717,22.131499718045532
1,329,Residue Management (No-Till),559,,,,,,,False,468.3073832033076,338.69323568321965,29.260872701596394,21.088759591780697,4.226195060215782
1,329,Residue Management (No-Till),1450,,,,,,,True,194.77698817946612,126.93610913532251,3.260933164133099,3.1057588112905954,0.17946508842598624
1,329,Residue Management (No-Till),2554,,,,,,,False,573.7691169705613,375.4643790712656,29.98276077042563,104.32219926922625,19.2783896346546
1,329,Residue Management (No-Till),39,,,,,,,False,1557.322497239603,8.623046858283224,0.8436622975086256,1.3054010330564798,0.20804026192612474
1,329,Residue Management (No-Till),893,,,,,,,False,274.7181655960018,309.47559433201997,27.417460815347553,47.966306913374474,9.31502941916283
1,590,Nutrient Management,698,,,,,,,False,261.9523595333288,346.9069380253195,126.00378479858973,27.581934677690043,6.85683952217775
1,329,Residue Management (No-Till),1044,,,,,,,False,408.06848493834013,758.0961877537636,50.47025704599816,0.5863522953907417,0.10618970674733415
1,590,Nutrient Management,289,,,,,,,False,538.99628640553,61.662587610125904,24.7859547747335,28.13280934085986,8.690122227572868
1,590,Nutrient Management,2569,,,,,,,False,2096.963642484848,891.1981808740553,337.25385406623093,26.109421047364368,6.811316165708261
1,590,Nutrient Management,1485,,,,,,,False,828.8686524722325,344.8984186294643,133.03854112526173,39.137989329521076,11.675654691235065
1,590,Nutrient Management,1646,,,,,,,False,357.8657928795526,12.133738562302492,3.41421207657031,6.4169949812921345,1.9650040780763445
1,340,Cover Crop,1061,,,,,,,False,2051.316224100301,63.60699671797971,19.994157636862408,0.9070202053016988,0.2146333018471436
1,590,Nutrient Management,2461,,,,,,,False,233.8446351643987,112.68903568404511,33.39030928771232,3.3123919372864403,0.6831397691818868
1,329,Residue Management (No-Till),2345,,,,,,,False,420.43978557698324,269.44100409932815,16.178181113239454,80.99047074107905,13.060547740420054
1,340,Cover Crop,748,,,,,,,False,2231.9812411031576,1705.8255928669107,565.8720813867399,4.448474859592315,1.08710925901617
1,329,Residue Management (No-Till),1568,,,,,,,False,311.03325460379386,453.5737226892171,49.911720646521424,17.555463484054354,3.120589690678196
1,590,Nutrient Management,1421,,,,,,,False,205.35880950407517,30.372761008251086,8.309228031197337,5.087917937438813,1.422528312287714
1,340,Cover Crop,832,,,,,,,False,5999.6822544514125,652.7824705983477,207.08256953122782,546.1147367716527,100.75981715891002
1,590,Nutrient Management,287,,,,,,,False,732.9004980957471,462.2749280707284,149.77918296139117,2.1306001495472118,0.6528853831058324
1,590,Nutrient Management,36,,,,,,,False,13.07984750011742,2.7976182186456042,0.8492345759735799,0.792640265008053,0.2306639482138145
1,340,Cover Crop,644,,,,,,,True,2446.1684832853366,286.94137778520536,23.14920120127253,15.022524934328066,0.965485982819845
1,340,Cover Crop,1514,,,,,,,True,2181.4980941172585,1195.5199369582715,113.02908715281204,15.326148025042473,0.8743328995590458
1,590,Nutrient Management,1195,,,,,,,False,2047.6577833853298,827.3191430198618,252.97715588963845,249.31335738390376,77.24124962157593
1,329,Residue Management (No-Till),547,,,,,,,False,2221.450093656374,591.1541572111945,40.60090485111926,115.40744622172264,18.695486294560887
1,329,Residue Management (No-Till),264,,,,,,,False,588.7310075569509,2882.303893502356,224.1810532604039,32.06276404720077,7.183025106039778
1,329,Residue Management (No-Till),1326,,,,,,,True,809.5767531818659,653.906049483837,10.020595629993528,7.754461330402715,0.45580244698163186
1,329,Residue Management (No-Till),242,,,,,,,False,1530.42210211886,210.2420377494531,21.33741045610935,37.488964919905364,6.506748994216948
1,340,Cover Crop,1564,,,,,,,False,1050.897470094463,129.3741537250924,47.183931177672235,4.296368864476856,0.7260658671874225
1,329,Residue Management (No-Till),1101,,,,,,,False,607.9687986480286,340.9456212075269,39.26592512927975,7.1508856845830655,1.2602969683583283
1,590,Nutrient Management,507,,,,,,,True,1359.694382232141,114.7180255012716,8.058477056376748,16.325594011877598,1.2484572582357845
1,590,Nutrient Management,2152,,,,,,,False,659.3221940887022,1054.5026950518932,385.98966035478,41.09337071858817,7.419036706173692
1,590,Nutrient Management,2570,,,,,,,True,540.082352109728,451.63581454653985,43.10925490228519,30.95208743456609,1.9886504359715917
1,329,Residue Management (No-Till),1705,,,,,,,False,988.5869250269504,270.77626691988536,23.005021203994055,11.826400555623474,2.1231597782065195
1,340,Cover Crop,1650,,,,,,,False,1500.1161352890826,417.63728437949504,149.8478789636235,10.431429441443035,2.72991066559543
1,590,Nutrient Management,816,,,,,,,True,689.7814286835488,886.7633802914453,74.33439925112873,6.70432255279266,0.4793917924313866
1,329,Residue Management (No-Till),2519,,,,,,,False,244.7221908405883,98.98716438915585,9.825578716862458,23.080801434883217,4.391841994578478
1,329,Residue Management (No-Till),6,,,,,,,False,1275.2868717792323,704.6869765455041,68.74292949573504,33.66566755444712,7.046755610172697
1,340,Cover Crop,1683,,,,,,,False,2471.6549706610854,317.66004457988817,123.40356417172441,65.90118492563799,20.105528231052308
1,590,Nutrient Management,1058,,,,,,,False,786.6577475232284,218.5270022210759,79.38001473105581,30.34155734887592,7.533034172709282
1,340,Cover Crop,264,,,,,,,False,2774.9972718937483,2658.1228402419524,681.1341882906448,24.879738941160994,5.179844329897879
1,329,Residue Management (No-Till),1697,,,,,,,False,355.09884398090986,299.82049286094764,38.24648895968165,42.714297920475985,5.447617036747101
1,590,Nutrient Management,542,,,,,,,False,187.72854763904772,22.495500858809194,8.160610966951854,0.0021966283019734076,0.0007640671287037242
1,340,Cover Crop,1175,,,,,,,False,4178.110515666027,318.3487843498548,112.43216744480861,133.84010429227607,23.58368076319077
1,590,Nutrient Management,115,,,,,,,True,942.143311528302,671.1011403829419,53.20114577735054,48.58372715091209,3.623436998938276
1,340,Cover Crop,2616,,,,,,,True,1165.3899868965525,450.11473974718064,39.68624170576099,66.51151126646154,3.4277195066020067
1,590,Nutrient Management,2146,,,,,,,False,1581.29882959621,623.857633952664,248.68429351712174,2.82511917331437,0.6573894709330457
1,340,Cover Crop,2140,,,,,,,False,3466.1414249411246,192.63835413916198,66.20949263714624,5.736712398048564,1.2708232536294735
1,590,Nutrient Management,23,,,,,,,False,884.9184552848986,758.1473464421445,249.2821295636985,28.960552791777673,7.636737799323873
1,329,Residue Management (No-Till),612,,,,,,,False,1100.4556480957115,138.50771710150914,11.465858381032154,24.44516447473722,4.574052772077415
1,329,Residue Management (No-Till),1729,,,,,,,False,69.20947699682485,200.2854416806121,25.28376808544468,3.4349611902873876,0.8010700754022336
1,590,Nutrient Management,1225,,,,,,,False,1122.4636268100196,265.0995774003611,93.64915051778479,16.395277874432995,5.040942977382362
1,329,Residue Management (No-Till),2103,,,,,,,False,257.58012127787816,1.475965968941546,0.09918945829967159,51.25069517784708,9.0468717842916
1,329,Residue Management (No-Till),845,,,,,,,False,1341.7184707979623,543.7412434416128,53.79534627946257,188.73009424092302,29.941807456820566
1,329,Residue Management (No-Till),1337,,,,,,,False,3476.9059545894775,6617.778406756001,531.3694388240866,160.05415173215286,27.42820460862295
1,590,Nutrient Management,1619,,,,,,,False,323.9743144402241,178.41357403780773,59.147931644128064,5.059907562721524,1.3563889933835398
1,340,Cover Crop,2571,,,,,,,False,4283.478265425013,60.15995400424742,21.79373297044507,43.29194181818699,12.550861432741955
1,340,Cover Crop,1263,,,,,,,True,3687.5320733779945,1813.881819800733,133.9434699284924,16.159587126524602,1.0100913897037034
1,329,Residue Management (No-Till),1023,,,,,,,False,521.9109613475587,325.81652471362645,44.69819261869274,35.288639830484065,6.348914498295365
1,340,Cover Crop,994,,,,,,,False,1233.0331644322653,371.5448802588864,147.4234600209857,10.779948669953589,2.715991062146705
1,590,Nutrient Management,857,,,,,,,False,947.322171118878,341.2698841316002,125.55141287218449,8.29864620181872,1.778204064472824
1,329,Residue Management (No-Till),1083,,,,,,,False,889.7134623912375,342.07946573110803,18.6911181515663,125.68243002650917,14.347904891514267
1,329,Residue Management (No-Till),1626,,,,,,,False,1399.068675920172,525.2543837472126,54.2943904669844,37.792007415902596,5.116931431668814
1,329,Residue Management (No-Till),1307,,,,,,,False,3528.9064218697245,652.9272644405144,71.27970183951713,486.5843316164514,86.35141294902995
1,329,Residue Management (No-Till),2090,,,,,,,False,1035.7463583691535,764.5629430378995,47.729730573628096,61.28230951882138,12.268964254765576
1,656,Constructed Wetland,1253,"1253,1251",,,,0.5551385626614306,2.9869045576386957,False,72921.31002681721,37.27345572428336,11.632809187341662,0.6386648965699342,0.20331049997077366
1,329,Residue Management (No-Till),1910,,,,,,,False,679.6798671053955,45.27812697763268,3.8755599949993624,1.0108542635972573,0.17460480873522802
1,590,Nutrient Management,1375,,,,,,,False,899.1590977780188,445.56967826124446,156.77779382393877,33.78309421891169,6.646756830247457
1,590,Nutrient Management,181,,,,,,,False,1434.9220537704266,521.5770003162015,170.47716291163383,4.367120781319302,1.2766571226095134
1,590,Nutrient Management,784,,,,,,,False,1916.6607027627451,326.24322376376466,125.93882684793122,1.7777727527536347,0.2962137040661515
1,340,Cover Crop,797,,,,,,,False,4116.425146089479,411.77060026320146,167.90237854739607,107.59032810206952,13.374223531798991
1,590,Nutrient Management,1737,,,,,,,False,3268.9658445683563,687.7439452308492,266.8509887049384,59.77988703479305,14.749440196725306
1,329,Residue Management (No-Till),104,,,,,,,True,776.3294820370006,341.0871796427982,10.441035960420544,26.569402892534068,1.3994853726148782
1,329,Residue Management (No-Till),1408,,,,,,,False,154.41385219823158,118.68910419608036,6.544688236380452,0.21658321772587555,0.039975832043326706
1,590,Nutrient Management,1665,,,,,,,False,728.7477428467519,871.5700223004352,234.05958003774302,6.2628250197979485,1.23241077266927
1,340,Cover Crop,1137,,,,,,,False,0.5808774949625349,0.0255308560579527,0.008268134370055195,0.0005732355341537483,0.00011968352122205053
1,590,Nutrient Management,791,,,,,,,False,266.6542781342397,252.6451464023708,87.57009234402034,0.17106365966322368,0.04262483195050219
1,590,Nutrient Management,1465,,,,,,,False,1921.815514773595,638.4673980014529,211.93831121578282,44.69414606993076,10.277685852218447
1,329,Residue Management (No-Till),1485,,,,,,,False,613.6924346106998,211.8598775042026,16.388655893137262,27.46233463828601,3.6212256979906785
1,329,Residue Management (No-Till),1086,,,,,,,False,825.5124282479948,409.8891002829646,52.338797221183086,12.470142160778328,2.0803038970343133
1,590,Nutrient Management,2343,,,,,,,True,1273.7238523058872,91.55017343617598,8.87918017938658,59.030422367446974,2.9989282731961384
1,329,Residue Management (No-Till),940,,,,,,,False,556.5157617497389,681.5154274520896,57.65295221679387,199.42803650777068,36.696906068729426
1,340,Cover Crop,1619,,,,,,,False,1120.52767472591,119.26564239367968,43.93672675869481,3.7035185693379846,0.6160451680410444
1,590,Nutrient Management,1894,,,,,,,False,1791.6803525039563,2963.4832109604786,1095.347421024731,23.933563076417567,6.778514164447853
1,590,Nutrient Management,1515,,,,,,,False,1690.8144831516906,2304.993594209656,765.6105228543423,11.04707242903713,3.0544406232046137
1,340,Cover Crop,889,,,,,,,False,583.2094005237208,155.85755332556258,48.349979262316005,0.25650098708800323,0.050034759262763406
1,590,Nutrient Management,1831,,,,,,,False,473.6798766334533,222.1877092555726,88.43728274464434,19.994093581114953,5.777580239506957
1,329,Residue Management (No-Till),1709,,,,,,,True,284.22251234749706,84.61992796052716,2.7668476398503734,3.1803997003045192,0.15117579517996074
1,590,Nutrient Management,913,,,,,,,False,88.32150751845126,52.38098398162373,16.772422238155592,2.2670315765557505,0.5491860372584885
1,590,Nutrient Management,1761,,,,,,,False,738.774423806762,390.42378724542806,118.15399518312275,74.15860599853546,19.548015288905564
1,590,Nutrient Management,1589,,,,,,,False,1237.864140829215,185.8366310348274,57.98821256982598,229.18139717925882,45.02929462576187
1,329,Residue Management (No-Till),851,,,,,,,False,435.8433292546318,225.73719146310827,29.065991449219673,4.67408659042684,0.9622602898827975
1,329,Residue Management (No-Till),1055,,,,,,,False,402.14340423528444,209.67961923741422,23.413397583649978,21.574235701172135,3.36318546824558
1,340,Cover Crop,939,,,,,,,False,1531.7439681360038,349.7973545170438,85.5145701766619,28.02539852645349,6.532397129319989
1,590,Nutrient Management,1101,,,,,,,False,1056.7061576539018,301.6796960782472,134.87593598997748,5.8905887162247375,1.486827771826786
1,590,Nutrient Management,888,,,,,,,False,6989.880396102879,1145.947814816177,324.61581176516455,21.129730701410416,4.514402309068841
1,340,Cover Crop,1376,,,,,,,True,1393.5859815500392,180.83941103246067,17.696272913518815,143.48878591908993,7.016903079959456
1,590,Nutrient Management,196,,,,,,,False,982.1655313280366,223.10660446308736,75.30053830764618,11.802403408663983,3.2307553270721647
1,329,Residue Management (No-Till),2254,,,,,,,False,1827.3642112405764,853.7631236449994,55.446676216665345,10.391955631177536,2.5274853953123126
1,340,Cover Crop,1352,,,,,,,False,3142.871623201845,374.7417387887109,159.17688652404783,43.41072463106079,10.989999251476933
1,329,Residue Management (No-Till),1238,,,,,,,False,1405.1032307479768,821.0534418000644,88.65997339186308,24.477551458971046,4.033527059970747
1,329,Residue Management (No-Till),505,,,,,,,False,1796.4549807883925,594.8678918096458,71.07409651465447,99.69523767704484,14.963679179586475
1,340,Cover Crop,866,,,,,,,True,1261.171011632864,106.27485220573753,10.760146158726805,18.88395277394177,0.7744610323834575
1,329,Residue Management (No-Till),1930,,,,,,,True,454.331425008562,164.21527460891494,4.234887654711119,7.973112201138892,0.41045396020289115
1,590,Nutrient Management,2012,,,,,,,False,219.46261993137037,126.01450348563432,43.74577244496696,77.61785554028033,22.425364017763698
1,329,Residue Management (No-Till),1822,,,,,,,False,880.2713765438696,428.49858446651683,35.41107013206526,132.93130611639805,22.776396554630452
1,329,Residue Management (No-Till),1470,,,,,,,True,675.4669243635908,192.8673980943981,3.7183112905741544,13.81896133087256,0.4045647306483825
1,340,Cover Crop,2077,,,,,,,False,920.5514210612483,341.173162840781,104.82083146809534,7.534238171704302,1.3570744862867583
1,340,Cover Crop,224,,,,,,,False,1652.4470064212899,306.63340444946135,137.5223243113487,68.59756666473353,13.283023010858296
1,329,Residue Management (No-Till),1965,,,,,,,False,2231.9757977404397,3005.837878330394,192.57399793726393,88.22988932315012,14.349764300356219
1,590,Nutrient Management,276,,,,,,,False,1011.1154302000945,886.2059610435587,317.1040554827337,4.942100066469564,1.3793559164512617
1,329,Residue Management (No-Till),436,,,,,,,False,979.4327225950979,1582.063921712351,94.25250883034707,513.7988929795468,112.01889733669209
1,590,Nutrient Management,797,,,,,,,False,750.9795415956733,243.86822171580542,91.61668246854438,94.21610457027053,27.921465834222744
1,590,Nutrient Management,1245,,,,,,,False,434.80399015946983,439.121081706704,150.33978624706643,56.45957600464185,15.198299629854839
1,590,Nutrient Management,126,,,,,,,True,1275.895415278759,657.4086793408034,49.86110632842122,34.48261262031372,2.721693080172793
1,590,Nutrient Management,2329,,,,,,,False,42.6205765007297,26.173000030293444,9.946575248471065,7.675264091996575,2.7286126823558905
1,329,Residue Management (No-Till),237,,,,,,,False,1091.0306721900445,918.0110508039352,40.61703321056487,172.33146477148864,44.24059531343007
1,329,Residue Management (No-Till),1951,,,,,,,False,713.1813420046137,2235.5339905413075,192.35495085399498,79.59880567621302,11.25458975765572
1,329,Residue Management (No-Till),2165,,,,,,,True,394.91032437514815,324.7898521765689,5.639592760237094,117.9094809330694,4.964848941695031
1,340,Cover Crop,1610,,,,,,,True,1642.844050891736,683.5422301275811,39.91387120233631,16.791640280463717,1.0315990509431368
1,340,Cover Crop,2129,,,,,,,False,2470.954292191592,291.0789966728103,131.13824598803336,74.59507100722611,21.34326082383799
1,329,Residue Management (No-Till),2231,,,,,,,False,340.09844320380853,113.8856634619208,7.9845642413362725,46.122090454178725,8.741935840246446
1,340,Cover Crop,1532,,,,,,,False,504.6133697079553,53.51204456401101,18.95759082306373,3.061175985608497,0.8124128340596102
1,340,Cover Crop,150,,,,,,,True,12337.656989731759,1128.9402534220983,111.84186695858263,1032.1980510594487,31.430351313400422
1,590,Nutrient Management,2346,,,,,,,False,1092.1902310261669,431.4284488977389,174.84500087625347,7.585554471403793,2.237843038375068
1,590,Nutrient Management,2260,,,,,,,True,1643.6096613758589,850.6727912185663,77.80588923724642,7.634427916705688,0.5710760237086671
1,329,Residue Management (No-Till),2573,,,,,,,False,982.1557477989425,915.933548811358,67.81054424018772,111.55552604015028,18.25965037573505
1,329,Residue Management (No-Till),2095,,,,,,,True,567.2520270053587,748.3289263443988,13.516961301210287,19.809350501302777,0.8379387600303932
1,590,Nutrient Management,303,,,,,,,False,696.0634117069616,404.3754435205547,171.6725428763025,162.83551262009388,43.754072093481824
1,340,Cover Crop,880,,,,,,,False,2275.6262892224972,458.22312343652317,176.65374193594246,14.41175985069276,3.141446902693328
1,329,Residue Management (No-Till),1871,,,,,,,False,302.2366207867636,126.9074244370086,16.995138705758862,2.4404685230666976,0.3833635739839193
1,329,Residue Management (No-Till),1214,,,,,,,False,904.2422501367784,198.69777566760604,14.677901528191027,0.7665983614664503,0.18183104537630507
1,329,Residue Management (No-Till),1874,,,,,,,True,26.02813178816999,20.28030583501591,0.3417076639396255,0.1980987808325722,0.010065100384950985
1,329,Residue Management (No-Till),2527,,,,,,,False,1231.2011771825564,575.457520608942,56.33515168394299,19.509952715657192,3.4082380965358197
1,329,Residue Management (No-Till),2104,,,,,,,False,261.16284206185935,62.07384213166765,4.177970398341997,37.17760982296952,7.7958684623450925
1,590,Nutrient Management,981,,,,,,,False,870.5603366838052,271.4214274903684,112.25240069295337,10.4796533628364,1.7299397795132982
1,329,Residue Management (No-Till),1080,,,,,,,False,723.9107171057946,2857.7014784155476,261.94483248705154,11.057176678542596,2.5661376201629245
1,329,Residue Management (No-Till),69,,,,,,,False,463.034812689946,278.56371417826364,25.757327141502675,16.092535242718398,2.6906285078557044
1,340,Cover Crop,1180,,,,,,,False,1819.3635145286873,262.8204313250474,87.13218482479813,4.783012101653567,1.015958765045683
1,340,Cover Crop,301,,,,,,,True,5691.24610417883,863.908074382112,69.9245216512145,28.834856498570492,1.1935422618943634
1,340,Cover Crop,629,,,,,,,False,5661.110936269804,471.1320722542367,176.95423076458246,99.84756509610447,19.376739120900012
1,329,Residue Management (No-Till),1603,,,,,,,False,586.6598601536084,102.73808279685265,9.005089876265375,9.916874045097021,1.6322555540375219
1,340,Cover Crop,276,,,,,,,False,2452.4974841425233,569.101905560825,185.29933893461478,3.5627441500183026,0.4746390117829734
1,590,Nutrient Management,1549,,,,,,,True,1366.6958129307618,498.27009454243205,56.03577267893116,315.8472618063959,18.228393692922698
1,590,Nutrient Management,856,,,,,,,True,863.0859627853962,1827.9420673497118,193.57097569650546,20.734014401517513,1.585214597545766
1,329,Residue Management (No-Till),1601,,,,,,,False,416.7125559005612,269.6209939555343,21.48341740500328,7.2812342223138184,1.9317289451130009
1,329,Residue Management (No-Till),2328,,,,,,,False,331.2483963294285,133.64365784856392,8.92082108045367,12.856283866381279,2.935770955865318
1,590,Nutrient Management,1491,,,,,,,False,606.5307030358238,215.23559528014542,62.685665483967746,39.98110759146555,13.196744025835686
1,590,Nutrient Management,822,,,,,,,True,1078.7628652551532,2628.8561433170453,175.51185072454416,11.658184932912512,1.0107042443991618
1,340,Cover Crop,2572,,,,,,,True,1233.5133860614776,186.79070700120576,19.902155344565614,12.622938816197042,0.5670223724463304
1,590,Nutrient Management,311,,,,,,,False,2616.811311090772,2567.7344875470203,869.4384755812492,44.53479374201855,10.299790914158653
1,340,Cover Crop,87,,,,,,,True,7398.138406911461,1863.0034836243642,153.07755509792474,87.03123132649698,5.0854129378820225
1,590,Nutrient Management,1413,,,,,,,False,806.0529596755605,157.39327329698364,53.05232078726049,20.675972504171877,4.369360944132822
1,590,Nutrient Management,2399,,,,,,,False,892.2212513643307,68.65315073586582,20.16784792293561,7.924356227867159,2.188770414059014
1,590,Nutrient Management,331,,,,,,,False,172.30149282589218,162.71846802678263,55.5205641539733,36.9033833076788,7.360763764254985
1,329,Residue Management (No-Till),109,,,,,,,False,871.7831747140792,548.7244810341258,47.624475251936175,108.81558809353182,22.116944442192022
1,329,Residue Management (No-Till),2582,,,,,,,False,263.55674860966775,142.78429417403572,9.321012947029976,20.154799948792306,3.875552422876075
1,590,Nutrient Management,1220,,,,,,,False,135.94909934001774,243.64479020503546,63.876208962142314,1.4055836950839362,0.42457437065925047
1,340,Cover Crop,1231,,,,,,,False,927.667395174401,81.47463999416587,30.341375004774694,8.719607078923985,1.5953483670371358
1,329,Residue Management (No-Till),1267,,,,,,,False,654.7893629685432,225.18992745686396,22.7965913327381,13.50717883689093,1.5752911684162738
1,590,Nutrient Management,848,,,,,,,False,2742.277293982175,3272.577626186799,1000.8700238806163,139.94738814955906,30.57973654468869
1,590,Nutrient Management,684,,,,,,,False,538.6195192602897,1669.8795256162196,647.0706102056229,5.806630810592827,1.4414055565133017
1,340,Cover Crop,1132,,,,,,,True,4134.077873612979,1606.1009846984118,175.13974652259523,64.95808686004769,2.2968595689048192
1,329,Residue Management (No-Till),189,,,,,,,False,46.73252434044947,5.012194209503108,0.41440104338391476,9.650671122195684,2.2100268846738116
1,329,Residue Management (No-Till),2096,,,,,,,False,794.7415563439935,473.8771057909254,33.85234311456117,3.6677790514877384,0.5131236151504691
1,590,Nutrient Management,1586,,,,,,,True,1604.9613008399897,920.7462114968126,75.50643332441277,64.18726022304219,3.784216935591945
1,590,Nutrient Management,1901,,,,,,,False,25.443353979365266,12.432612615619036,4.448462071355784,1.279475919492899,0.34062579547339805
1,340,Cover Crop,2117,,,,,,,True,8367.04101906471,933.4935114295802,95.8438943165567,174.46170423855366,8.12930983894953
1,340,Cover Crop,391,,,,,,,True,1548.6669125195656,173.70187064244806,12.994314167100574,0.6609794554335932,0.029742554612712073
1,590,Nutrient Management,1027,,,,,,,False,411.36879425481186,88.8340930046293,32.88781253001382,2.4613162018685593,0.6209012569537908
1,340,Cover Crop,1702,,,,,,,False,1134.4377729858138,816.4147716621733,301.9586573566389,42.04853721923215,5.367508938478959
1,329,Residue Management (No-Till),803,,,,,,,False,347.51731740583256,318.8502392637715,24.453419695793013,8.73753439586907,1.8421026894900565
1,590,Nutrient Management,1093,,,,,,,False,3226.0464164206965,1146.2016969037927,360.50294870849774,198.12078437657078,60.356302979867394
1,329,Residue Management (No-Till),110,,,,,,,False,435.6013091777036,1830.9132025594097,146.11043475660333,70.48835016167757,13.512914799005411
1,590,Nutrient Management,2572,,,,,,,False,1138.3976603439676,166.88855165664015,65.81633630275938,12.055916443750712,3.726758457163197
1,590,Nutrient Management,1640,,,,,,,False,5282.258795194005,805.1818729283136,204.50115899369302,19.10649598529986,5.20092535762913
1,329,Residue Management (No-Till),2280,,,,,,,False,683.3508496556161,413.9466969375417,42.58352376588483,4.590645289532125,0.9187993648688384
1,329,Residue Management (No-Till),1514,,,,,,,True,432.79084744352645,1082.4908498054594,23.586368789497644,14.451815125483428,0.6935735687330632
1,329,Residue Management (No-Till),1704,,,,,,,False,493.36957061875563,246.9957790050908,28.605753921922737,4.857163593135059,0.8552611924986826
1,329,Residue Management (No-Till),136,,,,,,,False,65.38545510247225,39.31441095549732,3.922515137727718,1.8576521318060155,0.2759615865486871
1,590,Nutrient Management,350,,,,,,,False,826.4691793262853,500.61267519306585,157.3254097477987,17.691741137763124,4.903539299734055
1,340,Cover Crop,844,,,,,,,True,1626.6063404428553,640.2683639689326,64.22893233579454,0.9877261114325908,0.03693283979404412
1,590,Nutrient Management,2317,,,,,,,False,279.1687849067911,281.71521272172987,115.86285414217379,0.30354587324824645,0.07545706549146344
1,590,Nutrient Management,1996,,,,,,,False,1066.5773617985446,108.59167064936439,47.99270417231882,78.00334154277898,16.68989451939248
1,590,Nutrient Management,1459,,,,,,,False,1147.2801861046669,624.2372139512647,198.39009731662821,31.689577367243157,8.686558430325146
1,329,Residue Management (No-Till),782,,,,,,,False,787.4406615765038,354.95131591406505,32.144380013461614,8.76683532159535,1.5316038955543705
1,590,Nutrient Management,2296,,,,,,,False,600.2127047169886,200.12169821302658,70.10631516203654,8.166448443181737,3.1336495001265705
1,590,Nutrient Management,2391,,,,,,,False,236.9839928187409,50.89758790765587,15.731278489147423,1.4029609738075697,0.4407375635429235
1,329,Residue Management (No-Till),930,,,,,,,False,1009.7793886933918,535.7805948659154,55.78456411395783,24.620724806234488,5.383908783008973
1,329,Residue Management (No-Till),1275,,,,,,,False,474.41932020796213,389.9889729524567,34.466535262184074,3.0773789151155935,0.6365378570089312
1,329,Residue Management (No-Till),1532,,,,,,,False,133.74621624546654,34.55445374094729,4.11608676263919,2.248763151548887,0.49033132355290354
1,340,Cover Crop,1147,,,,,,,False,635.0711164882429,188.01067573503897,57.961337621720986,12.871239696221577,2.2436504043172003
1,340,Cover Crop,2248,,,,,,,False,2890.7382674377473,190.5122635051618,78.7113696631832,19.24205746997607,5.033735968241585
1,329,Residue Management (No-Till),1422,,,,,,,True,488.7570862054758,305.46450895181596,5.2088160321332335,6.944042688970337,0.4401490298232888
1,329,Residue Management (No-Till),2587,,,,,,,True,308.23651519605863,60.370437307383504,1.2511454761759175,20.191135040099383,1.002064203462831
1,329,Residue Management (No-Till),1021,,,,,,,False,811.3638282624929,567.8407678181212,42.875713538609936,10.080335269775734,1.3874689367416617
1,340,Cover Crop,2490,,,,,,,False,2875.409938714322,3419.0363659019545,1290.4038510224245,29.946868273817078,5.509639726627012
1,329,Residue Management (No-Till),324,,,,,,,False,404.1978494233486,493.75894436479416,61.74335172252644,3.699777916012902,0.5090861311778908
1,590,Nutrient Management,1048,,,,,,,False,783.2280493022347,233.2419029777882,83.49729277986582,4.168395606598958,1.2991096402359763
1,590,Nutrient Management,260,,,,,,,False,330.4777587008316,133.55200524723912,52.692254441355914,5.451315332128454,1.8583275234662955
1,329,Residue Management (No-Till),152,,,,,,,False,1283.1640362614921,1237.1636650852554,125.27893473106532,13.173288897327112,3.2162121273159747
1,340,Cover Crop,1194,,,,,,,False,700.0734046605868,487.49791945293543,167.59827616158015,6.9587462563542495,1.883250921734752
1,590,Nutrient Management,409,,,,,,,True,1917.7351425906727,174.77989384263466,16.63932941611579,0.7997849763602379,0.0704872979016199
1,590,Nutrient Management,2226,,,,,,,False,2595.971945019704,451.633492514516,156.28453490615306,48.639242719622764,12.73517935640153
1,329,Residue Management (No-Till),921,,,,,,,True,867.3962823885898,1798.0543650972973,39.32059166867608,10.059333214799896,0.48577341833780063
1,329,Residue Management (No-Till),53,,,,,,,False,609.6552581629534,280.11165978668635,21.51829646319453,4.499584743197502,0.7589495889433872
1,329,Residue Management (No-Till),128,,,,,,,True,1535.2613139227092,2097.97868378804,27.87718387950688,91.99545013703116,3.3197178135541594
1,590,Nutrient Management,1833,,,,,,,False,393.58521919957894,335.5138612729805,116.51943681095868,4.60686494965494,1.375834636734495
1,340,Cover Crop,1830,,,,,,,False,1319.021325113455,101.52110747368995,31.43725153749701,5.361483813897886,0.9517671361871706
1,329,Residue Management (No-Till),2044,,,,,,,False,3295.5221468250625,444.87029743906413,30.738417987482006,55.684130099592956,7.6307306506967105
1,340,Cover Crop,2338,,,,,,,False,2801.6222974737875,133.1500533215337,47.50596066885563,8.481238264298732,1.9552519664592918
1,590,Nutrient Management,1497,,,,,,,False,661.8342478562838,420.55452128967136,139.34938912437337,13.471564368899774,3.3797380595911313
1,329,Residue Management (No-Till),2093,,,,,,,True,805.2235929595038,919.125039042845,22.48034545901264,89.66702051763768,3.8144155785470977
1,329,Residue Management (No-Till),1625,,,,,,,False,180.13807696192546,185.8616324913659,14.98764563827945,47.25920294677149,8.155494033297188
1,590,Nutrient Management,1611,,,,,,,True,1392.6505028367023,294.17820753072414,27.887174732543595,18.526973146502957,1.271140505365818
1,590,Nutrient Management,1819,,,,,,,False,346.72354278990605,176.35732292860365,58.56912067794843,16.629425562831415,5.1926320892841265
1,590,Nutrient Management,2077,,,,,,,False,501.173359961087,236.35233137268565,95.2891957032736,6.177163685417543,1.8572505612027004
1,590,Nutrient Management,2595,,,,,,,False,582.6158066653375,344.99991420778304,118.95116798014892,3.981805334548578,1.0633633459109235
1,329,Residue Management (No-Till),1389,,,,,,,False,458.27165550211316,229.6565917979124,23.53480280095466,32.25932433114732,6.394165322083739
1,590,Nutrient Management,189,,,,,,,True,112.23864822859848,4.597793166119194,0.4638479150957492,7.440644237521871,0.5643650497313228
1,329,Residue Management (No-Till),1762,,,,,,,False,319.80059700199126,529.6265115398339,54.9221062080714,27.253912237534006,4.829864616937015
1,590,Nutrient Management,2043,,,,,,,False,834.5955722108782,29.347329316923986,11.503253293389248,99.4359094199285,29.595976238195547
1,590,Nutrient Management,984,,,,,,,False,691.5105866200215,0.3391181345938972,0.1103491635073756,1.3844386408841745,0.32871950657649246
1,329,Residue Management (No-Till),1738,,,,,,,False,433.1598035469211,1043.211287484873,80.2371171818705,207.3242341077896,33.603449516902046
1,329,Residue Management (No-Till),861,,,,,,,False,1261.4869325680224,460.6319219982928,13.82284010645284,17.731019246001782,3.711207364695912
1,329,Residue Management (No-Till),219,,,,,,,False,1040.1155868762075,1227.8870405374673,75.93686320463335,197.0227355755052,22.319275717203976
1,340,Cover Crop,1205,,,,,,,False,2025.0402647599046,382.46087606619005,185.5280127350788,72.58004145915527,11.92074009263986
1,329,Residue Management (No-Till),1638,,,,,,,False,569.0871390411451,139.47794454962116,13.96375032877236,37.118967440543045,8.081233655614785
1,590,Nutrient Management,1399,,,,,,,False,529.3512517541476,279.14615392713944,109.53751207112705,4.699513560645711,1.1568916509089735
1,590,Nutrient Management,1451,,,,,,,False,1256.726299944774,403.61211687129685,145.7829292180699,6.556293506807895,1.8399583525300938
1,329,Residue Management (No-Till),36,,,,,,,True,5.268829710058333,1.9483836426720245,0.043403140806801,0.5619763167942384,0.018738740026526278
1,590,Nutrient Management,1032,,,,,,,False,709.6792673924552,232.87884082807892,95.0459465577811,25.093838079658067,5.672084099295192
1,590,Nutrient Management,732,,,,,,,True,14936.468399394376,1915.1974486494555,173.18687955087876,51.044346207361116,3.895080050354935
1,590,Nutrient Management,474,,,,,,,True,5811.438496969713,1337.9851678787552,114.07101142481966,314.2777924658352,22.653930808963096
1,590,Nutrient Management,2042,,,,,,,True,309.8719184524101,177.02157722295206,16.665039558775856,6.358869207008574,0.5501715610451946
1,329,Residue Management (No-Till),722,,,,,,,False,548.6820077555983,432.77733479182996,43.938141977297896,21.70192832755911,4.40087123934453
1,329,Residue Management (No-Till),311,,,,,,,True,1553.9290101803792,1698.2960119657712,22.544051319437962,34.235002827859894,1.4959476198638118
1,329,Residue Management (No-Till),1186,,,,,,,False,687.1752725747783,343.66890427167607,32.689859853026725,13.540257060541109,2.3380385503646446
1,329,Residue Management (No-Till),2637,,,,,,,False,477.6603275649453,639.2440869609052,75.18392605250834,31.053763183561017,6.006990912091622
1,329,Residue Management (No-Till),913,,,,,,,False,51.032402502729646,35.60856174346813,2.961128869761658,1.717845539297262,0.3290533608353671
1,329,Residue Management (No-Till),1397,,,,,,,False,197.47316060025824,471.5690245970213,30.002084517777686,4.95750167737801,0.9145719263493733
1,590,Nutrient Management,186,,,,,,,False,4129.259080672188,1216.2495999365447,322.29413827785436,20.830329832179572,5.9985136012937215
1,590,Nutrient Management,668,,,,,,,False,703.9736560077495,182.22322255588261,64.60704649833659,254.35529302874116,73.7896406813955
1,329,Residue Management (No-Till),2286,,,,,,,True,658.9999251165904,269.76447605439273,8.151187165124583,57.59153995873413,2.3973849091811563
1,329,Residue Management (No-Till),293,,,,,,,False,708.106522924212,386.7271826890059,28.91671576703308,5.883994703652763,0.9775433576458097
1,590,Nutrient Management,2297,,,,,,,False,1180.1346076393722,306.69647979753523,132.8554187715179,42.50296952689341,13.618434844476058
1,329,Residue Management (No-Till),716,,,,,,,False,880.895684174044,1247.6231520447686,124.86701439290151,4.5299334107303855,0.5847937283707437
1,329,Residue Management (No-Till),246,,,,,,,False,1262.2156935296875,430.5731410193985,41.53452955377361,10.18549108250113,1.8678181155146076
1,590,Nutrient Management,2219,,,,,,,True,2089.025040799646,240.16693232203983,21.950762639707147,16.07948315196157,0.6614249743114411
1,590,Nutrient Management,227,,,,,,,False,1355.3353798153812,403.57224582400886,130.16692217963612,8.593109018421522,2.6194947136096394
1,329,Residue Management (No-Till),1859,,,,,,,True,238.47361004612324,23.537854301204575,0.5457323618992105,23.304201583988984,0.6377391680685705
1,340,Cover Crop,2521,,,,,,,True,1190.8333950578603,276.85675958547563,25.451546271907684,20.779741506579942,1.0581228065560617
1,590,Nutrient Management,2244,,,,,,,False,232.28531167103094,264.3672596278912,84.47004646460383,3.4566348051475964,1.0685312561609668
1,590,Nutrient Management,425,,,,,,,False,338.426491349606,315.1374838524282,149.40266551452177,4.798269870540898,1.1572239885473923
1,329,Residue Management (No-Till),1046,,,,,,,False,1713.948580062777,847.8916672642036,92.75636321345299,188.4933850648044,39.962698121729346
1,340,Cover Crop,219,,,,,,,True,3753.731235910237,1151.950177332834,127.44226764438672,174.70345985830122,7.490810129970669
1,340,Cover Crop,929,,,,,,,False,1879.1592851180308,305.80679350074934,119.87712004182825,73.13407376781595,12.543448958538413
1,329,Residue Management (No-Till),2563,,,,,,,False,1318.5984583915658,249.9103034064664,17.246723184105367,135.1502478923773,26.772886782168936
1,329,Residue Management (No-Till),420,,,,,,,False,936.1530878581513,1605.4097628772474,100.54820889989846,15.22520920650587,2.6960084756826364
1,340,Cover Crop,197,,,,,,,False,1994.904909555433,1043.0288450363244,435.12688502074747,62.64890294794194,10.10316853716529
1,590,Nutrient Management,2545,,,,,,,True,989.342039610763,274.8460115962436,24.148647051728194,5.273852716331097,0.34215009412069847
1,590,Nutrient Management,1822,,,,,,,False,1802.2407648816823,393.08751433445155,127.77274742122033,110.1549095617676,34.32244444286631
1,590,Nutrient Management,2521,,,,,,,True,969.2770687872074,251.4052133135679,23.833702936365516,19.72161870002388,1.5621796706647855
1,329,Residue Management (No-Till),1136,,,,,,,False,157.27079856559945,113.52536188957995,11.832429560455937,6.031538276982931,1.2899636494330367
1,340,Cover Crop,2661,,,,,,,False,3195.011672702059,1937.989822092545,549.9507403306991,10.956257368744533,1.8272059980691713
1,329,Residue Management (No-Till),1367,,,,,,,True,618.2614587549126,1175.6913589315154,20.499879154597,323.789318902361,19.676146468797928
1,590,Nutrient Management,988,,,,,,,False,1210.9928242582234,231.95039440242917,92.78115695221396,52.88575547011587,15.561865017123807
1,340,Cover Crop,2415,,,,,,,False,3421.4771502661006,747.2770753246768,242.17786010719297,221.35920973200027,45.84709320787738
1,329,Residue Management (No-Till),521,,,,,,,True,561.6059008992407,303.71240755310953,9.328615103038171,262.1011365250119,8.509491040199986
1,340,Cover Crop,1462,,,,,,,False,853.4759280822426,159.56711266002583,50.77544066314066,6.301529940673745,1.26221294197083
1,590,Nutrient Management,2589,,,,,,,False,636.5587293549481,244.58524435386408,81.98859956669064,3.5272524940012895,1.2618713472520813
1,590,Nutrient Management,118,,,,,,,False,1288.9123682392476,429.4904690138946,180.82221898275517,127.50715971883957,26.770293778331602
1,329,Residue Management (No-Till),1187,,,,,,,False,655.1461111521342,986.702580729315,97.57698667758595,23.252982396743963,4.029053358419794
1,329,Residue Management (No-Till),2461,,,,,,,True,325.95637448473934,79.29872639633278,1.4450468795007627,2.6292521681045535,0.09188780357835725
1,590,Nutrient Management,1566,,,,,,,False,385.64390663834797,325.60010649275716,127.96536170050192,18.885248993287885,4.245608919187472
1,329,Residue Management (No-Till),1205,,,,,,,False,592.6171575231126,196.9328633311113,14.540983192927612,60.659301366515415,9.885762409764647
1,340,Cover Crop,622,,,,,,,False,1437.5269929946337,104.89795108154445,31.358988190108064,13.532916098929332,3.3956390255619016
1,590,Nutrient Management,2453,,,,,,,False,193.33903254364782,156.99936171329148,47.37829007193181,1.6407945582933334,0.38333870699510253
1,329,Residue Management (No-Till),1217,,,,,,,False,930.4800871155724,148.74194420434162,13.526144047265253,23.020728699249204,3.895772609246062
1,590,Nutrient Management,702,,,,,,,True,835.5116449360951,2190.3702500939767,213.1296491061552,44.667044086262244,3.038868946737925
1,329,Residue Management (No-Till),1964,,,,,,,False,887.7714662366869,706.4869744988666,65.06369735997966,16.363674095679627,2.9988850337388877
1,656,Constructed Wetland,2574,,,,,0.9070034199132164,1.4253917406915844,False,169464.93149318895,21.93800604674654,7.609316575063632,3.90207316316214,1.081328625720069
1,329,Residue Management (No-Till),1394,,,,,,,False,521.227626117098,409.312140679456,38.12623480027588,18.013146617870053,3.5695622300886085
1,329,Residue Management (No-Till),327,,,,,,,False,1224.4895708183574,479.83542388011364,34.717353991885325,15.354157983251786,2.5289446176927894
1,590,Nutrient Management,1808,,,,,,,False,1211.5516775096728,194.01694377269558,72.21503464858448,1.713373179515997,0.5195404843612678
1,340,Cover Crop,665,,,,,,,False,376.1887826179715,305.30428877095636,127.39750718478942,0.7767555643606174,0.17161144757930008
1,329,Residue Management (No-Till),96,,,,,,,False,200.90616890276385,266.27049664160313,24.31720989043182,79.13473632562854,15.847222204413384
1,329,Residue Management (No-Till),701,,,,,,,False,500.220652294475,465.1452259493449,28.96927327163352,3.902900912988415,0.6292189250802804
1,590,Nutrient Management,2320,,,,,,,False,1307.5258800803956,181.51691142280038,51.66291245970326,3.789088354131389,1.0391275291151891
1,340,Cover Crop,2098,,,,,,,False,4539.862016751362,370.9765259568748,130.97720237474076,19.920112671535648,5.589164088257305
1,590,Nutrient Management,330,,,,,,,False,1686.0431666707398,202.13054898200872,86.22593253326914,40.49774892031887,8.847601791427024
1,590,Nutrient Management,787,,,,,,,True,2620.150464810671,46.486674152638656,4.622410212736698,16.786487876009954,0.9586359901376165
1,590,Nutrient Management,2381,,,,,,,False,851.0079660937066,459.6823653592965,165.08017546497211,102.77471859686135,24.892008749229333
1,590,Nutrient Management,32,,,,,,,False,247.63852119972225,462.15538734075216,156.59877448860433,2.358757167816707,0.6047564919518004
1,329,Residue Management (No-Till),952,,,,,,,False,121.99955969279883,21.742765968645994,2.6011095438314036,10.796026679300734,1.7253592023285553
1,590,Nutrient Management,1388,,,,,,,True,282.1457488628173,846.8070123258572,61.83052534063361,11.339201874822171,0.6931696994018308
1,340,Cover Crop,2670,,,,,,,False,2481.548386518567,235.20475528335675,98.45918177619644,12.257224238386605,2.542591909559339
1,329,Residue Management (No-Till),81,,,,,,,False,799.8490161111279,757.1762344529863,57.818339975618954,13.921488241135428,2.822577471518864
1,412,Grassed Waterway,921,,215.6778262913497,0.23008510508761187,0.3481989869500661,,,False,28421.20418466648,612.3893182227131,56.404086715503944,3.3335038226339826,0.5067677494501297
1,329,Residue Management (No-Till),874,,,,,,,False,771.5038388593302,1021.3946842466412,137.03910366991477,3.9354804462587656,0.5464219676854086
1,329,Residue Management (No-Till),1177,,,,,,,False,397.29026589110146,90.08583065720035,7.714426852919331,24.619267266932912,4.448903304982168
1,329,Residue Management (No-Till),2308,,,,,,,True,164.22425297584067,181.7496141903157,4.21096547113495,51.53661477734626,1.8144652756719193
1,329,Residue Management (No-Till),1011,,,,,,,False,726.9011276205247,641.4473812658541,55.528077103276864,45.363230233330206,4.835473415874977
1,329,Residue Management (No-Till),2216,,,,,,,False,1681.9511038741764,1112.648955769054,155.88945401926105,22.738992520744695,4.493252141325229
1,590,Nutrient Management,4,,,,,,,False,182.64165569151197,45.45166838412812,12.91877089790109,2.540909323857701,0.6107972350769443
1,590,Nutrient Management,1576,,,,,,,False,4654.910544703379,938.3917944291117,247.33600378653696,135.48375493091802,29.77988035858871
1,329,Residue Management (No-Till),332,,,,,,,False,271.7194642947647,119.54347769467813,12.16495009776995,4.140186610981155,0.6788397024243517
1,329,Residue Management (No-Till),307,,,,,,,False,545.4086855458906,367.67519586291996,42.28322620795441,1.8397392991373065,0.3503004753527934
1,329,Residue Management (No-Till),1869,,,,,,,False,863.7538518063257,199.0296567804185,13.680870280014132,48.02512193183726,8.992088331412912
