scenario,cps,cps_name,pid,impacted_pids,linear_length_m,buffer_area_ha,portion_treated,wetland_area_ha,catchment_to_wetland_ratio,failed,cost_usd,treated_TN,removed_TN,treated_TP,removed_TP
2,329,Residue Management (No-Till),986,,,,,,,True,704.0693261836818,444.08698729049604,9.30011312797348,27.00084408421494,1.3857652345030906
2,340,Cover Crop,1298,,,,,,,False,1164.3953204135762,55.11900846478544,23.425404701670534,22.781500866247292,4.2160743461153105
2,329,Residue Management (No-Till),916,,,,,,,True,2389.5500918071602,1481.4118334865566,28.10541163528783,1.9608919788651515,0.09929500627413447
2,329,Residue Management (No-Till),2391,,,,,,,False,267.8890044578918,1083.9357878517965,79.18610451671947,32.04562453683554,7.361742319068106
2,340,Cover Crop,1585,,,,,,,False,2263.1641100032884,1060.5613401888897,414.73721809690045,25.457898491125682,3.866299255753666
2,329,Residue Management (No-Till),2268,,,,,,,False,613.6999845763007,366.9752269551549,37.1639577566666,9.741595998151178,1.555952733737148
2,329,Residue Management (No-Till),2605,,,,,,,False,1666.3457054064029,1109.978802990621,115.7209987620781,12.027546799473193,2.3879629490125764
2,590,Nutrient Management,2519,,,,,,,False,523.0032259139422,137.57831377309904,52.36326724635656,2.9418838919585655,0.7011776408282385
2,329,Residue Management (No-Till),270,,,,,,,True,340.93901926438866,1026.9769340597652,30.33448668103657,15.64835742272329,0.6117313988863682
2,329,Residue Management (No-Till),2263,,,,,,,False,348.3170217451553,278.6722605829846,16.494022013664193,158.6303544945162,29.924252531248033
2,590,Nutrient Management,2057,,,,,,,False,245.13890256111122,219.62261120475782,75.67085661019969,12.076508055572585,2.738345242737263
2,329,Residue Management (No-Till),432,,,,,,,False,1040.5837082091437,605.7321221646339,39.013767659005886,12.71574434658811,2.4480678507650913
2,329,Residue Management (No-Till),1861,,,,,,,True,900.2591511274884,2072.9903798230807,38.02211340156269,8.820989650402089,0.3723210023167158
2,329,Residue Management (No-Till),924,,,,,,,False,922.2746658298116,1082.7010510682394,82.37461710023135,11.279063728149783,1.5247689529435386
2,329,Residue Management (No-Till),1592,,,,,,,False,432.94012677300867,285.7309801536285,24.811533209865413,5.032000696837717,0.914863106791756
2,340,Cover Crop,965,,,,,,,True,8473.696887485616,1668.2164220400555,165.4243305826108,858.8631628827926,32.76807258585573
2,329,Residue Management (No-Till),2675,,,,,,,False,242.26624204779586,28.74195040260092,2.1110409698814365,0.9107723607953965,0.12124715033361479
2,340,Cover Crop,339,,,,,,,False,2419.7766309876697,443.4789838755066,170.91815167144267,13.859349568907191,2.3620592383908328
2,329,Residue Management (No-Till),1987,,,,,,,True,4058.809353353748,1017.1298348766016,22.440861830686277,10.814005152022766,0.4964635364240123
2,590,Nutrient Management,1329,,,,,,,True,1650.6442995339996,298.88076585137435,22.310415074529388,12.534606723342117,0.984105355098788
2,329,Residue Management (No-Till),2321,,,,,,,True,689.0727188259746,423.7915854672069,8.844307504547402,7.866056132783313,0.3685735628083982
2,329,Residue Management (No-Till),2102,,,,,,,False,582.2715821942184,128.48744373683695,12.18024925520113,19.142596598262408,3.284864002840404
2,340,Cover Crop,1671,,,,,,,False,2065.2361608383258,136.076542470345,61.3204949800482,46.582506411708884,5.901629916992684
2,329,Residue Management (No-Till),275,,,,,,,False,1098.8967585702167,479.7984689170464,31.8587615605811,2.7443882469288647,0.39869782315632485
2,329,Residue Management (No-Till),168,,,,,,,False,462.70045941063074,473.75785057994534,24.353338954385876,33.54591791612532,7.658446283538949
2,340,Cover Crop,2446,,,,,,,False,163.87397423425483,38.83740365538043,15.226668119028865,0.5677197628762446,0.0765108638822332
2,340,Cover Crop,2636,,,,,,,False,1468.0950768881946,388.92208113083274,152.85032374558992,70.66306200841984,11.576604392430399
2,590,Nutrient Management,53,,,,,,,False,720.004459282834,461.7003948159338,165.58282925986327,0.5589256358314246,0.10902438243795345
2,590,Nutrient Management,1118,,,,,,,False,7022.464661381249,1167.1824203218384,425.1555135745491,60.46612408841292,16.88979235127658
2,329,Residue Management (No-Till),1364,,,,,,,True,349.1388841447526,130.22717407981273,1.897676785940075,3.9109664702421676,0.1788844118320167
2,329,Residue Management (No-Till),2308,,,,,,,False,225.5580900587019,119.40312984991856,7.481942073035033,13.541293848000947,2.1915761222145105
2,590,Nutrient Management,1659,,,,,,,False,1269.478831979574,146.26436964774982,45.60612014718095,15.082159959605317,4.233425703649684
2,340,Cover Crop,1689,,,,,,,False,3283.5638097505384,367.20953893300185,125.60447018732772,19.433911418385815,2.6775075841195437
2,329,Residue Management (No-Till),542,,,,,,,False,60.144400127346294,125.79433920410926,12.332895632917307,3.329144155408341,0.4728851312833757
2,590,Nutrient Management,2486,,,,,,,False,76.36258334782723,12.08903894908285,4.944834952484628,1.272053477797551,0.3848847462764296
2,340,Cover Crop,1952,,,,,,,False,502.3065382660011,147.1495146355816,67.04038159600229,1.2739774681298266,0.18462271191974242
2,329,Residue Management (No-Till),878,,,,,,,False,887.9617095805679,261.2104690480225,21.533677666568757,19.849507754950807,3.670945117461117
2,329,Residue Management (No-Till),2153,,,,,,,False,1430.1393232255678,971.8410692140964,100.05074084316753,211.92475762286972,41.450403470237866
2,329,Residue Management (No-Till),225,,,,,,,False,472.41424802783166,380.91158213490735,26.731722659348666,25.496973090637006,4.596688943588662
2,329,Residue Management (No-Till),1239,,,,,,,False,296.2468755023296,250.673499452293,19.565937506276992,3.6501090537489387,0.6856619962276198
2,329,Residue Management (No-Till),2404,,,,,,,False,468.28579808157616,415.52293330428523,55.21898632477908,67.67128703529553,13.064227419944704
2,329,Residue Management (No-Till),2469,,,,,,,False,517.5136643028402,239.52079025255884,19.829570064829177,18.16794780398805,4.153315169768335
2,590,Nutrient Management,1246,,,,,,,False,2878.6839950700355,694.2343347073887,228.0820130096865,436.6591311491445,143.55059546099648
2,590,Nutrient Management,2148,,,,,,,False,819.4922706313808,350.34418224251436,114.90251007866618,8.373639948141856,2.380902586933159
2,329,Residue Management (No-Till),2554,,,,,,,True,760.7821431005408,553.88479352989,7.566899486949171,6.089624710465605,0.3028541124535731
2,329,Residue Management (No-Till),251,,,,,,,False,360.68264515161644,232.10691507302312,14.314637290488212,19.301231372346486,3.4284281138654964
2,329,Residue Management (No-Till),2363,,,,,,,False,1229.0360567888204,368.0628026216344,46.6712465634581,142.93376033378215,22.81513562058487
2,329,Residue Management (No-Till),1136,,,,,,,True,169.96429136739556,43.12369742223709,1.2803591064443778,21.106727426823884,0.6619967075371208
2,590,Nutrient Management,60,,,,,,,False,1267.9401038320145,2471.239369929316,859.0364349257452,30.23140964387201,7.978381335895014
2,340,Cover Crop,1236,,,,,,,False,1870.5117083871905,196.47546821629572,76.65468050845939,11.302924324751181,1.8655991414379685
2,329,Residue Management (No-Till),426,,,,,,,False,610.8945333081173,1796.6606109591296,161.48932094857395,151.77286572282154,25.081710058242507
2,590,Nutrient Management,1936,,,,,,,True,1925.5247522672673,246.44060075117574,21.20183932210254,10.31720114788904,0.646068145228968
2,329,Residue Management (No-Till),91,,,,,,,True,468.81257304944654,1481.463701509105,37.96237035380841,17.324664626250577,0.6916159586323065
2,590,Nutrient Management,2634,,,,,,,True,423.0092377650685,40.639581063671635,3.323090714588229,1.8712374286853628,0.12158203331114803
2,329,Residue Management (No-Till),433,,,,,,,False,1290.1609604609444,2196.084422885735,182.7079351137088,40.919485897969935,7.706100508557358
2,329,Residue Management (No-Till),1588,,,,,,,False,1239.2197628513998,437.7529097787334,22.718266576566293,54.586923396795825,8.206605627606688
2,340,Cover Crop,2571,,,,,,,False,4132.483553179227,1764.7899713514175,497.7679444854294,26.75905343908057,5.517832784329195
2,329,Residue Management (No-Till),309,,,,,,,True,2030.456556405017,1172.1377891280426,36.1864116510414,43.36089856463358,2.5120571594569783
2,590,Nutrient Management,2011,,,,,,,False,1552.1718824622822,1884.7098007484785,644.192042191578,39.17461615243119,12.220738312532383
2,329,Residue Management (No-Till),484,,,,,,,False,648.2022254556688,681.6310925834306,43.85915502206201,43.087747846391906,7.314576379655388
2,329,Residue Management (No-Till),1222,,,,,,,False,514.3147032869038,436.33343818269816,41.34821913601223,59.582974721499774,12.038617308020648
2,340,Cover Crop,703,,,,,,,True,1245.7252125653004,509.6157390169664,48.243664823278856,22.901890816443967,0.9701753188131416
2,329,Residue Management (No-Till),1296,,,,,,,False,195.84867720576676,51.065430562313836,5.578264845187161,3.0986032173761506,0.40814460538321506
2,590,Nutrient Management,1328,,,,,,,False,908.6126163089662,348.97875769687,156.37948445378294,79.23394669021366,16.759111266117593
2,590,Nutrient Management,159,,,,,,,False,2290.9355939188085,656.6398873663389,257.237298287915,5.0746287074145355,1.3908330614278959
2,329,Residue Management (No-Till),745,,,,,,,True,58.77236978115561,43.723320047058714,0.927667419054286,0.9674995896549079,0.045218591186187436
2,590,Nutrient Management,1710,,,,,,,False,470.3925624788006,71.05242273340127,24.691526004945736,7.858331762098313,1.9385410910083105
2,590,Nutrient Management,2194,,,,,,,False,3711.61982867689,1275.8848957868581,502.0382258740213,0.18585196373413923,0.05559743799910416
2,329,Residue Management (No-Till),133,,,,,,,True,1410.340309589041,69.3586261277513,1.1939898963953908,46.204181458358796,2.1029827849294978
2,340,Cover Crop,984,,,,,,,False,1614.0997805384413,538.0455700682711,185.57869797682798,280.11518898002436,66.55296988067258
2,329,Residue Management (No-Till),2551,,,,,,,False,784.6488326035959,709.2704213656208,58.207510656651785,250.93954281460893,49.61862897325036
2,329,Residue Management (No-Till),1558,,,,,,,False,468.04933840911923,418.07054675263663,28.739632683243293,11.898752765998864,2.264180228965226
2,329,Residue Management (No-Till),800,,,,,,,False,2540.8778206953457,109.69989839041484,6.628208247419345,1.9648005637629082,0.3943179877035887
2,340,Cover Crop,2257,,,,,,,False,875.6930357417792,339.4991895741029,103.11862765718922,7.100272837850799,1.1015626912249383
2,340,Cover Crop,1125,,,,,,,True,7.202912039386403,1.3497411393030516,0.11600305513564227,0.06026052053405001,0.0031064098873782916
2,590,Nutrient Management,1774,,,,,,,False,896.7348073732621,197.2150178671061,84.55656980099414,2.774538684037451,0.5650134564430426
2,340,Cover Crop,1645,,,,,,,False,595.3071047726464,18.328611575315477,6.061303132945885,10.70086009293532,2.195631035273434
2,590,Nutrient Management,63,,,,,,,False,1231.0771143199127,1513.642146324824,528.3051060599645,4.894893795441405,1.2758771702385727
2,329,Residue Management (No-Till),667,,,,,,,True,708.8965292584237,787.5502714536668,21.157180952506476,3.426589258608395,0.13174692526411755
2,329,Residue Management (No-Till),975,,,,,,,False,304.0877871225575,309.4282948981182,21.563296989641323,1.9480021016610498,0.4495810237335668
2,329,Residue Management (No-Till),2163,,,,,,,False,869.7818706840305,678.7160088606364,55.05521141005944,103.84535768814743,15.17002421881526
2,329,Residue Management (No-Till),1869,,,,,,,False,1001.802579849186,1447.9044246950855,137.73480493184465,26.434703946501852,3.3412826693383546
2,329,Residue Management (No-Till),352,,,,,,,True,1266.9768660358834,760.1874606342361,22.90324725015496,399.3285602764705,15.326246933246054
2,329,Residue Management (No-Till),237,,,,,,,False,1179.5862192038196,783.4606624357614,74.16117688229599,8.544909113409595,1.7949045941302046
2,329,Residue Management (No-Till),2106,,,,,,,False,153.36428939926725,174.43106133431706,11.567741497106399,20.834867986521356,4.241905301594602
2,329,Residue Management (No-Till),2152,,,,,,,False,667.5297270019048,59.89593800489701,6.806248802183542,2.2938282248452975,0.3810369626386238
2,590,Nutrient Management,1685,,,,,,,False,999.7059192384318,21.04660968648753,5.569988364363408,13.62614998746789,3.9661466521715907
2,656,Constructed Wetland,2423,,,,,0.6468197395183493,9.924336838195417,False,121571.77195230722,64.26545003545621,22.679829120218276,16.238298518784557,3.991404666068384
2,340,Cover Crop,1836,,,,,,,False,4159.894820255241,1032.472175071357,431.4467352209586,70.56202407823977,17.148690104651823
2,329,Residue Management (No-Till),937,,,,,,,False,313.19996388105596,266.87360460675023,31.853350439393335,17.110721547417928,2.1525749145951236
2,590,Nutrient Management,729,,,,,,,False,1429.2001535810975,491.87982424893204,147.26779915574912,30.66946362386931,8.858128953080543
2,329,Residue Management (No-Till),2039,,,,,,,False,1207.0119204197738,2732.5281771048935,214.79301690360975,30.776311138078704,5.947772886079537
2,340,Cover Crop,1592,,,,,,,False,1006.8992377167708,260.9194469437631,66.45678529682735,4.117137590045962,0.7494121138436733
2,590,Nutrient Management,328,,,,,,,False,2815.981724517711,2792.6362219161792,846.4937174852989,137.58443796648044,37.74829661351475
2,329,Residue Management (No-Till),2393,,,,,,,False,2616.3707414837686,880.6322235999673,62.219243190665566,26.748179797152876,4.46252441053719
2,329,Residue Management (No-Till),2608,,,,,,,True,993.7813076401826,731.9339363097904,19.928336094006976,14.323386935983839,0.6699865273593235
2,329,Residue Management (No-Till),810,,,,,,,False,1163.9194859036072,386.68052422812957,48.10917931435004,0.4718083552000093,0.12042647844466396
2,329,Residue Management (No-Till),389,,,,,,,True,416.70263266756666,4.261863410141001,0.12554073000095747,73.5605412556454,4.107088562921242
2,329,Residue Management (No-Till),1253,,,,,,,False,221.6358739242725,505.57403821975225,41.86581556226911,3.665567274586264,0.7362973215788192
2,329,Residue Management (No-Till),688,,,,,,,False,746.7425902353341,391.25929129778154,30.24985693757661,331.9069290594082,59.22263105270816
2,340,Cover Crop,2669,,,,,,,False,2383.857943492809,353.2326787752821,122.46884023049431,16.15612968958945,2.5565834625768704
2,329,Residue Management (No-Till),1728,,,,,,,False,1016.1214206923579,495.4857911096858,55.21373656914303,26.863465905988022,5.275320008866352
2,590,Nutrient Management,1686,,,,,,,False,2822.8628533438987,3802.5214590596297,1282.0596005086313,248.6046853733303,69.88231626060355
2,590,Nutrient Management,1413,,,,,,,False,484.45785261066646,587.5073644633168,170.83968642960215,173.26489032564282,43.061119883622155
2,329,Residue Management (No-Till),553,,,,,,,False,713.8715531873213,236.66372670772404,27.64507691950664,20.696011683548942,3.3772156871269168
2,340,Cover Crop,472,,,,,,,False,1027.5869244620974,520.3642167562031,185.7371886462452,16.882610426265707,2.669274178413055
2,329,Residue Management (No-Till),860,,,,,,,True,1404.9417060969624,593.7822336959364,13.28653980824707,3.445594576648805,0.14091676631058675
2,329,Residue Management (No-Till),1719,,,,,,,True,557.5728927419894,360.24344526015005,5.3786880483002095,28.15265404380964,1.2173594848421871
2,340,Cover Crop,1558,,,,,,,False,1298.1560184290886,389.3309140693933,176.62711710034208,9.634572537033637,1.3765598832979196
2,340,Cover Crop,2260,,,,,,,False,2157.792612174142,538.635180596947,143.16532689622704,87.90990212009059,18.964927636927815
2,590,Nutrient Management,416,,,,,,,False,834.8721659996519,234.33646896936108,78.4808994313095,13.835589191607333,4.041695287864356
2,329,Residue Management (No-Till),2273,,,,,,,False,3590.102643795258,1101.8371103091176,78.99803836636804,304.9735988975024,57.868364672532294
2,329,Residue Management (No-Till),852,,,,,,,True,212.12307267945573,84.05056620773544,2.779488490743646,11.187963075739967,0.3960565790505151
2,329,Residue Management (No-Till),978,,,,,,,True,210.5183577102194,157.98654316990263,4.269739436957946,67.88618627150402,3.2119445785689864
2,590,Nutrient Management,1142,,,,,,,False,526.3285034807723,105.90404116665465,33.21862803313583,24.567186538232484,6.720020816453382
2,590,Nutrient Management,2277,,,,,,,False,1130.94084971833,1272.081932856539,483.53302556431396,14.45408768342127,3.9912325117424765
2,329,Residue Management (No-Till),274,,,,,,,False,420.85245212789033,173.9653929544798,14.434940719446043,4.705385252650564,0.8620875844968285
2,590,Nutrient Management,95,,,,,,,False,318.303439115461,94.28229044412835,25.120290502851628,3.608310305735618,0.8401766802721633
2,590,Nutrient Management,2195,,,,,,,False,561.3865045561819,66.14380198201275,26.580165316942267,0.9105454060509224,0.1958259372561176
2,329,Residue Management (No-Till),169,,,,,,,True,1702.790252368618,507.71269273678,12.680756075839803,39.234525595696795,1.7133470453429647
2,329,Residue Management (No-Till),146,,,,,,,True,7.790006726333442,13.324764688538124,0.20428728510335564,0.006608382679549964,0.00023884379873529004
2,329,Residue Management (No-Till),702,,,,,,,False,484.69904817336106,922.001983218295,93.06440662804502,14.270946513059489,3.3663766401967843
2,590,Nutrient Management,1449,,,,,,,False,1640.357449910896,2272.2019865037646,635.0584135043697,88.88117326812849,24.040607681951183
2,329,Residue Management (No-Till),2125,,,,,,,False,3534.418222350673,7561.208366353244,459.33455841233547,108.06502286668008,17.726501592913017
2,329,Residue Management (No-Till),2467,,,,,,,True,569.9253194838526,462.2443291842529,8.909319164721476,1.2698163100893556,0.042353193537065036
2,329,Residue Management (No-Till),1228,,,,,,,False,687.0248835573107,503.3424402687994,51.35736566630615,6.345836574003086,1.1510472674395509
2,590,Nutrient Management,2483,,,,,,,False,253.93009298013337,3.770735025092751,1.3393175604946534,22.467642363582605,5.447377521992762
2,329,Residue Management (No-Till),2137,,,,,,,True,910.8971362592323,395.33038400891553,8.711638507164995,68.702905804981,2.8006553420286875
2,590,Nutrient Management,2066,,,,,,,False,629.4210142200575,44.69720713221367,15.952949080766274,318.8707081978388,91.64253487834527
2,340,Cover Crop,2263,,,,,,,False,1164.507333378973,262.1782385693204,109.69970284561508,128.70610196326817,29.629723683857442
2,329,Residue Management (No-Till),1411,,,,,,,False,460.80668052480314,178.33303261159196,14.720380237398953,10.649420982457903,1.5592615489874038
2,590,Nutrient Management,884,,,,,,,True,1060.9848111367028,215.70272396381463,16.451034521416908,56.622739276997756,3.762336954699462
2,329,Residue Management (No-Till),746,,,,,,,True,871.8709113192252,585.1680747225718,13.419864735108876,62.61849048560472,2.429815865256517
2,329,Residue Management (No-Till),156,,,,,,,True,173.26810776684417,398.2725715061012,11.76611082557658,3.142089153097581,0.10057219110808562
2,590,Nutrient Management,2454,,,,,,,False,1098.7321916252865,3370.173294132664,953.0039959148502,105.82886367401102,29.404669071398
2,329,Residue Management (No-Till),1463,,,,,,,True,558.4202855464345,802.5815486759326,14.620778395659233,109.05381979442448,5.718851996889857
2,329,Residue Management (No-Till),1451,,,,,,,False,567.0365463819752,131.17592807357107,13.036393944458117,54.9129800599569,11.899602731652552
2,329,Residue Management (No-Till),1013,,,,,,,False,582.5756358287327,67.83269752322708,7.725239823072878,10.762963660134403,1.4068682524059457
2,329,Residue Management (No-Till),1517,,,,,,,False,153.41680071446692,94.82566837467853,8.367896369955423,1.6076189706264261,0.20589099900071053
2,590,Nutrient Management,2359,,,,,,,False,734.9527745631293,471.2715413941283,147.33018111104002,26.064309203406694,5.618502294177064
2,329,Residue Management (No-Till),1317,,,,,,,False,265.2026219674723,792.7873078406449,48.29799688234159,5.13910275724644,0.8025641542270769
2,329,Residue Management (No-Till),458,,,,,,,False,1582.9202826183398,627.1336601768185,32.26567137453708,69.79906733955978,11.687334441255162
2,329,Residue Management (No-Till),1549,,,,,,,False,791.744756306953,211.0003769202721,15.987276066311393,11.557769987904138,2.651571927374044
2,329,Residue Management (No-Till),2403,,,,,,,False,1119.9643039356783,1167.6066016953105,135.57907537642808,92.03584530066576,17.550260135424317
2,590,Nutrient Management,29,,,,,,,False,2388.3690673235546,793.9902254549862,227.03828075973487,555.02676044136,177.80646080119945
2,329,Residue Management (No-Till),1036,,,,,,,True,443.91103429665486,829.7812333510491,23.258095076787445,3.9278667362246917,0.22059051389594939
2,329,Residue Management (No-Till),378,,,,,,,False,859.6459115147895,308.76247264093644,28.422932230424028,25.83311165374953,4.281091223766579
2,340,Cover Crop,603,,,,,,,False,4650.826926681342,874.1223687634493,310.25417131559,32.50077525144332,5.56444224409133
2,329,Residue Management (No-Till),2244,,,,,,,False,333.9818682851188,698.8606527767927,34.180409535142616,44.49856857681471,7.072836286916158
2,329,Residue Management (No-Till),1231,,,,,,,False,230.28095439258126,408.71112325054725,26.446463441784264,17.932714389351233,3.225396048597586
2,590,Nutrient Management,1445,,,,,,,False,2171.8221696829796,1244.2410210890255,446.5007995626377,146.78336542003834,41.093038508392134
2,340,Cover Crop,710,,,,,,,True,1075.02654143177,6.440727475773571,0.5931189913086928,54.15285440917093,2.466142318085134
2,329,Residue Management (No-Till),2032,,,,,,,False,530.3797268765708,240.9664807230217,22.22270170791989,13.520255966128337,2.930801225081113
2,590,Nutrient Management,1974,,,,,,,True,2592.7169986072904,254.4123849561145,17.48595539379793,424.8668642966883,32.911304078240946
2,590,Nutrient Management,1955,,,,,,,False,988.8783947138036,176.64709192620037,62.661089560970474,178.95195153235179,61.83907490408368
2,590,Nutrient Management,1144,,,,,,,False,898.4443798536818,106.08605512824681,43.00755450472312,35.76661133324716,8.43278844342836
2,329,Residue Management (No-Till),2640,,,,,,,False,559.7134595210457,407.579129631101,43.73720689815292,31.699482701702134,5.028097063286826
2,329,Residue Management (No-Till),1546,,,,,,,False,568.5403416945818,213.92768064992927,20.15487285868524,56.492518732604815,8.816890647271675
2,329,Residue Management (No-Till),406,,,,,,,False,386.4588113447959,570.2975319001852,64.36663696449591,33.84449685471835,6.901405280132175
2,329,Residue Management (No-Till),1882,,,,,,,True,1225.7581366664529,393.79831357964673,10.709678704981723,4.383043976704014,0.1499805822194827
2,329,Residue Management (No-Till),2198,,,,,,,False,601.4527787780261,75.68908389604981,8.322812384004502,9.148226738491559,1.2854879747316859
2,329,Residue Management (No-Till),1531,,,,,,,False,1415.2937116476912,245.52532678689408,15.282651593151673,8.632794620628664,1.735786851338955
2,329,Residue Management (No-Till),2332,,,,,,,False,253.3594608067647,357.95073056870274,30.321748868032785,94.50940672183255,16.700381054422433
2,590,Nutrient Management,811,,,,,,,True,3979.9384736179786,2117.2587825239884,235.02779588387992,176.12504230981247,12.838624902018871
2,329,Residue Management (No-Till),1356,,,,,,,False,2938.8016034273064,627.9018998987323,53.312692014660776,183.60224483522364,26.164158114025913
2,329,Residue Management (No-Till),1650,,,,,,,True,606.6237842188287,879.947466626334,12.02324398126499,3.416651755898282,0.14663590127949142
2,329,Residue Management (No-Till),2527,,,,,,,True,1388.3029817008683,1626.6258273322876,46.86229152647399,11.435491721603748,0.6149265782136656
2,329,Residue Management (No-Till),1032,,,,,,,False,382.99427411326815,240.7647927635911,23.821451344245954,9.522958246486937,1.5212843361814845
2,329,Residue Management (No-Till),1004,,,,,,,False,648.6341995517162,677.3688062875078,71.84857732068872,55.355829757688305,8.237087593086525
2,590,Nutrient Management,1459,,,,,,,True,360.6731183189342,148.36340662907966,11.363484602171981,28.250060636348785,1.6893158474726306
2,340,Cover Crop,412,,,,,,,False,2905.1005210415697,525.8739851455617,218.2386969442649,9.001140167764696,1.5055242007436
2,340,Cover Crop,1442,,,,,,,False,4323.97344464069,1205.553545003474,514.1495421552154,35.50100878485579,8.240362860415948
2,590,Nutrient Management,345,,,,,,,False,1170.9803308619846,1395.9278887909948,328.4952647163871,26.013352980502855,7.096166651335183
2,329,Residue Management (No-Till),467,,,,,,,True,1720.1045499235238,1244.3475424082712,25.253888065923103,0.5871931182979832,0.028768067649501555
2,590,Nutrient Management,1653,,,,,,,True,166.40004763834807,123.78430663555154,11.050140844264766,17.717911352861176,1.1413480488471393
2,340,Cover Crop,1680,,,,,,,False,1397.9351746509908,181.35145763933073,62.951865692861226,35.714613209956845,6.928871820143978
2,329,Residue Management (No-Till),1613,,,,,,,False,565.3233102166324,95.66825744946703,12.029501807098821,3.595968228037043,0.5713762913666152
2,329,Residue Management (No-Till),1624,,,,,,,True,992.3686972661678,3057.900755956333,79.19248560755865,30.218927339374165,1.037422479527004
2,329,Residue Management (No-Till),1487,,,,,,,False,380.5317778836653,106.42918197906087,5.890451011929939,18.342885215246866,2.1015272492876687
2,329,Residue Management (No-Till),1327,,,,,,,False,626.538388026926,1790.0120142648047,109.70898970134353,18.127884669915186,3.246748077626495
2,329,Residue Management (No-Till),1400,,,,,,,False,1271.49611204354,530.319463873119,61.11952094067539,80.22655922983135,15.721236537370372
2,329,Residue Management (No-Till),2597,,,,,,,False,432.16332994467103,289.9152043992026,26.431000326008288,12.32212418315952,2.470032204967113
2,340,Cover Crop,2323,,,,,,,True,4887.781660885763,2187.120747636061,219.1798420059216,80.8539837157261,4.360348952336785
2,329,Residue Management (No-Till),27,,,,,,,True,383.9970546478701,159.63417192663704,3.5315810585197003,5.216665197154255,0.23866083135761443
2,590,Nutrient Management,1866,,,,,,,True,643.9057614739959,284.2655709866472,28.186469475574604,212.52575411369105,13.939740248381373
2,340,Cover Crop,956,,,,,,,False,1167.1947155421487,182.1468822557314,57.668397305776075,1.6300349889478607,0.21291430503867473
2,340,Cover Crop,970,,,,,,,True,2155.393728272662,143.43594477920763,14.100969797298454,3.3572049160895676,0.15783715910189572
2,329,Residue Management (No-Till),1734,,,,,,,False,341.98573838457054,1230.039293810083,74.16857215619495,27.692371419843184,5.23870751726548
2,340,Cover Crop,2008,,,,,,,False,3018.166194162101,655.41484824244,200.88831377376158,1.4216946307700926,0.32742696652978726
2,590,Nutrient Management,499,,,,,,,True,1060.6951131886794,278.8029698312842,24.874690327336427,148.8644519026795,10.322149893092487
2,340,Cover Crop,1396,,,,,,,False,890.2210941087335,141.38678299890665,36.72573921929093,27.109349742699173,4.390499830177935
2,340,Cover Crop,200,,,,,,,False,5570.4826230373155,1263.4918143710674,394.1801008788789,113.24280438812045,21.449769076056526
2,329,Residue Management (No-Till),189,,,,,,,False,48.583637750081785,49.838079696369064,7.050144290763279,4.295586329149057,0.6405398046493159
2,590,Nutrient Management,713,,,,,,,False,470.1936680451855,102.56611769477404,34.1182540650275,65.90848898142363,14.795761211128193
2,590,Nutrient Management,1417,,,,,,,False,2383.0551456672997,408.31159388592124,131.19407500461767,30.104710030824883,8.274354657086295
2,329,Residue Management (No-Till),2289,,,,,,,False,619.2580510193901,188.48590645249527,10.796746561863683,35.66117809549699,5.504319569922067
2,590,Nutrient Management,914,,,,,,,False,2493.85265491485,268.4399902284723,83.09284876019994,65.19900315399266,16.629236905438127
2,329,Residue Management (No-Till),89,,,,,,,False,1879.2886795636266,3556.9413272585134,297.138226272866,153.2561004014258,35.18602959351284
2,329,Residue Management (No-Till),792,,,,,,,False,395.36781235945887,382.8482639846454,38.80525245180299,6.332253805940294,1.030429810636305
2,590,Nutrient Management,616,,,,,,,False,912.050303658711,246.64659495092707,92.86283959154123,6.170410183895768,1.693135267646886
2,590,Nutrient Management,685,,,,,,,True,398.39903640941776,26.287609517788205,2.4784628516960745,26.60439011602051,1.4430962525678506
2,329,Residue Management (No-Till),194,,,,,,,False,1203.3509231059047,549.0408619739611,42.49645066632273,58.192951688423555,8.940061206602232
2,340,Cover Crop,441,,,,,,,False,3889.2582146357545,500.4335564717548,199.9573242909636,142.71434139237473,31.9404144061538
2,590,Nutrient Management,1215,,,,,,,False,570.3639138818794,162.97854441322528,46.92695490806684,4.940190324593892,1.0677477248708624
2,590,Nutrient Management,1332,,,,,,,True,3218.1457788592493,2169.294829516401,133.14406914987086,56.25790415862789,4.096636074342455
2,329,Residue Management (No-Till),1953,,,,,,,False,218.01465022913703,198.76140558598246,19.757392173980616,7.137249791453627,0.9936007254823531
2,590,Nutrient Management,2007,,,,,,,True,435.3249351677392,133.60133144801054,10.62325397084666,3.9648873736739176,0.319404137257615
2,590,Nutrient Management,2104,,,,,,,True,273.35838570670654,58.56887758373764,4.034772910070876,4.653779871260093,0.328903659203638
2,590,Nutrient Management,331,,,,,,,True,479.1073748133557,131.9994911028009,13.087107381831466,11.779745498263772,0.8884234005383784
2,340,Cover Crop,1960,,,,,,,True,2013.4048526001773,135.83018551500427,11.820994980679068,31.136633833080516,1.7371225795269352
2,329,Residue Management (No-Till),105,,,,,,,False,1199.9997175026872,1254.1869203435597,89.65295928818799,59.38727691075438,10.098371569067009
2,329,Residue Management (No-Till),2236,,,,,,,False,143.79849743778018,264.5066075402102,24.78977804672803,3.6674863565452114,0.6084695730164351
2,590,Nutrient Management,1000,,,,,,,True,617.7197050540225,248.816278368402,18.988418397442814,3.5187988901371408,0.2514584955575107
2,340,Cover Crop,1370,,,,,,,False,3179.247384705289,638.5227573996983,195.39000568431166,9.883531050844711,2.7116169381542004
2,329,Residue Management (No-Till),2149,,,,,,,False,1773.9100389283567,774.199755453466,57.23655120008915,22.200564721866776,3.7855487399494603
2,340,Cover Crop,851,,,,,,,True,981.1076393893863,520.5345993205316,43.65985923540512,8.259604026671475,0.3501680885389123
2,590,Nutrient Management,1913,,,,,,,False,545.5170278725242,374.69955303960444,138.49673916088034,11.53737703088462,2.3464820328250546
2,590,Nutrient Management,1463,,,,,,,False,1506.6671304207985,787.9607702802733,309.3681792926695,103.33496779753463,28.20015987712258
2,329,Residue Management (No-Till),1123,,,,,,,False,1457.387903403123,34.11133864293275,3.0440701101852294,4.118621462419596,0.7848081986785115
2,340,Cover Crop,1712,,,,,,,False,1794.1756912906853,236.40672180637586,72.21135950673128,11.223611213947967,2.3431241442679767
2,329,Residue Management (No-Till),2235,,,,,,,True,293.6862369805707,131.59711062069928,2.122187657520166,10.425291453959721,0.38197193295847764
2,590,Nutrient Management,614,,,,,,,False,391.1380160826716,250.89194933108567,69.58585231449695,14.548168816685692,4.87088232585674
2,329,Residue Management (No-Till),1593,,,,,,,True,517.3522682773636,314.6704658813362,7.384514957694936,65.07643491145295,3.236088678298386
2,329,Residue Management (No-Till),2501,,,,,,,False,554.8055135739692,427.59512246742486,50.981118937446325,38.74398233452854,7.724165313945694
2,340,Cover Crop,538,,,,,,,False,4398.841499878932,1140.044453915319,288.5697907813988,204.41290923656135,46.26399426671793
2,340,Cover Crop,2041,,,,,,,False,4915.175174630616,461.66800859372495,159.80022600044515,15.578597070830615,1.7074696354214611
2,329,Residue Management (No-Till),2266,,,,,,,False,168.5704873065099,269.78205736853147,18.557567204437397,5.941193073925352,0.8605500646095054
2,590,Nutrient Management,2553,,,,,,,True,884.3514276860993,17.560648586829515,1.3608134843869815,3.19887875106218,0.20589421823253348
2,329,Residue Management (No-Till),704,,,,,,,False,369.64704531754603,178.9044831999396,15.163455207510331,8.281665760799875,1.4274388880039746
2,590,Nutrient Management,161,,,,,,,False,1.0578772400529965,0.5234554929754097,0.1833577994774935,0.36740438711905116,0.11346469937276596
2,590,Nutrient Management,262,,,,,,,False,746.5039181095264,282.6580926911398,108.27719047164233,35.00749554233679,11.747286458322442
2,340,Cover Crop,525,,,,,,,True,6372.102595823445,255.1151889876525,22.561705074233252,115.28919967445337,7.634505370128508
2,329,Residue Management (No-Till),607,,,,,,,False,1031.316243150181,1161.143966881563,72.50803774052848,103.21758095257175,15.825293190233284
2,590,Nutrient Management,1444,,,,,,,True,1076.5620426129562,343.38080576199917,32.76648978708345,11.302419334272669,0.6738949973113804
2,590,Nutrient Management,1023,,,,,,,False,1035.5215091781902,963.2494192280982,288.05953795442,34.69058551398286,11.681205880068088
2,340,Cover Crop,568,,,,,,,False,1358.7939162322107,240.87279435229337,94.11437220088521,5.096882674017386,0.7184141632235249
2,329,Residue Management (No-Till),1460,,,,,,,True,742.791558204559,333.16686136710905,4.408045033060525,8.307724246339687,0.47174751179276714
2,590,Nutrient Management,610,,,,,,,False,566.5126052974487,213.53650865963812,64.43989323835162,62.1173109086987,14.040975332233913
2,329,Residue Management (No-Till),1834,,,,,,,True,920.9477488686726,378.37414012011186,9.462790097503806,2.3408138562777,0.11379555626471245
2,329,Residue Management (No-Till),1986,,,,,,,False,70.81292113986545,13.617249649580561,1.6414388359154166,8.719986018249513,1.6762573396165974
2,329,Residue Management (No-Till),3,,,,,,,False,672.8320115924855,589.5754082367691,66.5406748806716,13.95076660498762,1.9599688810950955
2,340,Cover Crop,2550,,,,,,,True,3315.9487435242654,2522.9539474661074,269.1566911136316,2.2488721168054093,0.08338850446747864
2,329,Residue Management (No-Till),2624,,,,,,,False,282.35797261696996,153.8966248407755,16.069998641148633,131.91537194769558,28.957331845336125
2,329,Residue Management (No-Till),2621,,,,,,,False,524.1198380421305,145.96676670890452,15.2011692980249,264.8741795029634,45.43179576491257
2,329,Residue Management (No-Till),388,,,,,,,True,343.49525364556786,213.616754571821,2.806592790493091,6.287037081411276,0.3501266980208429
2,590,Nutrient Management,1040,,,,,,,False,3887.69310817989,1305.4685479323473,510.0184749168148,20.293870411476163,4.463716612402301
2,590,Nutrient Management,2061,,,,,,,True,1483.13014244233,755.1769153942432,56.96976982869128,257.7444009782183,17.257934224862186
2,340,Cover Crop,84,,,,,,,True,1283.1815656524839,47.64296554256341,4.725276083938389,92.80350030541571,2.278268748977005
2,590,Nutrient Management,1887,,,,,,,True,739.0154395589137,668.9991432220378,41.64707460114954,105.1919854251908,7.5173864323558615
2,329,Residue Management (No-Till),915,,,,,,,False,1146.270461344582,1603.164291217837,78.95316581104682,34.05605734413031,5.062911494732478
2,590,Nutrient Management,2209,,,,,,,True,3932.6977434770033,6753.600887022337,558.5195524511928,35.85757152684533,2.9713194571300203
2,340,Cover Crop,403,,,,,,,False,2015.306852476606,178.57074879468095,74.33387089175545,4.115620693078646,0.573496029602711
2,329,Residue Management (No-Till),943,,,,,,,False,329.71342153978657,309.5956157905426,26.70172439003989,3.807527312168226,0.6761937751115841
2,590,Nutrient Management,2064,,,,,,,False,260.03497531090517,72.49286530445896,24.860853213983546,6.361057160118992,1.8740945741136914
2,329,Residue Management (No-Till),1874,,,,,,,True,22.291511843620306,22.191343936754006,0.5730231330939992,1.1828333674534912,0.05165456375469767
2,329,Residue Management (No-Till),1069,,,,,,,False,519.2752865263018,1394.3368290429664,115.25535484803547,15.807042788718766,2.839428039731209
2,329,Residue Management (No-Till),624,,,,,,,False,904.9925279342044,825.6257401204666,73.26064325289144,32.965905672802315,6.0663256341577165
2,329,Residue Management (No-Till),1014,,,,,,,False,320.9931383825207,280.8804981689515,20.423315704052605,3.131178031707041,0.641126477748523
2,590,Nutrient Management,1140,,,,,,,False,73.4879897085895,1.8063240829784966,0.6784970128526967,5.075286951331559,1.184914698001132
2,329,Residue Management (No-Till),991,,,,,,,False,1368.6281414497575,1615.771256740069,116.77849132077571,107.32579208746479,21.36700553194422
2,329,Residue Management (No-Till),2670,,,,,,,True,796.6595084970119,281.6906116698129,5.456729314085956,74.46297209904785,2.837007757239694
2,340,Cover Crop,616,,,,,,,True,1610.9355226025184,153.78375535938585,16.284148624169887,4.4772749162488825,0.12711950499547908
2,590,Nutrient Management,2092,,,,,,,False,1802.5437329882168,2055.2551155998435,676.9869548961495,47.519928326373496,12.852249338473465
2,590,Nutrient Management,117,,,,,,,False,2272.594806299008,290.7748065876871,94.05520004666877,94.37766292760023,22.932641338861647
2,590,Nutrient Management,108,,,,,,,False,4712.505763162447,6772.438805048304,2366.2145629636407,458.6199888134901,149.3573887239078
2,340,Cover Crop,860,,,,,,,False,3942.983321290274,580.4956938876893,157.30383593996845,3.3046778103382186,0.7105543009161225
2,590,Nutrient Management,230,,,,,,,False,519.1224781913045,184.3627847938691,57.99111374869007,15.57712549091834,4.069054831222261
2,590,Nutrient Management,775,,,,,,,False,794.3572088925866,304.06927198058986,114.91342080198805,44.72195321946068,14.131112218780446
2,590,Nutrient Management,1725,,,,,,,True,2070.644790935723,194.54456871308042,16.27432108116133,452.03170844819994,25.49703834597613
2,340,Cover Crop,206,,,,,,,False,3775.8736781381162,218.30790841750746,91.08806850724213,153.96000507830638,38.15340706283374
2,590,Nutrient Management,2396,,,,,,,False,61.43050027746583,21.81516066980499,7.874252556440531,0.7559064767828352,0.1798262613065805
2,590,Nutrient Management,344,,,,,,,False,153.32652649150796,94.48298755847745,32.37390121886989,10.269587674956867,3.6801061747952897
2,329,Residue Management (No-Till),29,,,,,,,False,2218.9205397446963,566.9519446952513,42.67375087430566,377.2202996401606,73.50887342413995
2,329,Residue Management (No-Till),62,,,,,,,False,1809.8365579688111,961.2208109758479,53.704356416754905,107.74368530738599,25.402146392814892
2,329,Residue Management (No-Till),1335,,,,,,,False,1115.9641254481567,627.1809018462192,35.66023881809836,23.409733699902205,3.882438856904576
2,340,Cover Crop,1913,,,,,,,False,1093.3043155807527,236.20281387872407,84.25250874275277,9.190894998059568,1.01030274748151
2,340,Cover Crop,2215,,,,,,,False,2161.483128919939,49.14170041830484,15.043784975594324,88.6776889123319,14.648178125347254
2,329,Residue Management (No-Till),1165,,,,,,,True,808.6016085147428,543.8778243319072,16.228128773384803,256.7496107229419,13.403487837367928
2,329,Residue Management (No-Till),2550,,,,,,,False,1230.6395077933828,2253.797256352476,177.69505158949113,2.165483612337931,0.5745201891720554
2,329,Residue Management (No-Till),1697,,,,,,,False,336.2089021397458,223.77797552839797,21.878781241054174,27.22899571869353,4.44546702536291
2,590,Nutrient Management,1258,,,,,,,False,1396.693291594811,1551.3150154391399,568.5832597278344,53.99089373329242,11.851928505749974
2,340,Cover Crop,98,,,,,,,True,2419.084773164946,718.1073696639353,57.14209661064538,2.600194578109628,0.11370369003161518
2,329,Residue Management (No-Till),45,,,,,,,False,329.7694532030767,490.9190460869814,48.02050369929761,59.1090700176133,12.237789773869528
2,590,Nutrient Management,2596,,,,,,,True,274.63359701155355,153.9103371240806,13.15085809485644,12.7781956566327,0.741632987387395
2,590,Nutrient Management,154,,,,,,,False,607.260062824053,250.387789093522,100.36243926206181,26.90290430972737,7.796613169103499
2,340,Cover Crop,896,,,,,,,True,1947.2832979630489,492.74558838434695,41.74911240623907,70.96941406655212,3.002096508040055
2,329,Residue Management (No-Till),2654,,,,,,,False,447.18865229564943,136.26631752304002,12.336123048656557,29.949554579686023,4.9312396099049645
2,590,Nutrient Management,1081,,,,,,,False,607.3838286979749,5.846442115781738,1.6532068028960538,35.16418721926605,10.80662030707046
2,590,Nutrient Management,223,,,,,,,False,525.7697781943375,762.6872885771912,326.83531921833907,136.8281717188312,51.0815891492432
2,590,Nutrient Management,571,,,,,,,False,730.5651924403023,368.4448540235346,93.49741360912667,12.221522868974938,3.197831347631548
2,590,Nutrient Management,399,,,,,,,True,218.15651497045408,142.9534877711621,12.043708863150236,0.9094223763837519,0.05897599699539245
2,329,Residue Management (No-Till),2499,,,,,,,False,509.3396611361631,3.077511943904205,0.35887320748176965,3.0478801109793614,0.4256753511964974
2,329,Residue Management (No-Till),2072,,,,,,,True,503.7176950483603,172.40931780132615,3.3695475795654053,172.12653026085306,8.97931069521856
2,340,Cover Crop,592,,,,,,,True,6074.719494913624,1475.1029036416382,104.25913734329704,31.93537571481225,1.650827569645265
2,340,Cover Crop,916,,,,,,,False,5620.5010428760825,1453.3064218512689,562.8631834457824,1.8615969725910169,0.542571622256329
2,590,Nutrient Management,591,,,,,,,False,1417.108033128888,1460.390093584305,513.5079965395034,67.80394687136318,21.141746802362842
2,329,Residue Management (No-Till),2560,,,,,,,False,356.5535794930399,282.12896052701086,23.973780811688997,2.542484234236306,0.5208162139763545
2,590,Nutrient Management,336,,,,,,,False,1608.9890832164042,429.71511882726224,177.6726073574548,116.98282484257719,31.120371430288618
2,329,Residue Management (No-Till),1802,,,,,,,False,309.5730295587589,478.22338628130643,53.351178331286164,6.123282821538359,0.7304834698339986
2,329,Residue Management (No-Till),780,,,,,,,True,1960.1387573324587,2953.5242803205574,45.75683134415017,239.74942154266023,13.048423492495369
2,590,Nutrient Management,222,,,,,,,True,4462.530492039234,610.5094796022694,47.8810880603113,220.629130972006,15.243213737750175
2,329,Residue Management (No-Till),2618,,,,,,,False,178.33281892920618,109.9948727099765,11.053704124837921,2.63761101264041,0.4544768781264984
2,590,Nutrient Management,625,,,,,,,False,821.2751883334895,244.39404882339844,84.39618175470486,70.9798739758896,16.54777920930418
2,340,Cover Crop,2551,,,,,,,False,2888.1922908726256,651.062910708969,264.9188698747188,201.32091384135856,30.604223816815264
2,590,Nutrient Management,1283,,,,,,,True,1214.2902173187624,641.2828379207183,50.44765851139046,106.21854756024419,4.953839600457083
2,590,Nutrient Management,1625,,,,,,,False,182.54696664972107,132.57661457435228,44.534557145971334,5.852691859698151,1.2257993975660106
2,590,Nutrient Management,1501,,,,,,,True,785.5316883152758,818.9076356134509,72.61866220628853,257.50175492978656,16.10394630623528
2,590,Nutrient Management,1368,,,,,,,False,2973.5870383969195,2059.1162883209813,767.6709636800471,18.94928949299445,6.031644800977902
2,340,Cover Crop,1752,,,,,,,True,2245.1777172645793,35.49253079814097,3.6779418193310724,76.9431740138368,3.2344475165517306
2,329,Residue Management (No-Till),167,,,,,,,False,925.2776844725972,1049.7783578068572,60.39395704761532,25.814325830651217,4.522630865602839
2,340,Cover Crop,809,,,,,,,True,3087.355794988629,425.79021029435927,39.57987824857382,1.3322696884938057,0.05878985684069833
2,590,Nutrient Management,1349,,,,,,,False,115.61772598534188,41.25685434084275,15.745149199334739,18.869241058237602,3.8199693023483356
2,590,Nutrient Management,957,,,,,,,False,695.5950208446861,163.26160037923958,68.39848943004964,21.607794705351697,6.576629691625486
2,590,Nutrient Management,359,,,,,,,False,714.1634471852116,394.90753599730624,166.72938219322253,88.84497678777409,23.64395178732781
2,590,Nutrient Management,941,,,,,,,False,1443.844667116734,430.4301581634588,134.78689253028503,421.1734807025742,111.9926537752129
2,340,Cover Crop,91,,,,,,,False,2106.503203432131,1443.5013311552968,494.04138833375947,16.633048667618272,3.274968127235267
2,590,Nutrient Management,25,,,,,,,False,509.6438074722212,538.634509379394,222.59373934255933,5.599198950813355,1.3402238217403146
2,329,Residue Management (No-Till),1547,,,,,,,False,876.4200765153809,175.52524068564017,15.839873037086349,7.0452394911762015,1.6290385960657323
2,590,Nutrient Management,4,,,,,,,False,190.19262411456612,75.81382020107156,22.27693577220226,1.3379540762746998,0.46097045465448294
2,590,Nutrient Management,2256,,,,,,,True,60.10066464542308,25.835475749518665,2.56824187546406,3.304063709779892,0.2428250022779757
2,340,Cover Crop,884,,,,,,,False,1147.927612637165,199.25168944239772,73.79041869349356,52.86040232229829,12.51532003607144
2,590,Nutrient Management,2597,,,,,,,False,1230.3788678089804,263.4842040731943,82.74167640922742,9.852091978192409,3.0481453807151375
2,329,Residue Management (No-Till),2564,,,,,,,False,1089.694656295599,568.8173195977203,53.38848594478799,5.701621763387301,1.27844683683644
2,590,Nutrient Management,1558,,,,,,,False,852.6130392576715,212.7037969690512,69.75692291996673,8.258012653735717,2.4473534928317835
2,590,Nutrient Management,2628,,,,,,,True,1065.0868707173483,1179.94100978997,116.2879302857371,176.01797874863072,11.75859917145382
2,329,Residue Management (No-Till),1571,,,,,,,False,1536.4617277422128,815.6033890661562,63.29267494941229,373.86131022664205,67.62988774844618
2,329,Residue Management (No-Till),2647,,,,,,,False,594.9530623575396,947.9168368858063,80.32819909427543,11.948490310556869,1.9266888056978506
2,340,Cover Crop,2271,,,,,,,False,2309.1683837319133,420.5204816599606,150.72644976971716,51.390169247275836,9.553164330505385
2,329,Residue Management (No-Till),785,,,,,,,False,493.05407105751766,116.55328950795892,9.490272025272407,0.09924463396801628,0.015007357957294949
2,340,Cover Crop,1405,,,,,,,False,92.04107715948815,4.66343473447894,1.807878924929241,0.6138950076790118,0.11358506877706465
2,590,Nutrient Management,1194,,,,,,,False,360.31129249865444,132.00915197303118,52.33536353138531,1.4213345315427803,0.4580746916176155
2,329,Residue Management (No-Till),2361,,,,,,,True,1891.2488137799212,1086.7927350222371,29.658139384628004,45.056049357098935,2.1692067088292
2,590,Nutrient Management,1158,,,,,,,True,1471.5360012889098,185.08522510770314,19.238810600826685,4.817097177766466,0.36321068305259696
2,590,Nutrient Management,526,,,,,,,False,5670.823089448221,98.34904303740255,30.501347939921253,0.17189346783589343,0.0575244008466048
2,590,Nutrient Management,570,,,,,,,False,964.8201206857092,265.03745633033395,84.64526267247159,69.80531772931741,21.019455532477586
2,329,Residue Management (No-Till),1023,,,,,,,False,538.4396537241258,675.1898812736782,35.20533576526542,23.009379633914772,4.490047114443686
2,329,Residue Management (No-Till),614,,,,,,,True,350.0866154603141,181.3060970165887,6.217066248412561,9.677286490828951,0.5107668487412084
2,590,Nutrient Management,2479,,,,,,,False,1395.1789190951051,148.13677168411553,42.79022846242815,220.85474583837788,52.32216399776204
2,340,Cover Crop,699,,,,,,,False,10840.1425624872,4191.119973584254,1597.0435093962553,415.0229278398172,66.52325956656647
2,590,Nutrient Management,2475,,,,,,,False,3660.678306570463,362.3975545956926,132.65486747258745,79.90907640388879,22.720100540418304
2,340,Cover Crop,1520,,,,,,,False,823.186619910858,154.09010298234028,62.49016622558277,29.700971942972412,6.5760565248408795
2,590,Nutrient Management,211,,,,,,,False,1184.7636767411793,486.40819385630607,125.75759533425529,2.511092952216229,0.67878959231326
2,340,Cover Crop,758,,,,,,,False,1806.5664177373606,1258.9237016146867,466.88646193497397,0.594721433067781,0.13973744222631276
2,340,Cover Crop,1806,,,,,,,False,3111.2513849823345,457.0488871423715,195.89110138742905,7.500699618432607,1.2879415672753007
2,329,Residue Management (No-Till),2322,,,,,,,False,1437.947444836569,225.74716968833775,24.14261737599322,31.208957019647578,7.749252467910266
2,340,Cover Crop,1941,,,,,,,False,1292.7881858441592,429.7668630926486,143.20728420915944,121.06128567972591,18.785985082635964
2,590,Nutrient Management,2383,,,,,,,False,253.70226861299935,16.65250594048648,5.9711804565894395,4.894569107234327,1.2013884861839272
2,340,Cover Crop,654,,,,,,,False,103.87722583197836,167.03008171380242,64.58004028484078,0.06420801003037266,0.014310557931362601
2,329,Residue Management (No-Till),2485,,,,,,,True,1390.1202033127297,561.1014341678664,11.01353795273357,258.3183533174516,11.216279140598013
2,329,Residue Management (No-Till),1281,,,,,,,False,604.3660994369617,20.954230804861403,1.532529000373985,4.423890954814829,0.505706833710359
2,590,Nutrient Management,362,,,,,,,False,1509.6754819052028,446.71844958293116,129.6078643985609,17.016993599535876,5.034591669463694
2,329,Residue Management (No-Till),1850,,,,,,,False,240.732678617723,246.19173509808851,19.491450691273066,25.9432746889757,4.667495005832487
2,340,Cover Crop,836,,,,,,,False,13817.07446609361,3719.3143997367015,1181.319520363783,13.026529730911383,2.495022334743493
2,329,Residue Management (No-Till),2092,,,,,,,False,1860.0372397935698,1378.268160703694,95.94909383051164,34.667678987900025,6.204488199983091
2,590,Nutrient Management,498,,,,,,,False,525.1719880983126,167.1527456988686,49.435404406021824,4.610386837305732,1.3876169869631048
2,590,Nutrient Management,1580,,,,,,,False,736.605465180494,305.1876093224518,106.83111709036832,13.407621602409836,3.15413895366604
2,590,Nutrient Management,1064,,,,,,,False,1587.3354710988842,67.46971417423944,18.104795388659,141.295467633664,34.640984066474246
2,329,Residue Management (No-Till),2325,,,,,,,False,311.5287012023714,399.464252777513,27.92550939253629,6.80626393934213,1.1131478490761952
2,329,Residue Management (No-Till),1117,,,,,,,False,691.243540645141,291.0335203918636,35.073454458445525,27.86178817137351,6.465816210072247
2,590,Nutrient Management,120,,,,,,,True,2344.1300330579984,49.35828429769363,4.44565895042569,68.14100944191637,3.5375589004961805
2,590,Nutrient Management,2502,,,,,,,False,2597.8824817104764,244.75645804149752,81.1702121083701,16.982227549425478,4.290970466992628
2,590,Nutrient Management,1864,,,,,,,False,544.3387034873915,75.56811744110497,25.839737169084206,5.0317869679451,0.9944840541964015
2,329,Residue Management (No-Till),108,,,,,,,False,4981.235702082308,4406.224242084663,311.95649147619235,309.2626000895823,51.5235537677244
2,329,Residue Management (No-Till),92,,,,,,,False,309.7065880724268,436.7142840224528,22.026021273327906,67.88876775362405,14.326026340905864
2,329,Residue Management (No-Till),2600,,,,,,,False,595.3932869921116,160.44729660651586,13.490988835682572,47.64943786062326,11.515798688650557
2,329,Residue Management (No-Till),152,,,,,,,False,965.4756153757841,565.2559362073811,47.769882764146786,45.06630174637621,8.914294875479303
2,590,Nutrient Management,1069,,,,,,,False,405.5322144679508,1279.081474194931,461.17228665068774,12.967614748987558,3.0098650517687076
2,329,Residue Management (No-Till),2207,,,,,,,False,694.2851488108871,355.16823918293585,19.07322222670953,245.56792970117658,55.922099425545234
2,329,Residue Management (No-Till),1539,,,,,,,False,1805.9102557036897,2734.707745757787,278.9608365079019,309.522687504875,41.8864043462777
2,340,Cover Crop,494,,,,,,,False,5342.101341131932,678.1486111960488,279.4597114217815,162.82761503851472,30.854419420646266
2,340,Cover Crop,2133,,,,,,,False,1892.7421875553002,559.952264009734,205.68367351810136,0.6063951962205076,0.09119621586174045
2,590,Nutrient Management,2014,,,,,,,False,1084.7552306357818,1004.3184491435281,321.8670144158958,57.46102059702784,14.824385614187703
2,329,Residue Management (No-Till),83,,,,,,,False,602.3690635121638,296.99179560236405,27.39029757762097,53.712112523471156,8.438926530975657
2,590,Nutrient Management,2504,,,,,,,False,283.25387811386724,61.185043909750554,21.577957890475783,3.667080345021266,0.7206076996763927
2,329,Residue Management (No-Till),1025,,,,,,,False,4.438520128725524,3.7782620600546317,0.4320993927655777,0.021237899789399564,0.0036364676702224114
2,329,Residue Management (No-Till),1749,,,,,,,False,161.302068904591,63.63595068654914,2.184156603880874,24.684649150225464,5.306400606233519
2,329,Residue Management (No-Till),2676,,,,,,,True,911.1911107781726,802.9720834912233,15.767980782889284,9.955394949267927,0.4196586499098135
2,329,Residue Management (No-Till),219,,,,,,,False,1409.2787935999484,1982.6802755528079,176.13239346145082,20.954622108250632,3.2061573884346357
2,329,Residue Management (No-Till),1252,,,,,,,False,1019.5527830767277,3754.9203404913396,312.5760204649686,12.064475308731229,2.38380708148237
2,340,Cover Crop,645,,,,,,,False,2315.5286115660047,517.3530422576368,233.8683151231113,4.483907024249484,0.8089116650210045
2,329,Residue Management (No-Till),1166,,,,,,,False,505.55360622520755,484.84498858343625,36.189219126232736,12.52409603584868,2.2603343625720393
2,590,Nutrient Management,2546,,,,,,,True,1324.457260430831,454.19922035609596,37.63571878397126,41.03527438440654,2.03472919779522
2,340,Cover Crop,272,,,,,,,False,736.5059145556709,165.39414573865685,47.99863264597052,7.083448472900358,1.1304456317474882
2,340,Cover Crop,1098,,,,,,,False,395.7652973087488,98.5343527689653,29.942530694662345,0.721835936313045,0.15945748553651934
2,340,Cover Crop,2510,,,,,,,False,2887.858850977654,1259.125824293974,318.59854454229657,10.301751676725718,3.0143283557983915
2,590,Nutrient Management,2122,,,,,,,False,915.0505778063015,577.9166837820663,226.65047016234166,0.4735270489067221,0.16464506109159896
2,590,Nutrient Management,674,,,,,,,False,0.4562968904665139,0.07296849681665096,0.020755898524761562,0.019754444636211937,0.006258736755680771
2,329,Residue Management (No-Till),1422,,,,,,,False,545.7353836050956,336.689402666584,22.810447543519157,7.541005689589268,1.6033312942597109
2,329,Residue Management (No-Till),2493,,,,,,,False,333.98578020059983,830.4942021219708,74.167057966396,1.7488734514980209,0.3398894259926449
2,590,Nutrient Management,408,,,,,,,False,1207.3835108839005,1135.9163816348662,418.92952764109856,31.3677541464151,5.072355182101537
2,340,Cover Crop,1655,,,,,,,True,2652.954778957375,80.01805644824344,5.642396506811627,53.28464640207318,2.6151698030568524
2,590,Nutrient Management,2608,,,,,,,False,1710.114225462384,712.0056002157834,259.03892149944403,13.653400408624515,3.804332160043362
2,329,Residue Management (No-Till),2658,,,,,,,False,196.6289760073462,19.890354655321552,2.0816989923343776,7.905296283994499,1.1702459365452096
2,329,Residue Management (No-Till),703,,,,,,,False,476.0488717916832,461.3720741936876,40.74569915757866,21.931715497630822,3.3188331052969775
2,340,Cover Crop,103,,,,,,,False,5855.690328579581,1948.542501896274,634.532829665507,28.094028290522775,4.796998810554061
2,340,Cover Crop,2267,,,,,,,False,1167.1530354586123,143.3774242501731,57.06566956666403,18.850753069067654,1.8724896388754624
2,329,Residue Management (No-Till),644,,,,,,,False,598.1656656962904,667.689988682781,58.08469349848293,164.65109520098497,26.519978627298595
2,590,Nutrient Management,1457,,,,,,,False,541.7072451520664,1720.617627322458,751.5551979818486,31.02737329630903,7.398633642687282
2,340,Cover Crop,707,,,,,,,False,2961.586898194049,1519.2654388347505,527.8850723330787,88.42217672912155,19.84169650431521
2,329,Residue Management (No-Till),612,,,,,,,False,1282.5941434454094,420.4972117560158,19.961812064855845,151.20091790015542,35.86704701582056
2,590,Nutrient Management,2535,,,,,,,False,269.29193291833496,350.7818677522072,103.61754775843293,12.487474323459496,3.0611531004974477
2,590,Nutrient Management,171,,,,,,,False,224.59221729557225,71.50818151882137,26.862950012359153,4.5991324566291425,1.3631881471012577
2,329,Residue Management (No-Till),2001,,,,,,,True,296.2240097647493,536.2581532186077,13.817232747388505,2.1854534744601084,0.12775750568484717
2,340,Cover Crop,2084,,,,,,,False,1634.887253189413,202.2735167139653,77.79100869958651,26.931154555038397,2.660610421927632
2,329,Residue Management (No-Till),1563,,,,,,,False,778.7287725571659,197.61134262199707,17.025723690505842,12.075990094078904,2.2399658904486426
2,340,Cover Crop,2667,,,,,,,False,1733.2979444482223,109.37315710956291,26.8883450573143,18.871802363062404,2.458965119242943
2,590,Nutrient Management,2008,,,,,,,False,2072.151741321727,454.52653446867845,179.97782548543483,1.0942676642403053,0.31482035815242193
2,329,Residue Management (No-Till),1393,,,,,,,True,628.4682340239016,1240.9906615727787,18.97224689929147,17.676871364657117,0.7924368631248124
2,340,Cover Crop,2383,,,,,,,False,774.8560256384695,10.681325483897043,3.308404411597363,3.6931806210504,0.4781656809399778
2,590,Nutrient Management,1020,,,,,,,True,6634.454750818127,1774.2528646984874,187.46188674756857,260.93634748382266,18.534522440592383
2,590,Nutrient Management,402,,,,,,,False,120.51680655625921,103.89314019846972,37.682144220223584,2.033131384837773,0.5847627937728226
2,656,Constructed Wetland,1078,,,,,1.9399607359735505,5.243824143390817,True,135447.5125895917,439.59472178696427,30.346625099530442,1.1494006111519317,0.08054289820075733
2,590,Nutrient Management,1867,,,,,,,False,320.92442244535164,405.51882786880117,149.98273862626507,11.75718633907867,3.2649406537304584
2,329,Residue Management (No-Till),1977,,,,,,,False,430.0295201453827,246.8483714480133,11.394081675303394,3.061136793394052,0.484699291635313
2,590,Nutrient Management,1787,,,,,,,False,408.0508762560998,106.28346271196497,37.15120475075148,2.847838656963961,0.8483138151293228
2,590,Nutrient Management,1451,,,,,,,False,670.3514726751558,118.13953412911296,49.096209610028396,43.01337732830435,12.789646191756741
2,329,Residue Management (No-Till),872,,,,,,,False,146.98542037782533,56.41900826012002,5.7510028110918,3.3934140994459328,0.5862078830291433
2,329,Residue Management (No-Till),2036,,,,,,,False,238.93990622883845,176.43293935083466,16.211495159695467,35.97193181821364,5.761052321845525
2,329,Residue Management (No-Till),1219,,,,,,,False,245.7533266220458,69.99043961692756,4.983151119712668,1.613987926980112,0.19030615770501075
2,329,Residue Management (No-Till),161,,,,,,,False,0.7224622427414236,0.3400976934979163,0.024328633307964625,0.25393968774628517,0.050241379583101556
2,340,Cover Crop,2594,,,,,,,True,631.2718286037341,142.86945548640014,16.269073522641357,1.8647180320393746,0.08063326283463985
2,329,Residue Management (No-Till),807,,,,,,,False,491.2153424016975,215.0682225611966,29.069104581429425,35.82987910529741,7.917288936610706
2,340,Cover Crop,1672,,,,,,,True,1906.6229076003092,261.9723835986761,18.807343780172467,12.927723818665756,0.7655086558892166
2,590,Nutrient Management,1779,,,,,,,False,2546.6343349966132,540.3167154041253,201.8352215167704,29.621177134953975,5.872648668097038
2,329,Residue Management (No-Till),1159,,,,,,,False,714.6349529926421,372.5441495907112,26.308992149663066,49.63662984471849,8.272801750996472
2,329,Residue Management (No-Till),857,,,,,,,False,748.7988165923479,242.02982244486736,16.577478221955868,6.772630600605336,0.7628289693057542
2,329,Residue Management (No-Till),60,,,,,,,False,1030.7965119592125,1612.2029350035707,162.9845746221955,22.253028307976997,5.221359560834924
2,590,Nutrient Management,1509,,,,,,,True,1946.7976865651765,1727.3082085776807,149.6664418352169,5.742696026268258,0.41216341113938015
2,329,Residue Management (No-Till),1626,,,,,,,False,1330.742335018425,230.6414799197729,31.109480968377987,466.7906456857468,93.58932931632178
2,329,Residue Management (No-Till),2284,,,,,,,False,330.257508413871,384.01672511125736,25.589960479485192,27.377993006106998,3.326149400020091
2,656,Constructed Wetland,2287,,,,,0.25610339696183465,40.499703208179994,False,48443.11123209331,561.6706557062796,157.49990190936717,23.02468101717673,7.964596886837334
2,340,Cover Crop,1547,,,,,,,True,2468.864400337686,159.68536764855384,18.62221890520367,5.416200895110469,0.24127269145688482
2,590,Nutrient Management,1124,,,,,,,False,680.806831224368,178.23780821061771,64.83486829144553,5.332861022642857,1.4866713015068804
2,590,Nutrient Management,219,,,,,,,False,2519.7443912699837,1806.5478820913572,581.4669382527004,17.748464719815995,4.421881781189647
2,340,Cover Crop,1854,,,,,,,False,2993.3345979217925,280.8632779756537,90.72097220015166,19.498875984438012,3.4482786965779235
2,329,Residue Management (No-Till),2643,,,,,,,True,556.7440310074799,1034.7049573767442,15.459867395737817,9.982594962571183,0.42769037510560726
2,329,Residue Management (No-Till),1270,,,,,,,False,3310.3613415690447,1499.455371909832,128.46507682714164,16.2787466975569,2.820311590285238
2,329,Residue Management (No-Till),282,,,,,,,False,626.442750035871,187.70628726923076,16.946176666225302,16.82636132581349,2.52546261704691
2,329,Residue Management (No-Till),1068,,,,,,,False,455.521111923834,214.11014128713597,17.29317728077804,18.87100833446306,3.148525546889524
2,329,Residue Management (No-Till),922,,,,,,,False,503.6000650663157,87.31628462994874,7.710484002034357,0.38052369043597795,0.06640265277001306
2,590,Nutrient Management,72,,,,,,,True,3676.307032572435,1579.6778614380653,102.3635239010732,1.9486259725302868,0.10441495210839166
2,590,Nutrient Management,2485,,,,,,,False,1434.7049540806413,550.0878962151328,238.8478014301299,247.1020741768536,46.81616019315312
2,329,Residue Management (No-Till),2040,,,,,,,False,468.14304058709325,145.4083282883515,13.202120567191313,247.6921139579935,49.33095998916051
2,590,Nutrient Management,2046,,,,,,,True,6568.686093064709,4226.603501668148,349.95881686978356,94.83758454334102,5.280586084253614
2,340,Cover Crop,192,,,,,,,False,5616.96011724656,753.584536278242,277.8874361193628,16.05068770026222,3.2277252289501703
2,329,Residue Management (No-Till),1664,,,,,,,False,451.05344699288645,300.400276422965,27.25482655656868,4.504503010518806,0.8480721864581133
2,329,Residue Management (No-Till),290,,,,,,,False,308.35719013858244,167.8636173176295,13.017746068928096,90.79385773610785,19.48234365179758
2,590,Nutrient Management,1259,,,,,,,True,702.1350082184666,187.686283698721,16.97473733042685,9.216982098696308,0.626862116463471
2,590,Nutrient Management,2448,,,,,,,False,387.49640667361876,332.3388491854919,120.7138867874893,27.666596946533165,7.75687608551322
2,329,Residue Management (No-Till),1063,,,,,,,False,3766.863021589276,10604.428144015923,715.049335319143,148.5377376178948,26.94665200970764
2,590,Nutrient Management,2675,,,,,,,False,350.936615010105,26.630909432719488,9.35515022266409,0.7895252104617817,0.19658265518616472
2,340,Cover Crop,59,,,,,,,False,512.0097863437263,182.48473677150687,56.0248425823256,8.992156200722427,1.2460419861455925
2,329,Residue Management (No-Till),2144,,,,,,,False,1230.3288793746551,788.4350138216419,55.28219301364674,449.6783243521236,74.58912230376961
2,340,Cover Crop,1760,,,,,,,False,2475.0591750679487,680.2025225495664,234.5829527644211,14.070607960176352,2.1851202717157197
2,340,Cover Crop,1393,,,,,,,False,3366.932071604147,1222.0184146734873,520.9970311790919,16.884434501532304,3.0239213888224423
2,590,Nutrient Management,2344,,,,,,,False,10.339735135054216,10.81793777226834,4.000304785382515,0.43201479202993326,0.07493687835750783
2,590,Nutrient Management,525,,,,,,,False,2151.4822851951335,232.55348391341923,87.63309927906921,107.65469430432486,28.33924754813826
2,340,Cover Crop,670,,,,,,,False,1485.6287274460497,265.75858507370896,81.76140110023402,5.408515445808081,1.3490010748369101
2,329,Residue Management (No-Till),758,,,,,,,False,878.2694305635555,792.0372396797127,53.24925236941931,0.45498399084146834,0.07829873742859862
2,590,Nutrient Management,866,,,,,,,False,578.9278632746482,341.9619516493647,137.13371387473532,0.9053061154025444,0.20804866813881723
2,329,Residue Management (No-Till),1670,,,,,,,False,383.62262072202464,80.77223458031243,8.690893808268996,28.167266648908246,5.639356141386725
2,329,Residue Management (No-Till),100,,,,,,,False,644.6754593746514,680.75107253024,66.52137548397803,4.975975737064651,0.7652893412793267
2,329,Residue Management (No-Till),246,,,,,,,True,1203.1863824970953,556.663684179189,15.947676747713128,29.772846488581354,0.9439401231795301
2,340,Cover Crop,1996,,,,,,,True,1220.0829477386576,511.3860586730484,43.786410493553774,37.780642625500064,2.382110411380991
2,329,Residue Management (No-Till),150,,,,,,,True,2574.642667700885,1173.1507086063998,30.978334730376496,36.286406312788394,1.6922440916287915
2,590,Nutrient Management,1038,,,,,,,False,2444.7496288405096,711.6633349648445,242.1509104020744,10.75727159731032,2.5826627145051564
2,340,Cover Crop,2050,,,,,,,False,1426.1331332824961,1212.1749117934953,430.56659234278266,51.49786288681118,6.4223392453650705
2,329,Residue Management (No-Till),1116,,,,,,,False,4104.552020709357,3964.248233704986,338.1842706653572,624.0837165603411,161.626836305602
2,329,Residue Management (No-Till),971,,,,,,,True,814.066594702841,323.5506303358685,8.108482558798066,14.800390162959351,0.631631728971034
2,329,Residue Management (No-Till),2444,,,,,,,False,893.6060678553464,935.2262667313224,92.50331525359529,27.945454844674238,5.714877440850474
2,590,Nutrient Management,52,,,,,,,True,7031.412773855399,2000.420258381535,152.23586466684733,339.51665270925275,21.52094924440458
2,329,Residue Management (No-Till),1611,,,,,,,False,691.2148912133896,235.6810514153176,23.045969517575127,22.301804859616695,3.8045230269717103
2,329,Residue Management (No-Till),1118,,,,,,,False,5851.562614560808,742.0269067472892,67.82149989278126,43.576331737136336,9.653993656018974
2,329,Residue Management (No-Till),1530,,,,,,,False,564.2464777001112,404.10756782316076,39.50395965041781,9.786534251232762,1.47823842507777
2,329,Residue Management (No-Till),597,,,,,,,True,452.65257993996687,234.35968905302582,5.598967136747824,7.485024030889207,0.35131002264716743
2,590,Nutrient Management,1389,,,,,,,False,858.8294766354007,26.567779753558003,11.72127202454852,11.793210648197824,3.0180733078723256
2,329,Residue Management (No-Till),1634,,,,,,,False,1827.2286885175874,506.39078186256774,32.88289556389407,114.89158526002514,18.013910571625722
2,329,Residue Management (No-Till),1079,,,,,,,True,293.18128106492065,211.76863311459888,5.7791918004633205,8.039591632049786,0.359581256985528
2,340,Cover Crop,1526,,,,,,,True,1748.1229021392717,397.55363807843304,41.83735574238689,38.82601609883574,2.111579927910474
2,340,Cover Crop,1238,,,,,,,False,3102.4785626165035,4343.174294904804,1255.3453800133354,42.4914112497444,9.809465375774877
2,590,Nutrient Management,1928,,,,,,,False,1685.143115272723,241.90416394441255,73.02466965730586,339.6996479747273,94.50396160700993
2,590,Nutrient Management,1306,,,,,,,False,413.14171249375767,368.35487466818597,124.84908053701368,17.68885886261422,3.8569675245240753
2,329,Residue Management (No-Till),672,,,,,,,True,915.0606050560399,1490.42013038173,35.80489838545066,44.797295371504624,1.980798847236334
2,329,Residue Management (No-Till),610,,,,,,,False,522.2842560810182,149.09661542128651,15.890209578952,48.07633557646479,8.661250241492127
2,590,Nutrient Management,1418,,,,,,,True,435.5334021052418,161.90165057291676,17.01355601787919,9.760240169541998,0.71586635102555
2,329,Residue Management (No-Till),517,,,,,,,True,259.96766071503214,919.8855022120458,16.988999569434345,2.7339300164121685,0.14003599336114358
2,329,Residue Management (No-Till),572,,,,,,,True,555.7331384090054,188.72623977244652,6.2212230135474345,76.71199988674172,4.035210588219242
2,340,Cover Crop,974,,,,,,,False,9052.876205307914,1056.9662872847284,241.8125756175793,107.36060854900231,16.339328604457293
2,329,Residue Management (No-Till),2079,,,,,,,False,1568.9750431971656,1122.4500643535066,67.64245279431184,58.241923600026816,8.885218067180386
2,329,Residue Management (No-Till),2375,,,,,,,True,148.9767913599991,73.59127704002198,1.7842373898899846,1.6825245479684074,0.06878729779917434
2,340,Cover Crop,1005,,,,,,,False,7192.286394586114,28.1846898798405,8.16237912788222,728.9605370897505,108.1130564255508
2,329,Residue Management (No-Till),1535,,,,,,,False,414.37855865392896,667.599846721182,65.83635951450191,108.59371217963773,19.581180412875536
2,590,Nutrient Management,2591,,,,,,,False,577.9956250116018,87.43379289714542,32.73667604807812,5.9537415148875095,1.3116699421238551
2,590,Nutrient Management,1957,,,,,,,True,266.08144147339453,137.60069452125902,13.824582239614271,44.667988098831046,1.757764362554584
2,329,Residue Management (No-Till),177,,,,,,,False,1630.1473315037767,739.8854504147628,55.99842607295315,21.459632441021334,5.540963173600927
2,329,Residue Management (No-Till),2579,,,,,,,False,848.0390840037102,769.8198796558229,75.30987348015435,4.060505985493257,0.8264459192343458
2,590,Nutrient Management,1422,,,,,,,False,1421.016995119635,313.8789551230648,123.8254791186191,5.937674395329556,1.8628473385963886
2,329,Residue Management (No-Till),1134,,,,,,,False,1169.4956939107528,43.39576360727033,3.0744496610959877,42.45601008022811,8.486043909234171
2,329,Residue Management (No-Till),2226,,,,,,,False,1052.6904038930595,685.5194316408977,41.99759441912991,28.92518972461266,5.25695781919706
2,340,Cover Crop,1863,,,,,,,False,315.825323646057,69.75163458346502,21.837571965029216,3.5625526874462325,0.7403100905493711
2,340,Cover Crop,385,,,,,,,True,2764.40289571281,3430.595828176297,365.91578736236085,8.853559877035156,0.5108591694507992
2,329,Residue Management (No-Till),2547,,,,,,,False,518.4025993320193,219.72654045478828,9.498724814642786,2.9339121531059784,0.5259201703475053
2,329,Residue Management (No-Till),1985,,,,,,,True,0.27233795601058836,0.13130797522082527,0.0021598700441546677,0.006877586018053678,0.0002607016220495719
2,329,Residue Management (No-Till),288,,,,,,,False,689.3390237583593,706.9085360081566,44.434827260325044,7.977120325658179,1.5360387452644175
2,656,Constructed Wetland,1408,"1408,1425",,,,0.7055395402039224,1.9507495474682846,False,113802.0826485597,36.584266906497696,9.487225308685723,4.59008373832547,1.1682163547122737
2,329,Residue Management (No-Till),1047,,,,,,,False,539.098111914313,96.48604140260278,9.229971247414623,2.317098931351153,0.39872165930741177
2,329,Residue Management (No-Till),2443,,,,,,,False,298.0108640808665,60.28230759048295,4.501073449739475,11.863266709828899,2.3127656926828406
2,329,Residue Management (No-Till),1425,,,,,,,False,755.9400879520608,745.7220491117778,62.97521161270438,31.115860424885295,4.855748157892388
2,590,Nutrient Management,1519,,,,,,,True,3922.1435140691483,539.9364860253144,53.48975416709511,29.16827774496338,2.2414163985829356
2,590,Nutrient Management,2476,,,,,,,True,1494.301385801115,257.5915359566969,20.973288830259232,9.160731296542776,0.6071519785548608
2,590,Nutrient Management,869,,,,,,,False,900.6035744559564,203.74925500576083,76.84145328571951,9.376087839825486,2.462164816275626
2,590,Nutrient Management,2411,,,,,,,True,3055.9362893777698,388.2119587181565,39.18120991568759,48.47140397191907,3.7776970939710277
2,590,Nutrient Management,1495,,,,,,,False,1226.428623101865,913.4855174827823,402.05896500989576,5.328432544026315,1.4133748670786836
2,329,Residue Management (No-Till),2050,,,,,,,True,627.3151274301565,781.6083194507128,12.044084559133777,45.075523641446104,2.1395104594227945
2,329,Residue Management (No-Till),1395,,,,,,,False,470.31078971210326,293.7289507315357,27.967576826779194,22.820025109908585,4.1984540891170035
2,590,Nutrient Management,57,,,,,,,False,828.0781785709878,668.5003033278579,243.972867389277,30.74997287522615,7.818096370518317
2,329,Residue Management (No-Till),747,,,,,,,False,251.13958543614837,223.65646715696897,19.405390812871726,10.483518749597057,2.3693017136135017
2,590,Nutrient Management,1426,,,,,,,False,383.2445588602088,183.5560096762193,70.49492259325875,10.166131181824325,2.1775831946995106
2,590,Nutrient Management,1298,,,,,,,False,858.8574039867597,31.693603763114908,9.715636289357102,18.565426520131982,4.8171207311406095
2,329,Residue Management (No-Till),2048,,,,,,,True,641.6289277808445,530.0354269506272,12.105856988504536,12.507130362012292,0.634194448679698
2,340,Cover Crop,849,,,,,,,False,2550.823809579381,110.08031016725974,46.99793765083123,34.36025914214925,4.263773321041237
2,340,Cover Crop,2605,,,,,,,False,6088.244648574978,994.257804228543,316.5309665853816,9.639583850460616,1.5029957342682305
2,329,Residue Management (No-Till),1376,,,,,,,False,462.0065819623925,0.40900265590433404,0.04673179970377153,4.648197633957343,0.9835856338374496
2,329,Residue Management (No-Till),1103,,,,,,,False,295.3687414340799,255.65227057602945,15.250899405887306,12.767968165092826,2.3742914937400417
2,340,Cover Crop,2591,,,,,,,True,924.7007653506646,54.6971168490673,4.513406917864216,4.642071572763654,0.11672360817356776
2,590,Nutrient Management,421,,,,,,,False,3540.0044489203956,1668.436649464155,688.8656589748059,3.6001108138319426,1.0767868771509483
2,340,Cover Crop,2066,,,,,,,False,2869.5093649592213,28.744258051447392,9.75029232204068,227.22817331949352,29.179808808704546
2,329,Residue Management (No-Till),2419,,,,,,,False,591.9918264362091,398.30862566589406,31.49799015527274,1.2547615644601522,0.204730948355705
2,590,Nutrient Management,1548,,,,,,,True,2178.4166982366814,326.99379392435554,27.385787605796327,12.10055731054314,0.8079904617519025
2,329,Residue Management (No-Till),2591,,,,,,,False,447.8747038945632,50.18370993120308,5.124730056321907,4.525347964590087,0.7455415702400374
2,329,Residue Management (No-Till),1983,,,,,,,False,1934.7412834349207,3019.0314000756102,261.7738527434109,10.902886620018293,2.315631092795908
2,590,Nutrient Management,2215,,,,,,,False,905.357192092219,34.097915442710516,10.270459281358496,74.02951078698464,24.08308531529312
2,590,Nutrient Management,1500,,,,,,,False,1027.0085016507455,642.9001332868934,201.37594063691293,15.854395737929208,4.77815580203943
2,590,Nutrient Management,324,,,,,,,False,627.4971761110986,495.79209623764467,205.94984362309438,67.50057228453866,19.331357043908568
2,340,Cover Crop,517,,,,,,,False,1066.1177271878908,902.8965026426115,344.63172121891023,2.5938940230510252,0.5843400163864635
2,329,Residue Management (No-Till),2475,,,,,,,True,1101.3468616335115,229.74268712310516,5.880700325648631,57.18897586347048,2.5786280935016763
2,329,Residue Management (No-Till),790,,,,,,,False,407.66506311419846,997.018220312151,68.1052866656522,4.496592567021563,0.9270726809364961
2,590,Nutrient Management,852,,,,,,,False,296.283503418246,81.27107771699178,33.323764495513615,10.791906496689451,3.206890298368683
2,340,Cover Crop,749,,,,,,,False,3354.659150427425,53.23702445317463,22.642188852318057,67.33750942390199,16.122371525295836
2,329,Residue Management (No-Till),373,,,,,,,True,455.6832167403797,276.96107139126946,5.44193126366191,26.828374668100018,1.332138629530785
2,329,Residue Management (No-Till),811,,,,,,,False,2703.508934895294,1882.2309866401083,150.74629370530715,163.2864174077936,35.21198384147252
2,590,Nutrient Management,2152,,,,,,,False,1292.1560236942996,53.08968920271347,14.382618181309137,1.9127912622066738,0.4513667543208466
2,329,Residue Management (No-Till),2463,,,,,,,True,333.4732316442728,289.32447122288715,5.324233751584544,22.562144067010994,0.9617659165143897
2,329,Residue Management (No-Till),1058,,,,,,,True,706.1246974815347,515.1259296917507,9.077210779527585,58.28924557916629,2.1641520787341477
2,590,Nutrient Management,792,,,,,,,False,238.55269140023051,344.04301153284246,110.1297560120362,5.301823995303989,1.3436482083685752
2,340,Cover Crop,1275,,,,,,,False,2090.099122273981,161.89444302328576,48.58229219191748,4.607203044100755,0.7112266222355474
2,329,Residue Management (No-Till),2428,,,,,,,False,1618.785051987578,1789.7136190828082,159.74936198019503,108.16158782921362,18.331595158070137
2,329,Residue Management (No-Till),392,,,,,,,False,183.55105572945237,315.2962325038158,17.594021493043407,4.342044380573922,0.8506272884663997
2,590,Nutrient Management,2463,,,,,,,True,658.4229537115918,284.0002374713026,18.905880138411284,21.600378150496606,1.1916866504820887
2,340,Cover Crop,704,,,,,,,True,1040.9704445525877,163.74102799242925,13.478461557695056,6.8542268727959,0.24142705961345137
2,329,Residue Management (No-Till),1266,,,,,,,False,557.304708473907,32.18427489241723,2.7789106986622496,14.74039724696808,2.500279716069773
2,590,Nutrient Management,698,,,,,,,False,338.0962849114225,110.64550803347862,38.211177795352185,12.332170747597996,2.6153678797353463
2,590,Nutrient Management,2590,,,,,,,False,6856.244844629253,928.4159760045419,282.59943837660194,127.77565739142268,31.518884130369027
2,590,Nutrient Management,2214,,,,,,,False,438.8708417854252,81.63330631882684,33.32500822044354,1.9560013630534117,0.5010858558865132
2,590,Nutrient Management,86,,,,,,,False,858.932951321091,1408.2603340106102,512.3477358893438,11.906053816411584,2.3775434246258897
2,329,Residue Management (No-Till),698,,,,,,,False,347.13073398040694,72.43433023812644,8.940728807847039,9.71680286786265,1.6137786327725
2,329,Residue Management (No-Till),2069,,,,,,,True,544.5075868543171,17.21097505890088,0.2617450045436242,19.013180154505324,0.7194945252747582
2,329,Residue Management (No-Till),2283,,,,,,,False,617.3235044931811,183.5886200579026,19.071019915530353,17.619905185478125,2.7055622702350948
2,329,Residue Management (No-Till),845,,,,,,,False,1101.81630815179,373.32181712787246,26.395075718004396,9.239499756936825,1.8748786144559841
2,329,Residue Management (No-Till),1575,,,,,,,True,559.2747845724471,556.9684612720266,14.149416692880004,166.89011935287502,8.851567046809551
2,329,Residue Management (No-Till),193,,,,,,,False,579.08900780748,479.4757480737613,37.713131087617214,9.345216340331165,1.0332767962250688
2,590,Nutrient Management,1819,,,,,,,False,517.9339013281187,284.80897102239163,132.47567586488722,35.439767963067844,8.931877507313644
2,329,Residue Management (No-Till),2002,,,,,,,False,472.58754116564705,171.88922325816313,18.064333282357985,6.099241404688103,0.9657665176884065
2,340,Cover Crop,1461,,,,,,,False,3550.4891293820897,309.09783114729765,81.76750680603578,50.408772576570975,11.210253455599172
2,329,Residue Management (No-Till),2540,,,,,,,True,1441.1763273671002,1002.5806305841419,15.762492933049627,153.0311915872127,6.651642040238394
2,590,Nutrient Management,1075,,,,,,,False,739.5449763790155,873.6703388171074,329.9452507393228,27.90011532014198,6.040074191925445
2,329,Residue Management (No-Till),2644,,,,,,,False,280.9618742817336,195.4910519083283,15.77580844611406,73.40870837593245,18.49545880177844
2,329,Residue Management (No-Till),1811,,,,,,,False,981.0444081289759,288.0613564208596,28.87879852126164,13.43028067709872,2.3231298740593593
2,340,Cover Crop,736,,,,,,,False,1052.6322631441044,392.7389610979637,108.00256173342558,7.761587104287764,1.9318751863092516
2,329,Residue Management (No-Till),1596,,,,,,,False,1230.1693480813228,2133.8074635854878,191.476069018534,15.175265729057347,2.9475725320557364
2,340,Cover Crop,1372,,,,,,,False,8971.58027082249,1269.191885856664,540.7693077945313,246.29974206245905,31.637708382427356
2,340,Cover Crop,662,,,,,,,False,275.3310990613848,27.894950762233126,6.609737333454608,8.51635198780463,1.6589116671026658
2,329,Residue Management (No-Till),1659,,,,,,,False,419.5793806679362,100.65824950056887,8.34622565679038,10.848734255955634,1.890200780243433
2,590,Nutrient Management,1386,,,,,,,True,170.23976059612656,185.53763441992518,16.499799498308917,3.9440399592505893,0.3302575080300684
2,340,Cover Crop,2361,,,,,,,True,5915.849523216252,1057.134595637609,88.50059408491593,42.886842648269734,1.6961849648958638
2,340,Cover Crop,862,,,,,,,False,1466.645104409179,394.01705621280956,137.59431378578645,24.38985765256669,4.232965615993735
2,340,Cover Crop,222,,,,,,,False,7731.000268480943,562.6283915419581,217.1664830933653,205.3859172342558,39.21205741796744
2,329,Residue Management (No-Till),832,,,,,,,False,2019.4679986986891,368.23585361232557,29.20969745480868,698.3168961457527,128.9797481078008
2,329,Residue Management (No-Till),1314,,,,,,,False,229.5711658558109,212.439638133132,27.02115568313102,0.35944807508553217,0.06366764705415265
2,329,Residue Management (No-Till),2634,,,,,,,False,231.9543587549572,37.3164903490834,2.1403839512137552,1.7496553953742149,0.3711329644370638
2,340,Cover Crop,2535,,,,,,,True,1199.34094686966,247.16431999377426,20.822052873820855,9.426321222962047,0.4682618585424256
2,340,Cover Crop,1025,,,,,,,True,13.673411949002912,3.346162667289054,0.288573765486765,0.017601432119177154,0.0008124136099781807
2,590,Nutrient Management,2138,,,,,,,False,851.4055474058989,367.9895165245816,110.50620925663989,35.582782437627586,6.009165576547423
2,590,Nutrient Management,889,,,,,,,False,466.0482078756765,278.3868996551962,108.64834089729021,9.439431193467536,2.4360008865542286
2,329,Residue Management (No-Till),478,,,,,,,True,615.358071057391,580.8202865533921,14.939492047193774,0.5560520120286279,0.03431121515641528
2,590,Nutrient Management,1279,,,,,,,False,576.9608640701746,533.4026731367816,172.89521251803023,0.5524844512995815,0.15265506545537938
2,329,Residue Management (No-Till),1939,,,,,,,False,380.0712616147311,195.88931180014586,11.705237486954255,27.99459545581518,5.771168757397659
2,590,Nutrient Management,1072,,,,,,,False,1889.8571190658545,293.49512008701504,104.25664701281427,3.3648131419956977,1.0835009858090399
2,340,Cover Crop,1648,,,,,,,False,2308.7015020613767,246.41614212509788,79.62099875443417,50.544242190690035,7.704289622563909
2,590,Nutrient Management,1165,,,,,,,True,1230.4661416068582,527.6496955585224,48.712859316701355,243.34612288557398,13.967329339159019
2,340,Cover Crop,133,,,,,,,False,6200.735310247801,68.1646362313559,21.272638479345815,44.101198673429295,7.44408315214313
2,329,Residue Management (No-Till),1955,,,,,,,True,594.9142481810846,113.9860023652299,2.083869769416667,117.11287662826811,5.2663388447614325
2,340,Cover Crop,1237,,,,,,,False,1691.3911019040545,197.3845768363318,88.40546549176662,3.052258627862004,0.44339019347679265
2,340,Cover Crop,89,,,,,,,False,6826.164786341206,3259.8031009856472,1322.4590507897915,118.07007080791298,26.24510461356327
2,329,Residue Management (No-Till),2121,,,,,,,False,669.3708518660488,297.56561609124003,23.763186473650254,56.82548287652268,10.286392197112795
2,329,Residue Management (No-Till),1155,,,,,,,False,395.73077785422015,308.6557855927893,41.4959599722562,0.5305614890500568,0.09458331837757901
2,329,Residue Management (No-Till),2487,,,,,,,False,1144.4047595840564,306.6452471314286,26.7401886968687,15.376370634658707,2.6783377886039954
2,329,Residue Management (No-Till),2142,,,,,,,False,381.3544366329124,869.1561681008443,70.31730683369547,124.97982374826536,19.419327193883465
2,590,Nutrient Management,259,,,,,,,False,3274.126807668776,1607.8277210341594,491.5027664090013,20.521915021755188,4.811380757466809
2,590,Nutrient Management,2586,,,,,,,False,1299.4174465995657,247.02502926228993,94.78344934913436,10.664503873070412,2.309160550509112
2,590,Nutrient Management,492,,,,,,,False,1162.9106833530448,477.47771861500655,177.02637146508897,5.914251998963207,1.636305630902448
2,590,Nutrient Management,114,,,,,,,False,333.46287747574235,186.54766316461928,52.46150300357462,24.266389193863024,6.855875368483695
2,329,Residue Management (No-Till),2368,,,,,,,False,918.4582206686047,725.0041271665597,66.40576478584588,9.347632901942127,1.7537613189635275
2,340,Cover Crop,161,,,,,,,False,1.8692164673817533,0.31576906018995166,0.15895678412026107,0.20369830816318366,0.031283784416917565
2,340,Cover Crop,562,,,,,,,False,2103.799951719557,299.7755519097909,67.05308520040428,7.9978115283301,1.6189084636411977
2,590,Nutrient Management,1249,,,,,,,False,1979.6428590185428,1784.4130420685112,677.8076238660316,9.843750378680374,2.608119017175121
2,340,Cover Crop,269,,,,,,,False,916.4569472211966,624.8181681401062,259.9966745333923,8.356564193253805,2.1768783859600744
2,590,Nutrient Management,273,,,,,,,False,976.4684042812996,529.7360108804287,166.69409225870783,4.480683724645406,1.4836005250606739
2,329,Residue Management (No-Till),1249,,,,,,,False,671.0003215729735,1106.6054182024795,77.41945679164658,7.235631361505254,1.3361606845015244
2,340,Cover Crop,2122,,,,,,,False,1758.4673253938415,351.2662136197247,127.59294814851616,0.30888198781512316,0.05043863476197371
2,590,Nutrient Management,749,,,,,,,False,1640.0590431193436,30.594835600856566,10.38072146628556,51.21513789860615,13.236162424986121
2,590,Nutrient Management,2442,,,,,,,False,910.9536813514466,132.33745054900473,49.30746869026171,36.81735508983272,10.766737306461655
2,329,Residue Management (No-Till),657,,,,,,,False,1356.9539225233802,1080.6822137572256,124.26431525347644,13.405033305337257,2.3613712671694045
2,590,Nutrient Management,2131,,,,,,,False,7.976080450889485,5.178970165321602,1.730275000608102,2.5433067496452413,0.6380437347983117
2,329,Residue Management (No-Till),1145,,,,,,,False,2101.09383537947,375.14967679007174,23.86544418088757,289.9389763713022,64.95392803030495
2,329,Residue Management (No-Till),53,,,,,,,False,423.77572595834005,296.11756555607053,20.386782387955698,0.44990125339347115,0.09568892890486164
2,329,Residue Management (No-Till),336,,,,,,,True,1311.1513442106461,252.04251146980747,5.23410672916707,85.86245341228857,3.775366651229264
2,340,Cover Crop,1189,,,,,,,False,2304.3078874437356,364.1288829653849,112.74893279734019,325.46610152936205,49.023759004701645
2,329,Residue Management (No-Till),1085,,,,,,,False,412.04447394818175,0.8988542216274813,0.08453884916778041,47.683353266906565,9.888081963822192
2,329,Residue Management (No-Till),2481,,,,,,,False,1195.9101405148544,846.4459571432526,63.47468151060375,168.66077957653434,35.02689273902333
2,329,Residue Management (No-Till),776,,,,,,,False,195.7813422398278,98.05832851743479,11.79976329036911,20.236990549653306,3.5986140945306633
2,329,Residue Management (No-Till),970,,,,,,,False,618.9040191071327,129.3349749819092,11.395051180983632,3.1993677569876717,0.4295792425531854
2,590,Nutrient Management,1757,,,,,,,False,647.9223607936112,162.3988107451704,64.93271039643943,4.617821002599953,1.4281895863443386
2,340,Cover Crop,1381,,,,,,,False,512.568911937605,697.3627831569984,283.52399367359527,21.27720170057573,3.6300466854068616
2,340,Cover Crop,2553,,,,,,,False,1569.9221533226498,16.19983510244253,5.894071603740782,2.9929845328296465,0.5844726996675179
2,329,Residue Management (No-Till),801,,,,,,,False,715.5438356790495,510.54753913217786,64.65257928410811,17.140106415750633,3.2467784932830326
2,329,Residue Management (No-Till),466,,,,,,,True,575.4089739177895,2102.909096071153,37.3152380194362,12.336627999746366,0.41703173610728106
2,340,Cover Crop,2527,,,,,,,False,3840.563597934096,1579.7635358058137,786.0816637472674,10.820565143390084,1.889368914830252
2,590,Nutrient Management,514,,,,,,,False,1213.8407183461509,235.82182767989522,78.81916999180622,56.51411977093134,15.036944868742905
2,329,Residue Management (No-Till),965,,,,,,,False,2645.188307386689,1502.7920914574445,83.69730437586432,826.095090296937,187.20339408696225
2,329,Residue Management (No-Till),682,,,,,,,False,330.5019792052046,176.59930489660488,17.502874209855438,1.2144279863956546,0.26006150524361127
2,329,Residue Management (No-Till),1414,,,,,,,False,471.21012488850863,308.98069442257577,37.274300095946934,29.18752362113628,5.108529258294634
2,590,Nutrient Management,986,,,,,,,True,521.3807908909718,434.78687416252257,43.326254970027435,25.61507884971185,1.5179284353042177
2,329,Residue Management (No-Till),933,,,,,,,False,148.68708782915007,71.40317647133982,6.552639632379803,10.18710801102584,2.109938556615091
2,329,Residue Management (No-Till),1321,,,,,,,False,2117.9646390839375,174.04794030577295,16.051407602860536,5.984185806808403,0.9606459954109609
2,329,Residue Management (No-Till),531,,,,,,,False,1183.9323012346385,584.6047760382183,54.098073996879386,78.5944298589989,16.008635085542053
2,590,Nutrient Management,779,,,,,,,False,868.1697845256431,274.74615266774924,96.34185054825369,27.591730920265793,6.589814262996849
2,590,Nutrient Management,583,,,,,,,False,1344.3088563225579,396.03412553087924,137.59702990142867,6.664500609685272,1.4003175824039773
2,329,Residue Management (No-Till),743,,,,,,,True,892.2248036085302,343.20039181506246,5.55289671246239,83.80308844259065,4.676138358950806
2,590,Nutrient Management,18,,,,,,,False,447.8332253175557,315.64504435096154,124.17412167006788,3.342393015013373,0.5920326794005297
2,590,Nutrient Management,2552,,,,,,,False,2431.2848581900203,822.9880389866215,276.00878415446243,49.306440132553654,17.579805759617944
2,329,Residue Management (No-Till),1190,,,,,,,True,264.47608722449746,408.28268916065616,9.991288609677799,1.017605659022879,0.0439050528362335
2,340,Cover Crop,295,,,,,,,False,3465.875381457831,115.14307906010141,35.74016762757317,22.928962016960643,3.8954384194082516
2,329,Residue Management (No-Till),262,,,,,,,False,669.863645845447,174.3809022194975,13.405061069031058,23.260209084014345,2.7795210605877787
2,329,Residue Management (No-Till),1929,,,,,,,False,528.5678581386985,65.05589474386186,6.837428254095618,3.6022469495836695,0.6255954991549427
2,340,Cover Crop,1319,,,,,,,True,605.1873336955824,22.855668759945974,1.8983295886416784,6.971987483197021,0.38582842549440755
2,590,Nutrient Management,436,,,,,,,False,3318.3715199885023,510.07488096382144,179.56517401179613,49.537019914922794,13.764594394074694
2,329,Residue Management (No-Till),951,,,,,,,False,166.98665817743097,198.27171718672892,18.76329588225113,20.86416452609138,3.055607315545001
2,590,Nutrient Management,943,,,,,,,True,549.6531243969511,282.8938914005027,27.87441993222605,3.1313335370566415,0.13482864617027362
2,340,Cover Crop,648,,,,,,,False,2081.9866816921344,334.70183928589637,144.23767704300334,18.925494637272024,3.8197211148497434
2,340,Cover Crop,1822,,,,,,,False,2953.4949001051555,282.5173221978531,96.39577177745845,49.13285149744446,8.778636226741348
2,329,Residue Management (No-Till),338,,,,,,,False,674.1438240004514,358.26248659885107,33.224124590534416,4.029449767287728,0.7790664699576312
2,340,Cover Crop,45,,,,,,,False,1554.7965289664803,442.89854238768373,122.65712435195249,46.87128024374377,9.622775947738145
2,329,Residue Management (No-Till),1843,,,,,,,True,1092.5856505980832,439.6608472611565,8.208705872149904,17.592449454315428,0.5343708212107023
2,590,Nutrient Management,781,,,,,,,False,3441.8155689465434,539.5414542131412,212.17292587080843,70.74898448024906,15.097643224835405
2,590,Nutrient Management,1770,,,,,,,False,424.7688783899819,33.706604254114154,11.939407220075314,41.66624401262321,11.608444026457795
2,329,Residue Management (No-Till),48,,,,,,,False,449.4377284814674,1536.9817382863898,159.5312478432604,51.362446362167596,8.069294651249848
2,329,Residue Management (No-Till),2585,,,,,,,True,1247.0926184685618,926.3260649181943,20.223744099728375,143.57542172634552,6.827598758720093
2,340,Cover Crop,677,,,,,,,False,1455.4404490571362,329.2972808752437,125.10225777375916,13.616842981851272,2.4319904699925674
2,590,Nutrient Management,1260,,,,,,,False,1255.063046396339,171.79502328568847,57.792807959383346,8.16480372135089,2.5747155623103546
2,329,Residue Management (No-Till),326,,,,,,,False,2830.241005575821,4366.430319152552,282.9576735480016,61.550358840837994,12.529433671108837
2,329,Residue Management (No-Till),1386,,,,,,,True,232.8250584257083,169.03783492161625,3.6749052760853447,3.613782451220521,0.15994696041156406
2,329,Residue Management (No-Till),2151,,,,,,,False,2851.8408521698643,2406.3566204120457,189.0686778131665,19.212657860968587,4.205499145633986
2,590,Nutrient Management,279,,,,,,,False,3251.8167438961414,1773.4973061293124,766.0721545429653,52.86649369515006,12.849383009534604
2,329,Residue Management (No-Till),427,,,,,,,False,1256.6651097131794,902.303471276821,40.15942771245013,110.6766280145197,20.670847223185742
2,329,Residue Management (No-Till),2161,,,,,,,False,392.25487436051935,67.49483915864019,5.037762777342131,85.16919008200145,19.17007696096441
2,329,Residue Management (No-Till),2274,,,,,,,False,507.47441461071696,242.6808279180946,14.905671695653522,7.023702040674672,1.4090038620400556
2,329,Residue Management (No-Till),1481,,,,,,,False,349.221884098262,1438.6597017878512,130.84746942780987,9.116649628316885,1.1408650001188483
2,340,Cover Crop,130,,,,,,,True,1299.1505822862487,117.53950878400909,10.76991490089525,21.505133339727937,0.7508578207006807
2,340,Cover Crop,97,,,,,,,False,280.52644984482345,143.81800078371091,46.864321425021146,1.422076747934532,0.3427547764360647
2,590,Nutrient Management,2605,,,,,,,False,2071.288712172675,677.7268376431614,228.6967846502058,8.136588116192387,1.954390148674201
2,590,Nutrient Management,68,,,,,,,False,390.02526909200435,50.07790053137724,17.40880749055428,6.856950453870995,1.5412290669559163
2,340,Cover Crop,745,,,,,,,False,218.53908312558238,42.795652628004426,19.01844147191081,0.9222809984687204,0.13627005213935686
2,590,Nutrient Management,2290,,,,,,,True,431.5820051374194,113.3347117074074,10.60169698372166,2.811298080005884,0.204284126040063
2,590,Nutrient Management,32,,,,,,,False,358.9084027663761,951.2892886421228,344.1069594385405,5.072990790328829,1.2344067814146118
2,329,Residue Management (No-Till),1899,,,,,,,True,218.07234564578403,154.97779465771413,2.603489211706704,20.738275040134816,0.8803929532422601
2,340,Cover Crop,25,,,,,,,False,1362.4844437668328,316.04077003683466,107.67622204341401,4.25897512907304,0.9883390106397554
2,329,Residue Management (No-Till),67,,,,,,,False,230.9073546797852,179.37873930630167,13.472366843103062,1.9493539518741438,0.3405846059789396
2,329,Residue Management (No-Till),1901,,,,,,,False,10.056081388890652,6.059816182915783,0.5037453373812294,0.11529915300748883,0.020521096196721173
2,329,Residue Management (No-Till),1833,,,,,,,False,305.37826080730656,230.93358888578763,19.21892883423501,13.419016477099804,2.995094587104544
2,329,Residue Management (No-Till),1821,,,,,,,False,338.01812614083093,51.878310938711735,4.703362359025965,7.264418792258953,1.3425714274428753
2,340,Cover Crop,2429,,,,,,,False,1114.9415933129017,125.87836141100391,53.286517578527715,2.4516571978354778,0.6443338926007461
2,590,Nutrient Management,2550,,,,,,,False,2887.59440751531,2076.102204762985,763.6998470719809,1.5909634231658756,0.42959759750393
2,329,Residue Management (No-Till),31,,,,,,,True,419.2563503842153,629.5029827315063,20.18171439153118,9.471878802767346,0.3238659725437483
2,329,Residue Management (No-Till),1297,,,,,,,False,259.86448734546195,352.8570058116666,44.88892095575979,7.297380849914028,1.4220121647942747
2,329,Residue Management (No-Till),1866,,,,,,,False,709.378171620703,256.0791015110726,22.816182207886335,198.58601386530967,30.95027021500509
2,329,Residue Management (No-Till),1226,,,,,,,True,305.345279076995,16.695402509136844,0.23357945751071604,3.5386021521610895,0.21537329944028596
2,340,Cover Crop,2055,,,,,,,False,3505.859003020959,1122.8556169542173,435.72470898675465,257.0656696331837,69.85030095640062
2,340,Cover Crop,2034,,,,,,,False,1249.5234672148401,147.27095427838464,65.69611247139008,6.904762273982391,1.2570781412576946
2,329,Residue Management (No-Till),2666,,,,,,,False,550.3480084286608,241.54625798516633,16.06835845422782,11.853546646179083,2.1768124242545634
2,329,Residue Management (No-Till),2410,,,,,,,False,80.42245139627745,19.767334513671653,1.2062784812369607,2.387938235516181,0.550551750493481
2,340,Cover Crop,1759,,,,,,,False,1563.4169614372472,244.68508999232867,86.86093101782976,3.877940283995647,0.659630345124893
2,590,Nutrient Management,2004,,,,,,,False,285.82989899394136,577.1828298873862,188.76937913627575,18.977409961531766,4.948102352512617
2,590,Nutrient Management,2368,,,,,,,True,1209.3778229124773,658.5983623807139,41.46476360035595,7.5938715829786005,0.6588603116777251
2,329,Residue Management (No-Till),2098,,,,,,,False,928.9677806209186,1340.3463755326848,88.74888598928898,69.8465572670043,13.709518783101041
2,340,Cover Crop,1835,,,,,,,False,2313.335589060441,385.1532748893698,113.17765283518827,9.910594432400153,1.7800763826157433
2,340,Cover Crop,2677,,,,,,,False,406.66950371107197,412.33419551234726,151.40269878369304,2.538697158645045,0.4680654300318093
2,329,Residue Management (No-Till),1027,,,,,,,False,189.93766331286915,462.4207623475604,42.61830696472755,4.744888099383128,0.852363397200393
2,329,Residue Management (No-Till),869,,,,,,,False,770.8387472762646,126.90780172004132,13.559001456344271,6.913923023549859,0.9578544414890608
2,590,Nutrient Management,67,,,,,,,False,549.290113717446,165.9063724631986,64.07199809122537,1.6087693458952042,0.4169179355798242
2,329,Residue Management (No-Till),1993,,,,,,,False,1813.8505859416653,170.89348796405926,16.209032280770163,26.54078521337842,6.604061443062457
2,329,Residue Management (No-Till),1137,,,,,,,True,0.12441568564608696,0.09741349221730725,0.001858742262087938,0.0013265437111699971,5.133595338362688e-05
2,329,Residue Management (No-Till),1389,,,,,,,False,493.9785703621494,14.846507729009485,0.7379500796635519,8.7751373403255,1.3147487839983258
2,340,Cover Crop,2142,,,,,,,True,1933.3141908780226,798.8388612671488,75.91959565220164,105.5604965543819,6.661130995646364
2,590,Nutrient Management,1950,,,,,,,True,1376.190311695756,1830.0912735615893,199.5488544432214,28.933789350341637,2.2683379344407397
2,329,Residue Management (No-Till),2336,,,,,,,False,490.3221091594233,331.79681058210554,25.264185025980087,77.35340963470814,11.642211744114222
2,340,Cover Crop,2415,,,,,,,True,6214.782770337691,334.9827340713831,26.248915091749573,34.364494679864315,2.015791538950907
2,590,Nutrient Management,758,,,,,,,False,1832.3682078223856,738.7879873102934,268.5356594962289,0.37668525341286974,0.10949829136623135
2,329,Residue Management (No-Till),1688,,,,,,,False,294.62521122025794,296.89208714626614,28.83413567963891,5.170040116627277,0.9598658988488543
2,329,Residue Management (No-Till),241,,,,,,,False,835.8440257800838,297.5748727226546,33.59429818739298,52.16319377210316,11.005304323562799
2,590,Nutrient Management,845,,,,,,,False,1074.6719304350343,346.92674140986804,128.81557189545228,7.36462114248084,2.1928048420081803
2,590,Nutrient Management,531,,,,,,,False,2980.1233342042483,530.5067020413389,201.22369464135375,62.58579477345685,16.114187707009222
2,340,Cover Crop,410,,,,,,,False,3086.878801680985,501.6588451055687,219.01752646253425,27.66926457324691,6.321799507156813
2,590,Nutrient Management,890,,,,,,,False,2701.2188978300164,642.28523490372,262.8991185108836,222.91856795673218,60.05988483013654
2,590,Nutrient Management,112,,,,,,,True,1010.8497735047837,733.4403045615885,57.984616503883,48.89686497617489,4.970848317799238
2,590,Nutrient Management,1046,,,,,,,False,2116.0280373643045,476.36298033515897,146.15516337379756,32.83427795889846,9.366085141287957
2,329,Residue Management (No-Till),1739,,,,,,,False,740.1314910885728,453.82763398646534,33.92689511212612,63.43755199097899,9.314038743486988
2,329,Residue Management (No-Till),494,,,,,,,False,1521.1768997099239,398.6888997742673,36.679285094457825,131.97319561786847,30.832226827586656
2,340,Cover Crop,1516,,,,,,,False,1940.4552115553265,422.59736077417386,168.4962360922156,58.3428150449647,16.522072996000354
2,329,Residue Management (No-Till),2590,,,,,,,False,2806.07975124331,645.81653762794,45.850017264689455,96.25677326105365,18.43610898844795
2,590,Nutrient Management,1271,,,,,,,False,727.0999623085918,391.43683020138786,112.78901436281734,15.74301545210733,5.48937407943851
2,340,Cover Crop,166,,,,,,,False,2558.707279897956,264.778264877647,76.24984844751827,37.392977427540764,8.04869536307913
2,590,Nutrient Management,1390,,,,,,,False,527.1928335843784,187.65608840606805,61.88697608866612,9.76606406805203,2.6465056118509898
2,329,Residue Management (No-Till),1078,,,,,,,False,465.9999117571078,409.2480966874339,29.011912197722328,1.0688577129511743,0.22320654198010267
2,329,Residue Management (No-Till),1365,,,,,,,True,486.64106679404733,90.72352359980637,1.3596364012146824,2.36277022785978,0.11260380372411677
2,590,Nutrient Management,495,,,,,,,True,6354.132722209975,7470.907610886256,718.1261572193216,301.4283719042273,26.810342579904848
2,329,Residue Management (No-Till),330,,,,,,,False,673.9435679266088,218.16452059347256,18.99680362205987,91.37073402974846,23.17587278536965
2,590,Nutrient Management,2394,,,,,,,False,1498.454645113386,258.3175843064304,99.42107889274071,11.159317144774901,2.881968773395136
2,329,Residue Management (No-Till),279,,,,,,,True,1317.9987847796522,1007.425151586347,20.019343910474518,40.01711068561546,1.902124440192566
2,329,Residue Management (No-Till),1375,,,,,,,False,354.00919519555464,117.7939841390858,7.677548905848465,46.68613105677428,8.198264261274074
2,590,Nutrient Management,970,,,,,,,True,933.899031254216,117.93992380092556,10.962879340526566,2.769788514434486,0.23263630311334302
2,590,Nutrient Management,2561,,,,,,,True,721.4786482770298,275.2545978637461,27.913540262114562,11.770480695098819,1.0119164271563827
2,329,Residue Management (No-Till),2320,,,,,,,True,563.8150815583933,168.0209108790351,2.5016595871040224,5.7056834737685245,0.2725299590874199
2,329,Residue Management (No-Till),2054,,,,,,,False,2634.204595783747,4171.5033672694835,209.1057247265368,39.99831700994908,6.9659015078791935
2,590,Nutrient Management,637,,,,,,,False,604.825769620937,285.72054019778955,117.19720168059693,9.78184002818397,2.856236511736168
2,340,Cover Crop,67,,,,,,,False,1294.2013325053558,101.83437437197324,38.16306854587045,1.19185141031538,0.30448151169513166
2,340,Cover Crop,827,,,,,,,False,1157.494396931375,199.7687804337894,84.36217601127312,17.912639727130248,2.661718025346217
2,590,Nutrient Management,2118,,,,,,,False,874.8968278544459,54.38105691632491,19.59623728258459,8.077389205826675,1.872373538223473
2,329,Residue Management (No-Till),2365,,,,,,,False,380.26221235885316,407.6392445194159,31.99329862282652,1.0769125064101217,0.18547918285032786
2,590,Nutrient Management,378,,,,,,,False,616.5382468762274,280.3395404105124,91.3788150104706,21.55202042998295,6.16931331007757
2,590,Nutrient Management,793,,,,,,,True,2559.0029004684743,607.9160374666277,50.413762496548195,408.8404377382105,34.988926002079445
2,329,Residue Management (No-Till),894,,,,,,,False,640.5665354601244,376.1632669959361,35.815516080423045,41.979931339898165,8.382779274584838
2,590,Nutrient Management,2488,,,,,,,False,85.4162097433485,52.96636836853587,18.34372234608091,4.515461725048742,1.3939146702191347
2,329,Residue Management (No-Till),1312,,,,,,,True,3996.0158552329,1559.2323242720886,47.991702758066836,43.60505394447651,1.8704325503671617
2,590,Nutrient Management,1900,,,,,,,False,1806.557931135832,414.4452529173487,124.23429659610284,41.34754757964956,10.398299514761124
2,329,Residue Management (No-Till),814,,,,,,,False,355.2490684331582,356.27240649944036,23.55234278967913,5.107473595322237,0.7438912654812205
2,329,Residue Management (No-Till),523,,,,,,,True,812.169783401894,381.3721345862754,6.357171320046216,33.189579773826566,1.2298489761283034
2,329,Residue Management (No-Till),729,,,,,,,False,1212.734550026785,344.6120250931829,37.935847895624214,21.811334670788764,3.78703925574915
2,329,Residue Management (No-Till),2442,,,,,,,False,671.1757134516946,83.02998185874301,8.586158567957877,26.05061778337107,5.27388475629251
2,329,Residue Management (No-Till),2136,,,,,,,False,112.79678981085917,74.48092831250888,8.018203650394922,3.0862018498881016,0.7094666110545957
2,590,Nutrient Management,1844,,,,,,,False,2367.1663982063687,326.25152439622207,117.95142212206245,115.51853360977066,36.969026519046366
2,329,Residue Management (No-Till),927,,,,,,,True,308.0854172072912,279.1754506172645,7.146901075758874,13.206944869470865,0.7077269657936955
2,329,Residue Management (No-Till),648,,,,,,,False,872.4731612495781,190.464162242893,17.62037895499345,15.105773522422282,3.0127237472237676
2,340,Cover Crop,659,,,,,,,False,519.6646772455717,36.13543201066314,14.820393415222215,29.545892160298663,5.593581986621382
2,340,Cover Crop,48,,,,,,,True,1613.8692320927014,1377.4504904431292,106.26434727796013,43.29315171091775,2.3528401591555954
2,329,Residue Management (No-Till),1585,,,,,,,False,545.1095346742663,645.8241220919894,61.80411278120911,21.591599235372016,4.224212016753165
2,329,Residue Management (No-Till),2157,,,,,,,False,240.31568269365138,58.80893317220275,4.075539893877096,37.294586453761006,6.060727976068845
2,656,Constructed Wetland,364,,,,,0.4153251582279295,1.3081088075896243,True,62416.80451783647,7.800607746044686,0.5339216726885175,0.5970758460518435,0.04554389348418407
2,329,Residue Management (No-Till),259,,,,,,,False,885.4484666894309,1116.324954625158,162.0916863065759,15.710534264288379,2.9985226184863327
2,329,Residue Management (No-Till),10,,,,,,,True,515.6012361483796,935.9843065511002,24.58240995179043,162.93590992235806,8.413930264041138
2,329,Residue Management (No-Till),2392,,,,,,,False,1726.276437887185,936.4241517236696,72.52742827769146,77.89602597751298,18.116978206014277
2,329,Residue Management (No-Till),1038,,,,,,,False,936.1646200612354,469.5124245627701,50.28217325197584,8.174608882805163,1.2709970561149602
2,329,Residue Management (No-Till),390,,,,,,,False,9465.114157553906,14666.569304914041,1091.7493220477443,190.1855834178568,30.534904290491923
2,340,Cover Crop,1229,,,,,,,False,2622.3810113411846,876.6078874608298,301.33013382020516,15.882818670431613,2.931881723617298
2,329,Residue Management (No-Till),645,,,,,,,False,786.0108137209098,283.4847271345255,16.068247820921346,3.6749953592284794,0.7059870603012776
2,329,Residue Management (No-Till),2620,,,,,,,False,1475.8693319134736,1230.6255148065534,124.45337278120603,38.12079159224758,6.832864410363436
2,340,Cover Crop,2615,,,,,,,False,3277.4108615725095,484.83146552421454,185.6716295012927,382.0868471879615,59.39683292687488
2,329,Residue Management (No-Till),196,,,,,,,False,972.8171537932653,598.0852208884983,65.1464710124453,43.31529803888628,9.039072233094677
2,590,Nutrient Management,1348,,,,,,,True,1026.3350714520152,131.64823769986359,11.730826387249554,1.9376794824291224,0.09518967440778227
2,340,Cover Crop,1784,,,,,,,False,2678.487269524508,729.0596383544494,284.1790967323305,6.491314515345643,1.4158200593378834
2,340,Cover Crop,811,,,,,,,False,6250.035647756085,1731.484692934801,672.5626243530623,128.0744335663211,17.21938212065532
2,329,Residue Management (No-Till),2345,,,,,,,False,567.7689164690178,69.34943968365563,6.479374322914507,7.7155179436049846,1.4641843519029232
2,590,Nutrient Management,2385,,,,,,,False,1246.4345109605108,164.51113837176857,58.54731235472284,2.4208157094965754,0.6270059539074085
2,590,Nutrient Management,1438,,,,,,,False,199.20915793962993,103.85776213966896,38.74994399998181,18.89176870360268,4.125479512483245
2,329,Residue Management (No-Till),1751,,,,,,,False,261.3947625419693,148.0746518656709,10.997214746505321,14.977106400644523,2.0720650783501027
2,329,Residue Management (No-Till),654,,,,,,,False,57.09030386175823,102.45004142896163,7.624753589709597,0.04989745209901005,0.008504037813895764
2,590,Nutrient Management,932,,,,,,,True,2033.702955306049,978.1664591911012,90.72611567757535,282.84224825563587,20.92583519709222
2,340,Cover Crop,2067,,,,,,,False,2890.9605136004698,1230.0391168825024,511.18858309995846,40.96333769312325,8.275814544233212
2,329,Residue Management (No-Till),40,,,,,,,True,1707.079435134401,1377.9702981269843,23.943118793489788,80.76193987876344,3.3802530561409396
2,329,Residue Management (No-Till),980,,,,,,,False,2073.5520719270703,216.53097166612804,13.978508180895583,29.187833475526162,5.73675539802463
2,329,Residue Management (No-Till),2272,,,,,,,False,871.9787606445663,521.4413280265815,43.82647302580124,17.30832868823718,4.050763451409841
2,340,Cover Crop,590,,,,,,,True,2198.5341756291837,198.271888883523,21.020835756212126,28.88136775150897,1.304773690275924
2,590,Nutrient Management,1934,,,,,,,True,1953.4442656283516,1225.6871991894252,92.57149435380461,20.643603954376275,1.1894263158284306
2,329,Residue Management (No-Till),561,,,,,,,False,729.9765218783753,264.01067855651274,16.4726603632262,17.40583092622007,2.37956407057316
2,590,Nutrient Management,624,,,,,,,False,1875.9455616936023,752.3650968675752,251.04205952391516,26.8995800386446,6.804675829584734
2,329,Residue Management (No-Till),424,,,,,,,True,261.6369783223465,46.86712395032128,0.7383237795572388,1.6377175570041185,0.08643569798568133
2,340,Cover Crop,1165,,,,,,,False,2208.429308021445,478.936836241821,151.51338157932196,229.37879354641495,30.446868011075573
2,340,Cover Crop,584,,,,,,,False,8491.365046830344,483.5658498483889,181.18416176380282,188.58186121650462,46.39303092499779
2,329,Residue Management (No-Till),562,,,,,,,False,746.2107059775204,232.72246670938665,21.00687638603744,6.3789030646889024,0.8667375333694692
2,329,Residue Management (No-Till),1978,,,,,,,False,1534.3025807301551,871.3751628141101,88.81404479656274,638.8026773580223,133.30038584405156
2,340,Cover Crop,978,,,,,,,False,1069.0181835808062,153.71680373294467,61.237073448143725,64.67424169293503,10.109818351372502
2,329,Residue Management (No-Till),54,,,,,,,True,853.211492027691,162.29647643407,3.767367105886193,54.576952363799535,3.361265428702974
2,329,Residue Management (No-Till),2196,,,,,,,False,2415.5848272454787,643.4709652622086,84.57476071225794,36.492900173982065,6.967653484215306
2,329,Residue Management (No-Till),1574,,,,,,,False,1619.5826427252907,3196.583420856119,275.51955827151045,111.07428592128352,15.469766403743344
2,590,Nutrient Management,748,,,,,,,False,1604.3798322959226,616.5895458353658,235.18720966000865,14.673202472771852,4.069192291011989
2,329,Residue Management (No-Till),2335,,,,,,,False,268.9387639617844,102.47356461583638,8.967239476183524,41.634424510250504,10.344826408278228
2,590,Nutrient Management,1453,,,,,,,True,2552.933610269367,717.8762759661839,60.364936776911506,62.73801807749714,4.2250045445425695
2,340,Cover Crop,542,,,,,,,False,316.14625124367404,113.46144357119195,42.488445260881136,2.8562590241249657,0.6491482037976319
2,329,Residue Management (No-Till),1073,,,,,,,False,2129.8429390467777,563.1150789146894,40.892381887613425,90.59285006754347,18.245918583171857
2,329,Residue Management (No-Till),1355,,,,,,,False,568.4152308044394,767.1081026785118,69.77115343127427,81.82966845674662,12.401278396123159
2,329,Residue Management (No-Till),864,,,,,,,False,136.1320695635208,101.96028440997476,11.015317287594174,3.8790365314382624,0.5855232391080476
2,340,Cover Crop,416,,,,,,,False,969.3507366187355,155.85556953805158,49.77383637997471,9.793893903742978,2.0845492159472143
2,329,Residue Management (No-Till),1845,,,,,,,False,821.3270598351453,196.14615714648494,15.611410572580871,88.69947388566952,18.164058245759517
2,329,Residue Management (No-Till),1655,,,,,,,True,781.5970463806947,74.37565994143182,1.8905198559879655,50.66947659901633,2.4310723668829075
2,340,Cover Crop,1802,,,,,,,True,1327.064359374334,424.87220795002025,48.58324183427009,5.39279935170436,0.2381075044296553
2,340,Cover Crop,1058,,,,,,,False,1916.8431344482915,506.04871891222314,180.13505999639062,56.12509350043215,7.712450811377683
2,590,Nutrient Management,1396,,,,,,,False,979.371652598339,104.66104377961574,31.10351558502338,22.71884991252124,7.06685648737638
2,340,Cover Crop,713,,,,,,,True,750.6097875072139,68.44786362974654,6.244576171452296,51.11272777029543,2.716836483483307
2,329,Residue Management (No-Till),2370,,,,,,,False,349.3022887014739,730.5359934840322,62.76477973328368,0.8206337937964449,0.17304103267154283
2,590,Nutrient Management,1270,,,,,,,True,6073.0951737767255,1370.9902950826904,86.42749046540564,13.458435107271661,1.0158584278600133
2,590,Nutrient Management,2336,,,,,,,False,681.6726246633455,306.5326255561255,99.06132151050252,65.71119789059392,18.164249222942736
2,590,Nutrient Management,1801,,,,,,,False,477.2687071240848,85.36659222512489,28.25655284197293,17.521277417440412,4.842635950535677
2,329,Residue Management (No-Till),2292,,,,,,,False,493.03702847158394,315.27707755402065,15.67034948456483,226.47615897731538,46.949537804469635
2,329,Residue Management (No-Till),1387,,,,,,,False,915.8090199274185,399.8859674698934,40.9567945292011,162.21543922915183,28.24741721416549
2,329,Residue Management (No-Till),1410,,,,,,,False,474.2019320866462,294.1820449448213,28.595156480403812,55.31073633060696,9.814227288204624
2,590,Nutrient Management,1831,,,,,,,False,581.715652993853,182.32057542353135,70.82605397291547,106.99433476555826,30.35503118463959
2,329,Residue Management (No-Till),2242,,,,,,,False,305.289286720984,215.71106775812802,21.248256263997067,9.46348206666031,1.5940320393448855
2,329,Residue Management (No-Till),1524,,,,,,,False,1020.1693810186316,3589.001188847333,360.990260852459,27.433244531704304,4.148792867169312
2,329,Residue Management (No-Till),492,,,,,,,True,433.1644085748576,300.4513471499176,7.033598515853638,4.27794636806076,0.20686776235692933
2,329,Residue Management (No-Till),2561,,,,,,,False,313.4724557120433,247.34105760163152,30.389631921382897,10.758564267942436,2.3400098883634484
2,590,Nutrient Management,1089,,,,,,,False,858.7727807511801,142.34740764171954,52.20521064540578,4.710586548491804,1.2551191384917988
2,329,Residue Management (No-Till),742,,,,,,,False,980.5331403238671,271.1369722688409,26.067240726323472,10.979097413512665,1.8647309673670684
2,329,Residue Management (No-Till),1965,,,,,,,False,2343.4204046760738,2913.8118891119516,297.57296551618015,137.128494015532,23.97269857071098
2,329,Residue Management (No-Till),1391,,,,,,,False,237.5039624456275,134.99487762889024,12.542621487200318,102.30460928740239,23.43046332132555
2,590,Nutrient Management,1647,,,,,,,False,360.705192340338,324.4710100995143,132.58142652094352,13.098348295489723,3.37665910154204
2,329,Residue Management (No-Till),2326,,,,,,,False,1395.0492844266105,617.8598075268283,38.68835887377556,5.234279697739387,0.9043432097794306
2,329,Residue Management (No-Till),2457,,,,,,,False,390.50212009630485,75.79972388005368,3.047734563253288,4.355117622384842,0.7341271517268363
2,340,Cover Crop,1218,,,,,,,False,2028.838285966247,239.91193987539822,89.32959803825413,106.07086177210998,16.99942827750198
2,329,Residue Management (No-Till),637,,,,,,,True,247.55637104922602,168.52333851719257,3.8894683001978847,6.925603516447802,0.27927659247022535
2,590,Nutrient Management,92,,,,,,,False,671.1593894810716,414.6882627491249,167.5810625173128,53.56274141271818,17.80864288063817
2,340,Cover Crop,750,,,,,,,False,1835.60600590405,278.1703716422577,100.89406398130589,141.225415776234,22.522206058052525
2,590,Nutrient Management,2146,,,,,,,False,1099.957609220731,343.42181011303364,123.06691897524749,51.189792129456244,12.61343900479102
2,340,Cover Crop,912,,,,,,,True,716.4351187287698,187.20836280270953,18.75489306437251,2.436209406186663,0.13466788216034029
2,340,Cover Crop,1636,,,,,,,False,1606.1879741761281,400.62368168361394,141.58539144319766,11.829791645053886,3.2018158408229285
2,329,Residue Management (No-Till),1668,,,,,,,False,429.1623609311784,924.7884136614233,90.39023476271325,3.4668808753622566,0.6450348671721409
2,329,Residue Management (No-Till),2026,,,,,,,True,971.2018081273447,552.1915062605839,16.559731913622755,73.57144273555001,4.644475871187236
2,340,Cover Crop,2626,,,,,,,False,1068.1500153252775,298.929940895244,126.28900716306207,3.2471106861826184,0.3877049960640824
2,656,Constructed Wetland,755,,,,,1.4332881752029445,4.87413549417185,False,50586.070626545334,102.06018659419466,35.27855976295113,28.836915496958564,10.117809895734087
2,329,Residue Management (No-Till),2159,,,,,,,False,182.19092798620477,750.4244540881674,71.15099725031084,1.7683391120656484,0.34146289993972456
2,329,Residue Management (No-Till),766,,,,,,,True,230.86070436361788,218.0163577587865,4.762028735673444,5.168384927184994,0.15497330897428452
2,329,Residue Management (No-Till),1316,,,,,,,True,399.3000049027997,670.0632087524517,13.525948852387204,5.247777665729017,0.22729595968021588
2,340,Cover Crop,1532,,,,,,,False,449.69102815534586,10.501084077421837,3.2344038491461427,0.4791823160332269,0.12152640626152407
2,340,Cover Crop,209,,,,,,,False,1908.4671105604293,167.969287211225,63.59676448854789,2.546587466715856,0.5966835236232243
2,590,Nutrient Management,2492,,,,,,,False,6755.8987963200925,6995.497673410566,2726.640313541209,96.40948548725024,24.10997084207512
2,340,Cover Crop,2672,,,,,,,False,201.75389025790824,7.342950236903062,2.345448992857881,2.7399557850136564,0.8292179184221173
2,340,Cover Crop,665,,,,,,,False,577.0936212482368,89.72734358639568,31.309432027360053,12.275913178233067,2.690866978500466
2,329,Residue Management (No-Till),2311,,,,,,,False,1008.1767810366377,723.4463344926781,37.24994693690735,49.32150077561619,8.7349974548315
2,340,Cover Crop,1775,,,,,,,False,2142.2992872900463,152.2699897938797,57.82970562793055,2.8236831951919235,0.5049105661543252
2,590,Nutrient Management,79,,,,,,,True,2852.125179717587,1163.3680932300376,88.7351368961283,167.89560772443636,10.772293479856284
2,590,Nutrient Management,1676,,,,,,,False,262.65361027563245,81.51504304207157,27.064561005478083,3.514912586321692,1.1909665123049438
2,590,Nutrient Management,812,,,,,,,False,548.1881098194468,226.49568404609101,67.41027043186688,20.735539269983878,6.37216841347947
2,340,Cover Crop,706,,,,,,,False,3590.6790087290606,1227.1180273739724,575.9230553916747,79.0453641553326,17.78769596333387
2,340,Cover Crop,2331,,,,,,,True,4403.626096722767,2411.9099060663098,196.87049945726508,21.245513009323897,1.5045932257485384
2,590,Nutrient Management,2017,,,,,,,False,2155.913972077004,675.1921723771222,219.21571858545676,36.602809846200586,10.655112939665974
2,590,Nutrient Management,1689,,,,,,,False,2402.427907242029,241.60506874567415,99.43217372447904,16.756403834266273,5.482796207540392
2,340,Cover Crop,1389,,,,,,,False,1017.0363752982439,14.108557649345933,3.9013926640356065,7.460388556327175,1.2553133872591493
2,329,Residue Management (No-Till),1299,,,,,,,False,966.931949410668,241.61092885041685,10.569325824653582,3.0307935368939845,0.6359180746508858
2,329,Residue Management (No-Till),1502,,,,,,,False,971.5857647978693,718.3770462616932,24.515993136251826,21.38341547262632,3.070409210741146
2,590,Nutrient Management,1085,,,,,,,False,665.5822686937389,0.8143153724597009,0.2968733606800791,37.79527130308438,8.222297722176355
2,590,Nutrient Management,196,,,,,,,False,2215.323402863901,532.938749876053,239.17636141138738,34.276225805791604,6.807700396027371
2,590,Nutrient Management,2524,,,,,,,True,273.9509468604374,15.01214521855709,1.3083042356837309,1.7336403690482645,0.11911179190034978
2,329,Residue Management (No-Till),9,,,,,,,True,506.86417510085954,59.318669084970416,1.8264991814346416,13.349287803583557,0.4259326520045818
2,340,Cover Crop,1053,,,,,,,False,2653.7796944295105,2008.1370716487513,659.7724523475341,114.27613243532303,23.160789979654062
2,590,Nutrient Management,522,,,,,,,False,4021.7359721235844,6971.087733441199,2308.335825814122,53.83880826887897,13.78373673056108
2,329,Residue Management (No-Till),621,,,,,,,False,516.6089368925776,310.7423238952796,34.183415675835775,12.100196018355302,2.535302215729182
2,340,Cover Crop,230,,,,,,,True,811.5536152746255,126.37167104517904,9.583666483752726,11.508070659696077,0.4837755375901366
2,590,Nutrient Management,1343,,,,,,,False,495.9203798563075,105.39331322865497,34.971462094406576,107.41681001243184,33.98323656682633
2,590,Nutrient Management,1061,,,,,,,True,475.20687744612724,94.90508278791764,8.848755350650565,4.714309398727219,0.25918955458630205
2,329,Residue Management (No-Till),480,,,,,,,False,618.742250348026,116.5162827338052,6.627258540586987,30.791639316392327,5.006749997660884
2,340,Cover Crop,2552,,,,,,,False,4036.4278668214215,546.9792548321591,187.61653089727628,31.726634372935713,7.0525066222210935
2,329,Residue Management (No-Till),2452,,,,,,,True,554.4757833987494,218.51270536166598,4.197202450360537,46.046703326706115,1.9906862818568767
2,329,Residue Management (No-Till),1086,,,,,,,False,725.4502485648825,628.3741408679874,35.90993096715208,20.712984728494416,4.262131659449392
2,590,Nutrient Management,2446,,,,,,,True,127.96771094442579,23.610735536351562,2.2583237074168587,0.4912088989940114,0.03006387606959441
2,340,Cover Crop,1566,,,,,,,False,1622.4022824017338,168.20926330129416,65.383338810874,6.866402528779516,0.99366553711312
2,340,Cover Crop,1315,,,,,,,False,2472.698185834105,232.162696784762,91.32908764039789,40.592262875903366,10.570513140650284
2,329,Residue Management (No-Till),707,,,,,,,False,684.8142956937453,991.3803665016717,100.62401671544451,68.58048022480634,10.723630596851008
2,329,Residue Management (No-Till),1761,,,,,,,True,592.2893475319346,63.58293033368149,1.508380061563723,16.943699073604385,0.8093490280909442
2,590,Nutrient Management,2172,,,,,,,False,4199.149030725185,1552.4614671260858,542.9716323794914,123.76684556251827,43.09027251329577
2,590,Nutrient Management,626,,,,,,,False,2680.7795935925074,1849.966364266688,697.8090866342737,120.60029530172845,31.901038018489338
2,329,Residue Management (No-Till),2446,,,,,,,False,53.939701997805905,21.352411828934706,2.1664620665187613,0.461145022924417,0.05777251842790422
2,329,Residue Management (No-Till),1698,,,,,,,True,839.6463365409652,582.6496092822525,11.982995864356116,40.468864225544976,1.6279950464861477
2,590,Nutrient Management,2345,,,,,,,False,1028.01672774124,62.870065360741116,27.028773922808806,6.251333591702061,1.8085628802815827
2,329,Residue Management (No-Till),116,,,,,,,True,811.5094657402221,278.0552396181374,2.7266812041790605,37.900445178298575,1.0832268719280511
2,340,Cover Crop,615,,,,,,,False,1579.3022368502052,51.41017605060964,21.525753353740274,5.8864471692159706,1.4618352074615308
2,340,Cover Crop,2540,,,,,,,False,5430.3173721918565,986.8181376510922,335.3960164204619,146.3795495469743,31.35550963815676
2,329,Residue Management (No-Till),1289,,,,,,,False,928.5409035922263,536.8960659238518,38.73134668384746,47.61066043979764,7.620784989317947
2,590,Nutrient Management,1953,,,,,,,True,207.71110384570954,179.00401341200185,14.929663289126621,6.143649065971274,0.4462135891833208
2,329,Residue Management (No-Till),2219,,,,,,,False,804.9991386842725,629.2158930248271,32.75612832283194,52.36959301146502,8.713602879448713
2,590,Nutrient Management,325,,,,,,,False,1423.8650909127266,749.4228345144493,268.39267102460366,28.93401079698591,6.965497057634046
2,329,Residue Management (No-Till),400,,,,,,,False,1139.2006857645836,390.67381016657095,28.228915987013263,83.92948162313863,12.692673801075237
2,340,Cover Crop,1995,,,,,,,False,1570.6427584868813,787.8128392714477,221.72930578838884,27.15515329686745,5.322169024783622
2,590,Nutrient Management,340,,,,,,,False,1131.7124770641462,416.24390974802657,164.6236858828745,18.740514656040794,4.7425319850984495
2,329,Residue Management (No-Till),2588,,,,,,,False,316.66730240958634,123.99808348785375,11.4269065447248,9.577916594702229,1.7258682053480578
2,329,Residue Management (No-Till),2378,,,,,,,False,1073.9203716977736,324.51362595576614,26.92324062811403,64.73122786035893,12.186669473173783
2,590,Nutrient Management,305,,,,,,,False,2604.662613003532,335.2592437302652,99.82838464030787,0.10466443613241815,0.028244039780457156
2,590,Nutrient Management,1321,,,,,,,True,3892.790642504025,157.99653270291242,11.822834293148746,5.023539811397443,0.33625254191871096
2,590,Nutrient Management,3,,,,,,,True,1123.4871982103848,523.0347333560975,50.468023753942305,11.990797723892525,1.0658950276794503
2,590,Nutrient Management,238,,,,,,,True,1329.2411753854954,820.6802152244808,75.13745918727962,5.402924861448964,0.3122669757620867
2,340,Cover Crop,714,,,,,,,True,4814.790879519066,193.64928038342774,16.11105183680979,29.641743448066283,1.5555780422403815
2,340,Cover Crop,1907,,,,,,,False,1211.0409823139378,35.31670163363201,14.293544457276193,14.672963449303689,3.370891971130075
2,329,Residue Management (No-Till),1988,,,,,,,False,5672.210760650849,4656.806672862075,436.538326548128,69.2180770687463,15.875331851543391
2,340,Cover Crop,81,,,,,,,False,2391.7462181052724,162.1680998219127,55.65296385886092,19.935604929417728,3.4655817964067284
2,340,Cover Crop,1262,,,,,,,True,300.7351865550936,47.68721691653305,3.985557094216677,2.661588268933934,0.08346213066230015
2,329,Residue Management (No-Till),252,,,,,,,True,187.2198884839543,91.23769543331828,1.2605009452494023,11.371125029693108,0.44131950003561576
2,329,Residue Management (No-Till),739,,,,,,,False,780.4282747280602,1114.017536546471,126.01975836507319,39.18759406867973,5.474768860017503
2,329,Residue Management (No-Till),1107,,,,,,,False,665.36388230105,329.8659887789311,23.912252620002572,2.3754471381425173,0.4102926679061289
2,656,Constructed Wetland,1530,,,,,0.8300384301147005,3.7756530437482114,False,54357.6609470502,103.50074665158267,27.28501364385683,2.358492352061027,0.6408264979364418
2,340,Cover Crop,118,,,,,,,False,3147.4619399192784,783.9282145309811,265.6093276009607,21.83481558720365,3.892398601175963
2,340,Cover Crop,2157,,,,,,,True,1195.496330959645,54.73339327832566,4.073670904574682,31.23385847769216,1.9748966322596508
2,329,Residue Management (No-Till),2252,,,,,,,False,1343.5052134796797,606.454255555558,28.17450398169392,103.14808170339258,16.20421503549966
2,329,Residue Management (No-Till),1269,,,,,,,False,2928.781922681321,6131.373025209784,407.2199697229444,367.6831853233083,57.64878480073783
2,329,Residue Management (No-Till),2330,,,,,,,False,556.0601385979861,332.76155848606845,26.32083824003362,14.256853830938072,2.537176292426431
2,329,Residue Management (No-Till),1640,,,,,,,False,2761.7093879443705,1320.3174012682982,130.9955919206531,982.6071119088673,195.36913801541564
2,329,Residue Management (No-Till),912,,,,,,,True,295.98679100270084,168.45346973833702,3.706398236439095,2.3015415240263226,0.09399948053277862
2,329,Residue Management (No-Till),763,,,,,,,False,1055.8188991062088,1631.2620428169434,123.95016214815863,9.008523710077288,1.6725182281674171
2,329,Residue Management (No-Till),1803,,,,,,,False,1994.412355252268,1255.389455047824,98.70832371375182,12.547203901475777,1.8599001664534562
2,590,Nutrient Management,743,,,,,,,False,1288.1504827985461,337.64749510260003,137.7319911956299,79.12695008363984,25.782991482678796
2,329,Residue Management (No-Till),1302,,,,,,,False,2049.5753318902775,1255.7878694798226,110.52638281061999,36.387903139092465,3.583018157157838
2,590,Nutrient Management,1452,,,,,,,False,607.3722651039417,1066.464966190123,344.23597966322444,4.959971801002917,1.102712438203065
2,329,Residue Management (No-Till),1940,,,,,,,False,665.0288961632539,207.9830402580532,15.533977473851866,11.321942170022323,2.1959301999604652
2,329,Residue Management (No-Till),2215,,,,,,,True,890.9118485046394,23.82745616135202,0.24688923786316144,49.94642547169153,2.2373630818192076
2,590,Nutrient Management,2032,,,,,,,False,1014.2443155376698,218.7437790151018,82.0535573394514,10.589454741047222,3.4131909679606585
2,329,Residue Management (No-Till),1752,,,,,,,False,703.9258650461258,31.814588978809898,2.196518603974192,73.70872649728506,16.199362859237873
2,590,Nutrient Management,538,,,,,,,False,3780.4545661683915,851.4746631339202,303.2491872237582,158.14891496984342,29.347415900360822
2,329,Residue Management (No-Till),21,,,,,,,False,152.10072796084492,36.875815346347274,3.852984566014206,20.135262487480155,4.480448597269325
2,340,Cover Crop,1873,,,,,,,False,2200.1133355560864,210.83040556084148,65.45415899510277,75.76807839986574,12.566250543175137
2,590,Nutrient Management,1668,,,,,,,False,690.1062884214051,834.3981788987101,285.0433081149628,2.8218460081901156,0.6666213986138647
2,590,Nutrient Management,1432,,,,,,,False,1143.890078342596,474.8898854672126,192.0364487647265,47.31027385040194,16.839489875210845
2,590,Nutrient Management,2375,,,,,,,True,265.34340242810356,71.807039650132,6.967246584247182,1.6137372501692333,0.094836432008829
2,329,Residue Management (No-Till),1840,,,,,,,False,84.54718540348546,280.3360822059741,24.95607429364309,2.945533303234528,0.45279766768574736
2,329,Residue Management (No-Till),1370,,,,,,,False,607.6730767413408,443.13275171538663,22.762797653790756,7.17191411269051,1.4125560211536579
2,329,Residue Management (No-Till),220,,,,,,,True,359.6220193349502,415.75086994006006,6.425088018284238,12.998560070787134,0.7601667533793779
2,590,Nutrient Management,953,,,,,,,True,1100.6448247203084,102.56550256723014,9.167750940595242,30.148732781546734,2.4579123746833593
2,329,Residue Management (No-Till),1417,,,,,,,False,1114.4321125719107,277.11751888130357,24.34568392216493,21.830355373738588,2.83040860801374
2,590,Nutrient Management,1972,,,,,,,False,461.3102727312703,370.7962569649075,157.3322448103823,57.64470722934281,14.015621197880202
2,590,Nutrient Management,880,,,,,,,False,1711.0975376225574,943.2830809866081,383.02595988574313,286.76872633035424,74.19921875319729
2,329,Residue Management (No-Till),2081,,,,,,,True,617.8050096591353,2112.4788541294565,32.98536601012242,12.174771859344464,0.4722519914031003
2,590,Nutrient Management,586,,,,,,,False,549.2260960248394,938.8425941496938,276.3706811526939,113.50701136515627,33.57021131737115
2,340,Cover Crop,1543,,,,,,,False,4896.935779826431,793.5027114349152,230.59403936084436,136.23023759587517,20.83929429081087
2,340,Cover Crop,141,,,,,,,False,2742.30451759058,1248.9602420620784,426.9882467435316,39.773826558243,11.14789193589485
2,329,Residue Management (No-Till),896,,,,,,,True,530.9333338876406,450.99647597810787,8.76576085769698,67.96731755851208,3.409467289357281
2,590,Nutrient Management,2533,,,,,,,False,455.69938391323666,151.69298951228387,55.862996022698944,3.7595474097236115,1.1143081438236633
2,329,Residue Management (No-Till),1357,,,,,,,True,236.60619853613497,23.44988482073172,0.5320958419526645,2.532930290976758,0.10109761368798985
2,329,Residue Management (No-Till),7,,,,,,,False,154.02991192261746,37.17640473645402,4.644440075664582,9.943187494329264,1.7215459074833774
2,590,Nutrient Management,1315,,,,,,,False,1361.4285468745786,140.83360914436415,40.43627585101507,30.021749735253078,6.820199140275425
2,329,Residue Management (No-Till),987,,,,,,,True,2017.2198397877771,1827.2205028093015,33.98535349758808,61.87781177060724,3.2194410449313446
2,590,Nutrient Management,814,,,,,,,False,906.735721415948,332.7200637097613,106.43904669622249,4.363582329841017,1.3095853688019041
2,340,Cover Crop,1321,,,,,,,False,5667.092373662849,146.17369840976366,54.24756872082633,4.687287269478732,0.7420547125591208
2,590,Nutrient Management,1093,,,,,,,False,2277.378535306561,1189.0014520645468,341.23561103476766,37.904485889562224,9.847290676741654
2,590,Nutrient Management,1700,,,,,,,False,3401.211506841499,513.8707221118096,170.63144334663082,40.86147837030542,10.561742785883384
2,340,Cover Crop,2125,,,,,,,True,11223.326492799179,7101.873807940909,472.6477320440096,90.33852127376707,2.4674487639265528
2,329,Residue Management (No-Till),182,,,,,,,True,286.2858755722873,3.483060846887623,0.0965790044389088,7.7093465109148065,0.3519938958451296
2,590,Nutrient Management,535,,,,,,,False,281.77090827720536,662.4661937351692,256.8818265935923,5.125327971849982,1.3700464027731927
2,340,Cover Crop,2333,,,,,,,False,6345.623383447077,1640.9792352136194,558.4046270378396,34.13394012161725,5.496087783788289
2,340,Cover Crop,1179,,,,,,,False,4309.045633379919,1347.3651745645236,477.4967220963775,50.67184691334122,13.726782316991999
2,329,Residue Management (No-Till),2021,,,,,,,True,300.7325355087299,59.01593124088409,1.6281061466153415,2.363209811596971,0.0756446561213494
2,329,Residue Management (No-Till),1040,,,,,,,False,1414.9595620779385,795.4500730155326,74.11650480196919,15.83015379907386,3.504671314694933
2,656,Constructed Wetland,79,"79,84",,,,0.11297960832036585,7.119169062054453,False,18477.661192552467,31.01089582028558,13.031151812711416,4.5341385635512506,1.1253039177420854
2,329,Residue Management (No-Till),862,,,,,,,False,461.15345274074616,256.42274242702314,21.69749317051092,20.156892036572955,4.44280139046796
2,329,Residue Management (No-Till),2354,,,,,,,False,372.6606287826003,224.71534512011633,18.925576023979595,4.862837089560676,0.6138396331880144
2,329,Residue Management (No-Till),1660,,,,,,,False,550.1636604937141,198.63844906210065,22.69762166971141,250.79116458661144,40.04007675730191
2,329,Residue Management (No-Till),171,,,,,,,False,121.73936085571391,44.64523150646221,4.129297451897309,3.2359443095278855,0.45081305509942265
2,340,Cover Crop,2475,,,,,,,False,4071.5428404264244,223.86198679745652,68.29072011626222,54.610347769968804,12.83174630246697
2,340,Cover Crop,1124,,,,,,,False,1541.8874235455837,113.40293991917217,29.26201673812182,3.846189721135976,0.6936743857386175
2,329,Residue Management (No-Till),124,,,,,,,True,784.9746773359636,886.9152786745055,22.858263329502577,2.479485439874472,0.1255153163691347
2,590,Nutrient Management,1905,,,,,,,False,435.6257319134538,358.6670608472058,112.64114510399651,17.213932047549182,4.645009843398341
2,340,Cover Crop,637,,,,,,,False,1130.3327339891007,164.6338702169947,56.425367353956176,6.646326923977576,1.2572701219839388
2,590,Nutrient Management,406,,,,,,,False,718.695726353751,505.9308949356893,206.74242906876896,26.943091574586177,6.258865559385712
2,340,Cover Crop,336,,,,,,,False,6878.242431107853,246.80840474064038,100.39943400753324,82.08708676105931,20.49983638078842
2,329,Residue Management (No-Till),1900,,,,,,,True,520.515311242775,290.2109563212459,5.854039330883277,30.949248064888433,1.6798180049396574
2,590,Nutrient Management,433,,,,,,,False,3176.7559745247263,2013.3764877720262,847.6422224773451,33.21338538941257,6.9325180360143674
2,590,Nutrient Management,2633,,,,,,,True,284.0879439477273,332.7021416762228,23.88086665578647,24.718322897237183,1.9106563164459964
2,329,Residue Management (No-Till),734,,,,,,,False,496.557203972951,779.6069637316036,63.371118163498316,1.0105946109212924,0.1957727757277889
2,329,Residue Management (No-Till),685,,,,,,,False,303.21107297574497,23.80914666609213,2.3022786945931597,25.161293863452663,5.228099042871293
2,590,Nutrient Management,851,,,,,,,False,532.267138051293,476.8747400851265,157.81598181864916,7.909435938132562,2.3413766617855267
2,590,Nutrient Management,1809,,,,,,,True,1416.6907305492173,2386.882021269002,211.84210415141922,103.32338959888011,6.370813274055633
2,329,Residue Management (No-Till),2134,,,,,,,False,650.0702785698124,245.1802216109465,23.83521263024728,35.24367855524325,6.381595289597392
2,329,Residue Management (No-Till),1483,,,,,,,False,409.18240768966785,255.01401966215982,21.89126098604509,24.990587023719566,3.688104463818576
2,590,Nutrient Management,2389,,,,,,,True,1053.027234147301,182.85299144379948,16.916818325273255,1.6839758680022612,0.10956485288250715
2,329,Residue Management (No-Till),1288,,,,,,,False,811.9051173381861,367.20783859910955,27.33809889728458,28.947422957987545,6.297700344116371
2,329,Residue Management (No-Till),1129,,,,,,,False,858.9462272375519,635.859803842742,51.5914386422247,365.21626616495416,41.532211178634796
2,329,Residue Management (No-Till),1713,,,,,,,False,922.7989652558578,353.53760921361527,27.914831177668862,4.44317103047064,1.0800713238348858
2,329,Residue Management (No-Till),1740,,,,,,,False,329.09569438992906,129.8326111122081,9.77742367612099,17.397957150995097,3.207150952625774
2,329,Residue Management (No-Till),1104,,,,,,,False,4438.138773535732,1292.8328701880362,142.92531840635485,264.613033086365,51.729050973744705
2,590,Nutrient Management,2147,,,,,,,False,429.543968391873,292.66628634416156,122.17340911180256,8.42295773303079,1.3602184076992943
2,590,Nutrient Management,1670,,,,,,,False,659.841337731173,72.08134077204343,26.823870927760193,22.527910507521522,6.774205992975548
2,340,Cover Crop,1110,,,,,,,False,2350.6147064150423,289.3442036797501,89.33611817714115,12.995027480526588,3.147383042756294
2,340,Cover Crop,1480,,,,,,,False,2408.238736494887,408.8915442968094,196.24738557112252,108.34772474766758,27.714952552569784
2,590,Nutrient Management,189,,,,,,,False,44.90771400474496,42.78793540560579,18.399067120136483,3.655046524499741,0.7880959965855325
2,590,Nutrient Management,2489,,,,,,,False,1543.2487839688451,47.76593907939962,20.554831178954174,81.35370736386541,21.147344257192284
2,340,Cover Crop,1047,,,,,,,True,1453.1920677244373,87.25607015518816,6.657730340495812,1.9183772720437418,0.0707811038779088
2,590,Nutrient Management,609,,,,,,,False,645.1986223795816,68.95840813712516,20.799800635494147,0.48961121308016614,0.09232680618778813
2,329,Residue Management (No-Till),2111,,,,,,,True,549.2053110097174,40.960595504721645,0.9169389883936595,204.56882606524525,11.684113456584305
2,329,Residue Management (No-Till),402,,,,,,,False,151.35208181330907,66.21099597824615,4.750676224166234,1.44836859106495,0.3527379488053696
2,329,Residue Management (No-Till),885,,,,,,,False,257.9177555974525,12.476672016690797,0.6466643409656321,14.661065403025214,2.5318696511130194
2,590,Nutrient Management,1402,,,,,,,False,576.8333647434816,197.18842367988597,69.2130130472728,4.901893759998433,1.306274856175007
2,590,Nutrient Management,1975,,,,,,,False,397.93648912345344,565.5145863777834,200.48515026817975,42.26616858203122,11.340183473211825
2,340,Cover Crop,2242,,,,,,,True,937.8157045151709,194.46281149413096,22.54380682152172,7.869450027315423,0.5212185823262294
2,329,Residue Management (No-Till),1969,,,,,,,False,599.9278609524468,249.44715513280212,24.68658236543077,65.22025852730883,13.294733515682351
2,590,Nutrient Management,2402,,,,,,,True,606.6731403787172,194.37174612004748,17.5397271456767,4.923623754402231,0.39566639684717386
