scenario,cps,cps_name,pid,impacted_pids,linear_length_m,buffer_area_ha,portion_treated,wetland_area_ha,catchment_to_wetland_ratio,failed,cost_usd,treated_TN,removed_TN,treated_TP,removed_TP
3,340,Cover Crop,965,,,,,,,True,6951.238523706808,1017.7112894008736,74.84904802590748,75.11637490401816,4.206703579651605
3,590,Nutrient Management,168,,,,,,,False,1259.2046547721827,1961.9245776257962,686.8001128512958,20.75245239259932,5.044643285096989
3,329,Residue Management (No-Till),1518,,,,,,,False,262.8247258979853,274.42990254069616,9.05108514353287,6.338732306087636,1.4897499966768357
3,340,Cover Crop,1180,,,,,,,False,2424.0480691781713,245.3876431020952,99.43772980950062,234.38870116635874,39.36808633519926
3,329,Residue Management (No-Till),1352,,,,,,,False,777.4990731636072,382.7758838478104,23.233463852897803,3.8203477559632626,0.6823548467145775
3,329,Residue Management (No-Till),1130,,,,,,,True,0.01740615359467305,0.00401268476388798,0.00011603176573754797,0.0015710198485327195,4.819338431827113e-05
3,590,Nutrient Management,1779,,,,,,,False,1092.694650587889,752.6289812572644,283.49635128696906,28.196481896124588,9.158411066028343
3,329,Residue Management (No-Till),2660,,,,,,,True,381.19252757716947,73.06258713293346,1.3069035292102515,48.472697095483845,2.023441008902154
3,340,Cover Crop,2104,,,,,,,False,1062.181967811189,124.03454387695975,36.758421274283975,10.997585703656286,2.764336183902544
3,329,Residue Management (No-Till),2478,,,,,,,False,1848.9760736147064,2218.6096970241965,254.05732272452462,37.37889825558123,4.858686474229865
3,329,Residue Management (No-Till),2259,,,,,,,False,750.6052799362458,1995.0064613033287,124.79038950100065,18.163407728236216,4.398927087231155
3,329,Residue Management (No-Till),1860,,,,,,,True,63.54083635871615,131.87160944055577,2.508388931523614,7.9297288465295805,0.29328737401970023
3,590,Nutrient Management,289,,,,,,,False,381.74443337407087,12.518347274684755,3.8678202044924506,12.87316656282036,3.293300311574103
3,329,Residue Management (No-Till),483,,,,,,,False,636.0647165424514,325.6295264494783,20.57310656850329,9.907515282781917,2.20880561910458
3,340,Cover Crop,875,,,,,,,False,936.9849720137776,446.17991095172334,138.2219566355069,30.84654647615879,5.90487304869597
3,590,Nutrient Management,434,,,,,,,False,1531.7492425710948,527.1737593133198,200.61059118607315,2.8696700849096453,0.9445297549605877
3,329,Residue Management (No-Till),1965,,,,,,,False,2345.00941218636,2183.963114099672,214.08174204665613,44.42730870508101,10.909908345411
3,590,Nutrient Management,1135,,,,,,,True,692.79788963549,106.26404476437767,9.42323445863055,22.6307377298355,1.6999085257193147
3,329,Residue Management (No-Till),16,,,,,,,False,221.3946141595127,282.104409456728,25.36723493221063,29.23180270630426,5.938427480784267
3,340,Cover Crop,2026,,,,,,,False,3046.3415988082893,1079.5303589391476,258.51049116513684,18.718856735281847,4.250247308749303
3,590,Nutrient Management,1129,,,,,,,False,1731.897834042563,303.79695891028064,103.47596519762352,19.645051885851135,3.953929141750121
3,590,Nutrient Management,1479,,,,,,,False,502.139785141001,225.13941958585795,87.79954282893935,2.959732666296329,1.0811381578530863
3,590,Nutrient Management,996,,,,,,,False,6377.579116349494,3367.688050846809,1299.7616672650076,21.447336339749032,5.58769704972554
3,329,Residue Management (No-Till),2344,,,,,,,False,14.06491045022763,18.16527851879674,1.784601176214145,1.5929425926375518,0.3199760315191425
3,329,Residue Management (No-Till),691,,,,,,,False,160.75800631874966,73.79650068107094,5.649032080375926,10.989526632388236,1.965718801692669
3,340,Cover Crop,183,,,,,,,False,1159.206479933792,446.5947395201204,205.197406506949,29.906143003762555,5.054341949997361
3,590,Nutrient Management,1921,,,,,,,False,1913.6610931777548,1053.3819407101769,382.1753960942684,5.691118601071805,1.2550746241086073
3,329,Residue Management (No-Till),1191,,,,,,,True,247.27867381159797,78.05046761133427,1.7533713264402886,6.974162783284089,0.4604710195797667
3,340,Cover Crop,1124,,,,,,,False,1937.1812454025305,252.75235422818312,75.22639715728508,24.352700912449702,4.047526836081575
3,329,Residue Management (No-Till),2340,,,,,,,False,358.31190759446275,309.6849180324404,38.884886614657866,5.674485758004975,1.1375925960462097
3,329,Residue Management (No-Till),23,,,,,,,False,792.2274065099084,2369.4090396287475,314.104815226999,8.78154658744543,1.2633819951722574
3,329,Residue Management (No-Till),1314,,,,,,,True,314.2755901115675,246.85771050754155,5.999787963535894,5.7084793846267585,0.250197953306593
3,590,Nutrient Management,1810,,,,,,,False,849.3129300799955,228.73773089878125,92.74649091796951,4.759482197857699,1.0424642715058265
3,329,Residue Management (No-Till),717,,,,,,,True,574.9151995806461,204.29921326058363,6.09420527197793,22.196891553522793,0.9808943529970491
3,340,Cover Crop,2041,,,,,,,False,5037.488095815507,4341.091634937513,1478.1737127980005,1.1693333877876235,0.15950173592261402
3,590,Nutrient Management,2661,,,,,,,True,3598.3158558084583,3733.7611961013954,375.536824982808,9.213700917036414,0.7509835303847381
3,590,Nutrient Management,127,,,,,,,False,1154.1162333948253,584.9989400156962,189.3583857174958,55.068518982842846,16.83592104386898
3,329,Residue Management (No-Till),842,,,,,,,False,1519.7819629507278,679.5524730432495,81.61785093368896,28.726257329378683,6.098620913320894
3,340,Cover Crop,650,,,,,,,False,1895.4583073818094,424.1052537951825,137.31918694871138,88.23812280604602,14.740096417534948
3,340,Cover Crop,1506,,,,,,,False,1278.277882235239,1470.259058097171,491.0962872696451,54.94109630049695,8.890647146746037
3,590,Nutrient Management,196,,,,,,,False,1842.968751677951,537.4573189717516,198.8385759029344,8.247149792767072,1.960297728828418
3,340,Cover Crop,1630,,,,,,,False,9702.474211778992,1208.0276361791869,494.66276389202363,64.78181160765634,6.675575112646915
3,590,Nutrient Management,2098,,,,,,,False,1885.507066535543,588.4661734554038,190.93670787871335,24.802111309690545,6.162655425968201
3,329,Residue Management (No-Till),2309,,,,,,,False,388.72495246400103,575.2600796508681,59.72523844677695,5.192845664175285,1.006378261211703
3,340,Cover Crop,2560,,,,,,,False,943.1055162651953,315.2323328648305,147.60211188745365,12.552270437264866,1.9873512558426796
3,340,Cover Crop,823,,,,,,,True,4774.104912625506,213.531948577849,18.891049126935513,20.955393203689486,1.4891216173822484
3,590,Nutrient Management,347,,,,,,,False,1392.0464267438265,292.2965561480856,95.35682224549768,14.16826354777456,3.3841756606007816
3,329,Residue Management (No-Till),2119,,,,,,,False,1718.6595807363444,2091.9538255367056,179.0865050039555,67.13810423634318,10.873255116392107
3,329,Residue Management (No-Till),983,,,,,,,False,572.6461373871988,182.1609882182358,12.54491255495757,4.606281041563076,0.9606602854728938
3,329,Residue Management (No-Till),1192,,,,,,,False,715.4064638090746,525.3135328540794,43.32571691175462,23.206318237099797,3.6146076492947103
3,590,Nutrient Management,1620,,,,,,,False,1164.3794925644193,40.72317296814142,12.836622735260182,78.53628729467688,14.960028384845964
3,329,Residue Management (No-Till),1053,,,,,,,False,816.9203034940949,751.3222173085281,78.52564711048238,17.05518431189594,3.048159644480119
3,340,Cover Crop,545,,,,,,,True,878.5892914538908,30.04748860065198,1.8762192324100548,66.16994725648954,3.6085614497592267
3,590,Nutrient Management,1683,,,,,,,False,1402.3802822298906,451.29912793752936,164.37002463927632,226.89241739162475,67.65551585610865
3,590,Nutrient Management,2024,,,,,,,False,2313.043005663194,407.40189707784816,117.18220132995154,72.4168847679668,22.55480952803655
3,590,Nutrient Management,896,,,,,,,False,882.2244404441254,69.87278837527418,21.460105570555793,9.151687484588235,2.050639417081706
3,590,Nutrient Management,72,,,,,,,True,2394.6509569569153,4015.375488794056,292.97829713871175,82.93402098823739,4.389647497331183
3,329,Residue Management (No-Till),1657,,,,,,,False,3652.581756031606,1363.0927523117407,150.12893522671618,171.28421422255872,33.81701840008797
3,329,Residue Management (No-Till),2271,,,,,,,False,728.3537581236137,30.95074424479167,2.1230550920948903,4.596861835697069,0.6785578181692162
3,329,Residue Management (No-Till),1591,,,,,,,False,1025.2351605403794,356.09918207175605,18.612250375087203,9.696990364833315,1.8729401801132672
3,590,Nutrient Management,2107,,,,,,,False,430.6538936707983,38.31660657368422,13.548912287528001,15.337292586043462,3.9509331409967348
3,590,Nutrient Management,1898,,,,,,,False,2423.808293239706,2291.673832009742,653.2840840295555,30.193936623936295,9.809910117210482
3,329,Residue Management (No-Till),2442,,,,,,,False,547.8027453174032,469.61204329927847,32.2175814857702,11.005596412761347,1.5541519370306969
3,329,Residue Management (No-Till),318,,,,,,,False,1289.7591773304785,311.07218913544875,28.531505897426317,61.85281080117229,10.090038695961182
3,340,Cover Crop,839,,,,,,,True,1209.0914769130438,144.4017660057427,9.930740855765897,3.2667951157077613,0.2205539347529283
3,329,Residue Management (No-Till),2095,,,,,,,False,850.7767070474932,372.3543743545538,17.819144900898944,3.9909190901759417,0.5751299114305142
3,329,Residue Management (No-Till),1005,,,,,,,False,2384.289758401884,788.7204774165489,72.32419898167554,135.27631480655168,30.215066069051517
3,329,Residue Management (No-Till),520,,,,,,,False,364.3501792648173,1054.3395674156752,147.02411623016204,3.410368244654776,0.7657927842226173
3,340,Cover Crop,1471,,,,,,,False,1645.9893550637562,45.900801993683764,20.192120160626445,9.712475471506353,1.4210728661452054
3,590,Nutrient Management,2519,,,,,,,False,258.1277587023949,158.44619674691577,57.766522393352595,8.518318217006634,2.3228064539939117
3,340,Cover Crop,2565,,,,,,,False,2524.5137429776355,919.0290485444291,352.56854704844477,4.476818619391143,1.0878880892891227
3,329,Residue Management (No-Till),267,,,,,,,True,146.17017710076317,50.09762102418083,1.2671779996593038,5.041818577274975,0.2666777451053596
3,329,Residue Management (No-Till),1196,,,,,,,False,579.2313515222405,455.7462757132759,36.3447202835777,43.108902711383045,9.0243746093431
3,329,Residue Management (No-Till),6,,,,,,,True,1478.1942168771134,461.6525986981398,9.155386978451833,19.06567785520503,0.8988791029360009
3,590,Nutrient Management,2456,,,,,,,False,417.9801197606439,107.08965468388728,31.574450360416215,3.3292395738386653,0.8546428675581299
3,590,Nutrient Management,470,,,,,,,True,1656.057667230844,2294.260742972769,216.4574352867375,19.0021799027519,1.2763376710189007
3,340,Cover Crop,1400,,,,,,,True,2623.333346460182,761.3007592311636,95.11734473877605,2.867882023500785,0.1534816132647553
3,329,Residue Management (No-Till),1685,,,,,,,False,423.732058243212,116.93105644426255,7.465634377671096,10.146650209074041,1.8459593876160312
3,340,Cover Crop,1572,,,,,,,True,3981.5048876276437,1103.7664293264322,140.972405094273,65.01315505869727,2.2257740062485234
3,340,Cover Crop,1282,,,,,,,False,2522.0284564019003,148.09976515408516,57.36766734199749,38.555221635517356,4.884151341436428
3,590,Nutrient Management,2362,,,,,,,True,130.47478408887116,109.27694030776993,10.230622459265367,1.048634812609867,0.08343395068450117
3,590,Nutrient Management,1877,,,,,,,False,1053.8183794776123,66.02706812759014,26.8819898441647,25.696969716524325,5.907770921965872
3,590,Nutrient Management,1918,,,,,,,False,953.023468674365,1168.2690539376529,401.47992301232955,7.075252468034795,1.7038179803391222
3,329,Residue Management (No-Till),1539,,,,,,,False,1432.9403854615998,4052.1235904017276,482.94671191163604,75.7635243199085,14.453226176867377
3,329,Residue Management (No-Till),424,,,,,,,False,363.9882709958486,632.865168655158,47.64441618784967,7.819623968657893,1.50518848113292
3,340,Cover Crop,1442,,,,,,,False,4325.105252072178,1800.8276037913151,694.0897793095454,29.180146147064793,5.4618245943371955
3,340,Cover Crop,2155,,,,,,,False,916.4304257934969,188.6133385543813,64.17417700779654,5.548835169544538,1.1141845111664022
3,590,Nutrient Management,2035,,,,,,,True,1371.4141825825136,1974.0980192848615,162.40457329495288,13.57952489737842,1.1487671384096838
3,590,Nutrient Management,840,,,,,,,False,751.0578099433523,53.35448388931165,25.85876976630678,10.602559232158852,3.0475769064607956
3,340,Cover Crop,488,,,,,,,True,4114.7978266014425,542.0076150872382,46.73228976900514,127.46228166332273,6.565067643355486
3,340,Cover Crop,95,,,,,,,True,490.5901241038044,132.15442989653306,13.417137597770008,2.228713910920835,0.1217103416027252
3,329,Residue Management (No-Till),908,,,,,,,False,444.22729931694977,225.27149530287846,23.825127023818187,0.8686936182955423,0.1170630495371805
3,340,Cover Crop,1454,,,,,,,False,1432.3229611293284,313.7447033637456,140.1456571816891,59.450838557965476,11.622200561648496
3,590,Nutrient Management,778,,,,,,,True,1403.890663850917,395.7652491434532,37.828737931982474,22.87729126296294,1.451724053854136
3,329,Residue Management (No-Till),444,,,,,,,True,394.05640701857175,783.2075141328162,6.865990076653158,6.666790385265616,0.2555701928490218
3,340,Cover Crop,1195,,,,,,,False,2108.645127635612,1011.8588671007852,429.3774464615652,9.59811829595356,1.8367658662521533
3,329,Residue Management (No-Till),2423,,,,,,,False,1433.906832819821,2218.904303123777,130.04798068849294,145.41640226374435,20.080607799581124
3,329,Residue Management (No-Till),646,,,,,,,False,147.42870679072743,55.9609351274926,4.511896892500088,3.238950395214854,0.6469774367966094
3,340,Cover Crop,983,,,,,,,False,1917.5293948633027,169.61607566327822,54.100809515203245,3.645620756090182,0.9042328622145374
3,340,Cover Crop,669,,,,,,,False,2924.5913966968274,480.5709030618898,225.771347394996,8.000936093250356,1.5051474139503809
3,590,Nutrient Management,1285,,,,,,,False,4812.477401275867,4474.708742634267,1115.0851674971966,78.63420296968697,20.956695420351863
3,329,Residue Management (No-Till),2076,,,,,,,True,105.0206651642358,4.585813630863023,0.1234434034717042,1.4140903134052527,0.04381175830949297
3,590,Nutrient Management,66,,,,,,,True,3784.3160858539095,1941.7942883660323,154.47837376248822,131.7905919463812,10.19985766171401
3,329,Residue Management (No-Till),805,,,,,,,False,188.11703170884383,71.73309544015868,6.682677874590287,66.7925470467154,12.670265548910688
3,329,Residue Management (No-Till),304,,,,,,,True,1301.9866910854846,736.2351440284745,13.044540931231525,4.024158006498903,0.12951079003713098
3,340,Cover Crop,1053,,,,,,,True,1957.6323680088576,672.7965701980459,51.78465546950874,14.007024667415822,0.6232691996841224
3,590,Nutrient Management,1019,,,,,,,False,911.2396294638437,254.8621237607921,85.29817944161944,41.40774258837737,9.333458962958387
3,329,Residue Management (No-Till),2498,,,,,,,False,1838.1310875852512,1499.8928135838307,142.5574591703581,46.52118397396454,9.6331399856871
3,329,Residue Management (No-Till),686,,,,,,,False,275.99844919548343,81.9063267304848,6.651961629307605,13.389161834368943,2.092647203846917
3,590,Nutrient Management,1331,,,,,,,False,172.86255491227072,103.46187926275663,32.965050515718374,64.06253818562396,17.7297740456313
3,329,Residue Management (No-Till),351,,,,,,,True,340.2499059335514,161.78007124924076,3.618389123989936,9.577135623536078,0.42854917441134976
3,590,Nutrient Management,1381,,,,,,,False,616.6121850509483,95.66734971575195,23.902624808982367,31.160728208617208,8.031362714374053
3,329,Residue Management (No-Till),1966,,,,,,,False,622.8109997748204,849.774432013106,75.960450876889,53.2557089047271,12.145197313505708
3,329,Residue Management (No-Till),815,,,,,,,False,317.4573740831812,89.99131848467778,10.671811883761817,3.4955861473239622,0.7086086376066901
3,590,Nutrient Management,1854,,,,,,,True,530.7234122823904,462.60139852098854,35.7327616869861,77.64744679015328,6.471161709888054
3,590,Nutrient Management,304,,,,,,,False,1644.5017727283134,723.190603097243,245.40195251679768,3.8946472164617716,0.9677985331216844
3,329,Residue Management (No-Till),1732,,,,,,,False,753.3292853641004,354.06023946347267,25.37772707525119,113.80024481109496,20.904151478572473
3,329,Residue Management (No-Till),1810,,,,,,,False,313.15114535201377,135.99123998081174,10.297807076393918,3.7170179263518723,0.6110789662518038
3,329,Residue Management (No-Till),2476,,,,,,,False,1364.3119849734883,647.0528975594747,53.29296415059973,44.26270833302719,6.248300958592278
3,329,Residue Management (No-Till),615,,,,,,,False,369.7867492568963,105.74614715508076,9.231513132858614,20.59842839202672,3.1901348495634316
3,329,Residue Management (No-Till),2177,,,,,,,True,299.2781078325421,115.33686912023036,2.173779123306307,4.2932889542070445,0.22679100186933007
3,590,Nutrient Management,1257,,,,,,,False,2535.659384233175,1242.7223343564845,383.22536994874315,9.000604009404068,3.0717773514716087
3,340,Cover Crop,1697,,,,,,,False,1425.9441967368193,1310.3526647649767,429.2148261136807,136.03358407036353,33.41239138498402
3,590,Nutrient Management,569,,,,,,,False,1944.4716983653616,185.46610487559136,58.96672927259159,70.95790520279807,16.08337404052649
3,329,Residue Management (No-Till),2121,,,,,,,False,733.3608584263313,213.28874624293056,11.549974027373905,30.78397682990167,5.9099898775131425
3,329,Residue Management (No-Till),376,,,,,,,False,678.3763338615081,203.630296821004,22.032163226576962,19.060572159707096,2.944536417965956
3,329,Residue Management (No-Till),2190,,,,,,,False,1165.5464751706684,411.1548526017319,48.989329862296316,22.265427672928283,3.7163481471621225
3,590,Nutrient Management,225,,,,,,,True,544.4602104164442,192.98880614885724,18.34333431912861,29.39303636386234,1.980520134650358
3,329,Residue Management (No-Till),1218,,,,,,,True,379.97513253329186,142.22941495384998,5.469138518304885,14.619823955098513,0.619234416961143
3,329,Residue Management (No-Till),2298,,,,,,,True,378.77872351728377,266.6785616138668,3.5769960226968216,52.995504498566135,2.4248207188875175
3,590,Nutrient Management,1614,,,,,,,False,660.0629286139246,192.68832781112883,91.6280510520773,10.409507782559633,2.7140121386379983
3,590,Nutrient Management,266,,,,,,,False,916.0001330343642,90.0212378986224,29.309512099907927,253.88194162780744,57.08180175536575
3,590,Nutrient Management,1061,,,,,,,False,1240.2398764525701,222.45833512986746,98.34756164693292,32.40723253658787,9.370207151010378
3,590,Nutrient Management,385,,,,,,,False,905.2604325777942,208.24903182332412,58.114976838646086,29.889500034474445,8.306259102606498
3,590,Nutrient Management,2347,,,,,,,False,136.13042050975014,30.281996704387925,10.0672966655178,6.0447327381707465,1.5188283403398897
3,340,Cover Crop,1978,,,,,,,False,6237.397873027514,650.489772890541,232.1133915640596,430.88958675044245,79.4023837017059
3,340,Cover Crop,1580,,,,,,,False,2094.832170475791,643.3214727507658,182.39401041914346,2.9182862524481554,0.7022710878873755
3,329,Residue Management (No-Till),739,,,,,,,False,892.969742398853,1247.570491769531,177.27986092676664,96.31848206369925,17.18159639849055
3,329,Residue Management (No-Till),2008,,,,,,,False,1182.0785474421823,17.59390974247333,1.0898015093762894,56.66528674232166,12.278041041419314
3,329,Residue Management (No-Till),1295,,,,,,,False,1409.7978326127468,732.8042582072003,68.02938308956556,118.30528499535686,19.90197093540573
3,329,Residue Management (No-Till),2301,,,,,,,False,1423.596219876024,2167.0943565734965,223.36434071149253,32.72155841692111,7.018283635251
3,329,Residue Management (No-Till),2633,,,,,,,False,292.0157054852262,477.14404471142507,41.5978825985614,17.665354786297105,2.6360500386832313
3,329,Residue Management (No-Till),1832,,,,,,,True,276.4541480397491,689.7180914727215,15.97607960282918,2.037104212997887,0.0953308126681435
3,329,Residue Management (No-Till),2486,,,,,,,False,97.51845468133767,32.9678425479854,2.156881779571449,6.1889321013815515,1.0117584095731937
3,329,Residue Management (No-Till),1643,,,,,,,False,219.4221146504429,217.58127404158657,15.974597245061656,11.420778660349105,2.0266660494905575
3,329,Residue Management (No-Till),1387,,,,,,,False,795.2547093388567,300.5188725118093,30.188225914041375,3.3849500478610834,0.7975852102551562
3,590,Nutrient Management,723,,,,,,,False,4.040139732556739,0.28341995839802714,0.08362355679095178,0.11714179989435512,0.031831337754353234
3,590,Nutrient Management,74,,,,,,,False,609.406829860945,273.38724634995543,80.35922632710859,11.04739703437318,1.6944311740952778
3,329,Residue Management (No-Till),486,,,,,,,False,420.6550600581194,786.2807530426327,96.97458327715218,6.353440571703861,1.1416077776475808
3,590,Nutrient Management,1377,,,,,,,True,349.17931058469924,855.9580612420665,85.01643407303027,16.359699964906753,1.2745875285333217
3,590,Nutrient Management,684,,,,,,,False,421.5359790552352,314.3680790580919,96.51456398872432,27.77860783332918,7.898788181799329
3,590,Nutrient Management,2546,,,,,,,False,965.3684960499057,575.2028488286545,207.55817569765952,5.4321290235459445,1.6103429730327528
3,329,Residue Management (No-Till),55,,,,,,,False,27.71926651659619,11.031256018949621,1.1401439855154303,0.4156396101489417,0.06781924741446231
3,590,Nutrient Management,1080,,,,,,,True,1191.6118584021744,581.7948464395255,46.71839694324535,37.88217558956668,2.2823154386499334
3,590,Nutrient Management,1906,,,,,,,False,357.9811481601669,116.39663585710719,43.47474977113725,5.8836010718740015,1.5795470649027115
3,329,Residue Management (No-Till),674,,,,,,,False,0.31790204769887787,0.11318190948860712,0.005133768354682538,0.004607385614903235,0.0008142306596115425
3,590,Nutrient Management,235,,,,,,,False,362.3202489269479,937.2621580919125,391.5639986265355,2.7381022661998733,0.5692872746613858
3,340,Cover Crop,2337,,,,,,,False,1179.9324228026637,203.49278234133803,73.68870144270456,39.27409304529508,7.4953645531997815
3,590,Nutrient Management,2047,,,,,,,True,3426.18042477921,1336.0273240316044,118.52627905304472,161.10085326636934,9.629609226652473
3,340,Cover Crop,2575,,,,,,,False,4657.85383823883,430.6070790163541,163.70386621937635,2.9934846248848133,0.418787050033692
3,329,Residue Management (No-Till),1821,,,,,,,False,264.7485820808784,225.6194913811836,9.804267388989247,4.377264092470952,0.6239915711698911
3,590,Nutrient Management,391,,,,,,,False,1256.1100630938104,541.8533186874104,216.03407094515705,9.282039756812113,2.420102808696621
3,329,Residue Management (No-Till),2595,,,,,,,False,211.20284528041813,457.2634679519493,35.99080316292899,23.393670875663457,3.842142172401166
3,329,Residue Management (No-Till),1139,,,,,,,False,253.12336905260645,249.15184856216334,19.282680856035814,1.0057814000879473,0.21430816198089872
3,329,Residue Management (No-Till),227,,,,,,,False,708.5015064849737,224.73718468606978,24.620715294038,49.78686693172029,11.918776759963853
3,329,Residue Management (No-Till),2295,,,,,,,False,444.42470756748526,451.96390216976226,51.75586533197107,228.07235118645065,43.10585768804061
3,329,Residue Management (No-Till),185,,,,,,,False,798.8904714459079,2616.153692205162,190.0078120570666,95.73064623849099,13.100226734984853
3,329,Residue Management (No-Till),426,,,,,,,True,645.6718597543664,317.3645541061384,6.3693475695213495,120.59178455572618,4.133413507204333
3,329,Residue Management (No-Till),1113,,,,,,,False,886.3479959799909,740.3802896980474,71.33697233144333,83.5665850951072,11.92177041825462
3,590,Nutrient Management,2439,,,,,,,False,896.5984894735719,210.678799113645,65.10018717645318,24.399461484431335,9.273712001553283
3,329,Residue Management (No-Till),2039,,,,,,,True,938.6016923957307,1459.1661806685668,41.68834866031523,63.79210303965705,2.5924555812986774
3,329,Residue Management (No-Till),659,,,,,,,True,223.9570527663843,66.61804870513903,1.764208126982158,5.575986292962201,0.2910747178398647
3,329,Residue Management (No-Till),1027,,,,,,,False,207.84118392401518,17.487286045255285,1.7442435617170724,6.1780691521626,1.2537894117477357
3,329,Residue Management (No-Till),673,,,,,,,True,1087.924781761768,591.6965838800701,13.203716088348912,98.7462240296271,4.871746667656863
3,329,Residue Management (No-Till),2231,,,,,,,False,402.1563447504538,84.1824238251601,6.243904669176379,41.36666007932995,8.46877330527814
3,329,Residue Management (No-Till),2136,,,,,,,False,112.56133764125407,9.659066665227687,0.9942949651896118,3.7405781317820366,0.5067444943908554
3,590,Nutrient Management,2179,,,,,,,True,1192.0770366043128,1142.7392289634204,106.59775817179757,47.275052006681854,2.7529880329660825
3,329,Residue Management (No-Till),1318,,,,,,,False,6146.034293831161,1907.9329612157073,145.84564216110533,263.72248218378337,31.499160172681343
3,590,Nutrient Management,2123,,,,,,,False,3246.9969448117386,1002.7006499793633,324.730465833285,24.549321358951953,6.92156803203654
3,590,Nutrient Management,36,,,,,,,True,17.404829925166734,11.35456937939729,1.142400027222095,0.17328859426922205,0.012288303200648621
3,329,Residue Management (No-Till),2075,,,,,,,False,435.0612120665834,341.22696713508515,30.675807444515492,20.785213233306486,3.977856806355164
3,329,Residue Management (No-Till),2120,,,,,,,False,1227.2932833551054,3780.859271781072,265.7163762473651,16.732946487120284,2.7499360871643894
3,340,Cover Crop,1139,,,,,,,True,883.4451872889247,229.86916770612754,25.372158925117382,0.7914732381070484,0.039600429454532134
3,340,Cover Crop,1518,,,,,,,True,1061.7740825369872,265.3788173971633,22.758306631287724,4.848982309410801,0.2197763744617829
3,329,Residue Management (No-Till),1865,,,,,,,False,231.47712583160052,291.51099810416935,24.84209167126646,28.361143352949195,3.734289142666973
3,590,Nutrient Management,1787,,,,,,,False,434.53984300824015,13.563900598696856,5.392306978368641,1.831447247834143,0.5681449998611308
3,590,Nutrient Management,32,,,,,,,False,792.47899563806,203.72859601272856,66.76499554046971,2.740075246616371,0.8801526341904595
3,590,Nutrient Management,2157,,,,,,,False,357.2207513536426,267.3193157972602,100.55870122939123,0.4929137621305127,0.10448223578484923
3,590,Nutrient Management,1985,,,,,,,False,0.4924960720959726,0.09726678192649596,0.03701385837165845,0.006069579459676134,0.0017710122534479635
3,329,Residue Management (No-Till),2272,,,,,,,True,975.2760802506567,91.30739606722582,2.370253217843085,98.46709925065146,4.708469906701184
3,329,Residue Management (No-Till),2035,,,,,,,True,669.2759654854956,1811.6934459899085,43.002655611668956,12.430757758968737,0.6068980275578831
3,340,Cover Crop,2320,,,,,,,False,1994.1118028513283,1.4272660591560442,0.5162457573813307,1.928691003790677,0.4328847914101674
3,329,Residue Management (No-Till),668,,,,,,,False,812.2184234609988,86.94886163587012,6.151344057975019,7.643839629534991,1.2233464115553154
3,329,Residue Management (No-Till),1492,,,,,,,False,177.78077253444212,55.29944635399495,5.267410303445243,10.60713515924911,1.9915867692656608
3,590,Nutrient Management,482,,,,,,,False,764.2545404136179,569.1765677236984,217.38689994172697,26.66595243536519,6.471836250294253
3,329,Residue Management (No-Till),1086,,,,,,,False,692.6519811027517,872.6444579944024,87.84653344938289,18.092644945032582,3.7760755055552604
3,340,Cover Crop,1873,,,,,,,False,2589.779613471164,1556.8397567144752,558.4811543898778,2.1741125952107954,0.27053049212085367
3,590,Nutrient Management,2283,,,,,,,False,2004.732946428949,152.51996580802307,48.66926743168383,18.941637310553638,5.298444887257454
3,329,Residue Management (No-Till),2430,,,,,,,True,382.0842945539538,211.97507493474544,3.725201916270478,16.322020367548767,0.6517507939343014
3,340,Cover Crop,2412,,,,,,,True,1312.5307609022923,54.697640076202696,4.22573046775748,95.52763006471986,2.0732081843903347
3,590,Nutrient Management,1520,,,,,,,False,241.81473119184142,151.84578824068836,69.65458789022435,20.13273917149669,5.920395604669575
3,329,Residue Management (No-Till),2637,,,,,,,False,361.78693406733936,111.14001113446565,10.123916699931039,29.14800824186025,5.5016171741709385
3,590,Nutrient Management,816,,,,,,,False,500.70417992303084,271.9963587497748,99.815759151432,3.2185581094119864,0.7156551630309967
3,329,Residue Management (No-Till),2623,,,,,,,False,849.6007745351538,1012.5003310861114,84.93117671455177,10.099218672913572,2.3072362924949936
3,590,Nutrient Management,855,,,,,,,False,2143.3155554656623,591.1621318584707,159.48632172360246,351.0197517078832,92.99972032516979
3,329,Residue Management (No-Till),946,,,,,,,False,244.9963545621178,448.0597592801967,38.82761128098611,14.633038202521991,3.0198582966153866
3,340,Cover Crop,2043,,,,,,,False,1483.1437890913442,203.01094919546205,76.76259619813776,17.08883395441142,2.6129823396937377
3,340,Cover Crop,544,,,,,,,False,10262.942041017342,1902.8006952226604,812.5603493976337,37.69389881091066,6.592842907549314
3,340,Cover Crop,1313,,,,,,,False,1511.347314655006,110.10039868924596,50.461351924744044,7.720658965011822,1.1695407073498323
3,329,Residue Management (No-Till),2019,,,,,,,False,955.5507017228344,2201.2780447978785,124.0671474145487,87.92280249758824,12.71551762606964
3,329,Residue Management (No-Till),219,,,,,,,False,1430.0363039768258,564.884514959583,40.41192018420375,152.61337921863006,34.011311196009785
3,329,Residue Management (No-Till),1115,,,,,,,False,63.168165186143675,28.737617069268378,3.6762335655831517,0.3876412865084256,0.06485870522218681
3,590,Nutrient Management,426,,,,,,,False,1150.361986854005,310.9952065366171,94.41964297560288,116.45837104852184,36.40714304690149
3,329,Residue Management (No-Till),1775,,,,,,,False,497.26046092002366,1098.1317341723197,129.5629764171101,36.039818332935326,6.696545427844274
3,329,Residue Management (No-Till),580,,,,,,,False,283.52113840482065,99.46302644718854,12.336131633238775,11.6318988985393,1.5416930846007806
3,590,Nutrient Management,906,,,,,,,False,1465.9518258267185,2174.8597892301036,859.4400722801079,11.152853383382332,2.976944263359009
3,590,Nutrient Management,1581,,,,,,,False,388.60381836296824,55.0124573416738,18.068211181591813,1.5775606961885833,0.5165363869472162
3,329,Residue Management (No-Till),67,,,,,,,False,362.412118139324,452.34203555392406,45.21708717528959,8.41346183731007,1.3394998960319349
3,590,Nutrient Management,597,,,,,,,True,806.2012951859757,326.443434533272,28.867973000342225,11.233053877652283,0.8922708403301953
3,329,Residue Management (No-Till),1739,,,,,,,True,770.7242934403192,221.72184616763371,4.470883348170432,53.15838351121316,3.240677166819213
3,340,Cover Crop,1634,,,,,,,False,10427.905370281547,2117.7499693133723,641.2745010587486,296.92861330597026,61.48651079256255
3,340,Cover Crop,2296,,,,,,,True,1314.3743194229878,325.4958480946041,28.022642599573683,5.308700327941727,0.3025980344537776
3,329,Residue Management (No-Till),2438,,,,,,,False,224.43420294831543,196.9027131833855,19.38409804501233,9.904220281783024,1.5590737080632746
3,590,Nutrient Management,1365,,,,,,,True,978.9701185262325,235.83729961494484,21.090766335470054,3.7690102127613616,0.19142730413877032
3,329,Residue Management (No-Till),300,,,,,,,True,499.2678965637636,299.99746854202647,7.73492321944426,65.70783036108489,2.7370154121220303
3,590,Nutrient Management,1221,,,,,,,True,659.6370058194041,1027.4607291664272,105.66621874236418,48.5844052299821,3.217479947842039
3,329,Residue Management (No-Till),204,,,,,,,False,1477.0354252419515,6295.2762382131905,446.97055754187886,12.331235456292466,1.9503687754845838
3,590,Nutrient Management,1521,,,,,,,False,789.9009169401737,713.4086705387275,217.02445036072575,17.015773354893064,3.9717353897916436
3,590,Nutrient Management,6,,,,,,,False,2223.7487504672076,452.497211719688,157.18947546247122,18.166798752269028,6.075070737196254
3,340,Cover Crop,1308,,,,,,,True,2110.3405412752413,87.92465737677746,7.499425422546999,96.46068504901166,5.845413089041357
3,340,Cover Crop,406,,,,,,,False,1433.1858603820401,578.0601672408494,205.14154531435213,11.562002883459398,2.556181054049871
3,590,Nutrient Management,2578,,,,,,,False,442.5840586613226,288.5603434029772,116.30286779250001,13.763089365856139,3.9387124053452687
3,590,Nutrient Management,1666,,,,,,,False,1032.0322204580414,55.117049464755986,25.672518583458604,16.747762010363164,2.950060694981219
3,590,Nutrient Management,2340,,,,,,,True,460.5887472214725,270.8000314177825,21.384507460058344,4.536893161958766,0.33458763202624164
3,329,Residue Management (No-Till),876,,,,,,,False,851.8704498413942,369.19728607091594,45.45064857240611,2.3882081288242363,0.3273385306468584
3,329,Residue Management (No-Till),648,,,,,,,False,856.9095836413311,233.55748643318884,18.860083385944442,20.445752129486955,3.1313366946416643
3,329,Residue Management (No-Till),2134,,,,,,,True,957.8091606677852,1353.624777582149,26.836130071675807,45.64643506459419,1.3842622229611958
3,590,Nutrient Management,2355,,,,,,,False,19.983664613902736,61.847723691112854,20.450500294447966,0.46759634209669043,0.11174334724647238
3,340,Cover Crop,1458,,,,,,,False,3244.190530283339,706.7830638856394,322.33187479715906,40.24599133813658,8.367700447692823
3,340,Cover Crop,2438,,,,,,,False,874.214439408141,177.51861513837315,79.44240175662381,8.345146573719749,1.6369567487902186
3,340,Cover Crop,2172,,,,,,,True,8219.351611581234,2799.2037230287274,202.09149207179215,16.459122731270753,0.6774206553412282
3,340,Cover Crop,430,,,,,,,True,1021.5295147168805,146.27128860364888,15.38879938341601,5.926647466389683,0.22636303781989917
3,329,Residue Management (No-Till),743,,,,,,,True,887.4367278668614,2381.3616777579364,68.44779913380611,27.232184130321095,1.2885955627996952
3,329,Residue Management (No-Till),1968,,,,,,,True,463.8889972908906,841.9311098208017,23.511987292537913,0.6811988440351547,0.028098378491585765
3,340,Cover Crop,1241,,,,,,,False,1278.4806458278238,363.0861906675887,116.51281251753113,172.73527483048088,26.180468541196536
3,590,Nutrient Management,450,,,,,,,True,2275.950118563377,254.2465348767955,19.950077879089307,18.945809172358597,1.2235913876150535
3,329,Residue Management (No-Till),1520,,,,,,,True,318.87626430259144,82.19120035046402,1.8705729595957448,14.212343566827116,0.5053666615762095
3,590,Nutrient Management,846,,,,,,,False,818.5802939364023,157.9216843183852,47.84844071768963,3.982745580911234,1.2637102939063067
3,329,Residue Management (No-Till),277,,,,,,,False,2749.3868462566916,3133.569248095951,321.8321028859159,9.784365196141614,1.7358442675493768
3,329,Residue Management (No-Till),2520,,,,,,,True,1239.234719062376,674.46099841785,15.581729264484853,1.561655454727757,0.07267980864932398
3,329,Residue Management (No-Till),546,,,,,,,False,203.50006925668157,246.0010583707751,18.367045644413306,4.167201863147803,0.8491323626843781
3,329,Residue Management (No-Till),1209,,,,,,,False,1281.1377428538258,631.5335811628327,60.24687951999325,153.9889031153516,29.751423089043165
3,340,Cover Crop,2378,,,,,,,False,3767.191264148799,624.4231809333696,190.30499655597424,25.984535786679427,5.9225585273600645
3,329,Residue Management (No-Till),621,,,,,,,False,499.54469403007425,343.91722955519776,33.601283408740564,50.200625464891345,7.407084515983438
3,329,Residue Management (No-Till),2485,,,,,,,False,1792.1829535040633,1418.2832685069918,111.14302632212286,68.36380627771626,11.799873963141852
3,329,Residue Management (No-Till),920,,,,,,,True,1267.697655173027,693.7520670712424,18.387560214563507,61.25188893774384,2.6703433605907225
3,329,Residue Management (No-Till),2635,,,,,,,False,554.0641172083008,924.4190492286773,66.33792878969453,21.38879839676593,3.0193327031064348
3,329,Residue Management (No-Till),1716,,,,,,,False,691.5260306416825,1642.6000138776549,144.72443944714982,3.0057165155643117,0.5756284126428971
3,329,Residue Management (No-Till),579,,,,,,,False,230.30337146322327,337.7115276194894,36.13765418930207,30.18998962474208,6.461339765655539
3,590,Nutrient Management,697,,,,,,,False,360.11899454310253,1.2048736823266202,0.4252992528993847,6.0893745352215864,1.562105112006424
3,329,Residue Management (No-Till),2530,,,,,,,False,112.19284750239117,81.34706808856492,5.92302637792509,1.6268637816751836,0.2500604097417684
3,329,Residue Management (No-Till),1903,,,,,,,True,432.8531643409918,246.98868914817623,7.822695383463958,14.327406099118713,0.6330495822592491
3,329,Residue Management (No-Till),1,,,,,,,False,59.72976663199964,56.16068781445986,4.29504670934431,3.199377294372362,0.6686742284698106
3,590,Nutrient Management,1218,,,,,,,False,972.211052996425,136.7602764355451,47.29209096081739,14.00058953813737,4.915482205005455
3,340,Cover Crop,723,,,,,,,True,7.062243650631251,0.19979640160707537,0.017769810640912608,0.08531046214000189,0.0035189562488383364
3,329,Residue Management (No-Till),722,,,,,,,False,427.0512413261582,103.9886409148838,5.8894838818713975,5.686704860928943,1.1861277472946141
3,329,Residue Management (No-Till),2363,,,,,,,False,1266.7407797879114,2550.2118899057923,244.37221998019098,74.2143347841008,15.741483184708628
3,340,Cover Crop,1507,,,,,,,True,4046.651018717743,261.1477365248254,25.248681406872706,7.978736006662013,0.28791083120814626
3,329,Residue Management (No-Till),1840,,,,,,,False,111.30023569069147,211.9969610552349,7.248600059835007,13.293984727657014,2.821682204986778
3,329,Residue Management (No-Till),594,,,,,,,False,660.3071769165049,538.9047574489119,63.08758521687274,42.3378757968286,8.6218706561137
3,329,Residue Management (No-Till),1719,,,,,,,False,795.5455815019521,569.3345101404548,53.453367245146694,19.38387064689145,3.277838707374869
3,590,Nutrient Management,829,,,,,,,False,5158.664156809585,130.3875675956155,44.903746894835024,315.4744843057649,85.61570406459259
3,329,Residue Management (No-Till),196,,,,,,,False,1236.074212870507,338.6187430688172,27.250792365576714,6.286852063938655,1.0237502813384607
3,329,Residue Management (No-Till),1808,,,,,,,True,436.5842261433752,160.32294028870905,2.679228011888755,33.944126821686396,1.2839234952784284
3,590,Nutrient Management,227,,,,,,,False,1547.6864354692673,200.11646939203177,79.5561899523953,37.86809017175644,11.650236246531543
3,329,Residue Management (No-Till),2645,,,,,,,False,521.491662616175,200.88682382080793,19.041858953258973,143.1075584487306,22.85514756510624
3,329,Residue Management (No-Till),2362,,,,,,,False,65.64417445396494,99.04631784850457,10.58391279924239,0.9652008619253659,0.20362522565819907
3,329,Residue Management (No-Till),1432,,,,,,,True,662.9774435560612,143.18734125619446,4.844200465735436,12.03968461424355,0.6698842491791772
3,329,Residue Management (No-Till),2098,,,,,,,False,861.5489374205848,397.5294655766905,49.77038417170464,18.63945588372234,3.5827556794911537
3,329,Residue Management (No-Till),453,,,,,,,False,5954.59495420353,12775.953542630521,1027.0642071550842,392.8121064703003,62.60784873250826
3,590,Nutrient Management,67,,,,,,,False,573.0331483807537,407.1249483786345,159.68393054735708,7.073961941278135,1.5560294092125586
3,340,Cover Crop,2118,,,,,,,True,880.6378158470612,95.12750805333651,9.437838980965589,42.697835342603646,1.542350234914659
3,590,Nutrient Management,560,,,,,,,True,3026.293762094545,296.20060226797625,28.06380667217424,300.0059543245025,18.110540346222916
3,329,Residue Management (No-Till),1287,,,,,,,False,921.1429840484893,420.1765067024678,52.2143835630132,57.43463952440114,11.700396666211551
3,340,Cover Crop,2272,,,,,,,False,5164.818916212139,88.93714284938274,26.17535481170573,93.75862934395028,14.935036673112945
3,329,Residue Management (No-Till),2030,,,,,,,False,312.3881074020053,52.175659980373474,3.1703035573751372,1.1627833525155526,0.24475011329864144
3,329,Residue Management (No-Till),294,,,,,,,False,229.38698877888675,154.21566823512697,8.671106393168273,6.061451886777202,1.1050043924277444
3,590,Nutrient Management,2473,,,,,,,False,403.40414015161394,242.22282518047092,76.12755367493854,5.738855912327979,1.3815051097737374
3,590,Nutrient Management,1466,,,,,,,False,545.7019694937956,246.45178366211087,68.57203640682576,1.2559486178440187,0.3161303403863603
3,340,Cover Crop,284,,,,,,,False,1174.2562824821523,259.4922537261565,84.0526499572189,4.222784430513163,0.6236480058320832
3,329,Residue Management (No-Till),2567,,,,,,,False,1128.7596390775875,116.12076054925264,8.484193614736855,77.25316641316202,14.262490939208696
3,590,Nutrient Management,1362,,,,,,,False,1449.5266140771396,310.39841299500455,104.0924496590036,38.6165224381364,8.966137474666303
3,590,Nutrient Management,2284,,,,,,,False,741.6724076827492,242.72117627663533,87.08654507102008,51.95040713405388,16.441062161185393
3,340,Cover Crop,706,,,,,,,False,4104.862843772864,31.45063887705944,12.588373172708883,48.84838595753748,8.89615830416476
3,329,Residue Management (No-Till),2480,,,,,,,True,564.7758294099633,531.0144812242446,8.713097237755548,22.416836053276672,1.1252212606874248
3,329,Residue Management (No-Till),726,,,,,,,False,1650.7979813298905,222.54972256566313,15.149789701722101,13.220096824499164,3.479452633446128
3,329,Residue Management (No-Till),2146,,,,,,,False,506.1831409430705,944.3171709885231,88.01614226571232,21.638226314288264,3.65133205705927
3,329,Residue Management (No-Till),869,,,,,,,False,632.8691499326465,2060.1558487562033,154.60522679044635,333.1575378403016,49.78470487258102
3,340,Cover Crop,1060,,,,,,,False,6230.27013812685,353.94230010492964,132.62509946751155,99.1237048059337,28.835212154812094
3,329,Residue Management (No-Till),2048,,,,,,,True,481.73012768439844,286.68792745675825,6.044628800585846,241.68189680857597,12.097200899224926
3,329,Residue Management (No-Till),402,,,,,,,False,163.54940515992942,5.091876672188943,0.5018058112880609,11.136530888805643,1.991465795247567
3,329,Residue Management (No-Till),2429,,,,,,,True,317.7554796685293,115.28501959119224,1.6214936469795624,0.5289035943488617,0.023944551690238583
3,590,Nutrient Management,1267,,,,,,,False,702.4442427386107,1139.2227366943655,511.7001338149046,73.76016657800582,23.071163222644646
3,590,Nutrient Management,528,,,,,,,False,1814.5033763692606,313.86971660897063,107.03936679181713,10.3479586612233,2.926826176722101
3,340,Cover Crop,1881,,,,,,,False,2207.9160889317823,1328.0622001476122,424.3074057573325,15.458930787859133,3.608474213557873
3,329,Residue Management (No-Till),1415,,,,,,,False,264.05150864795223,730.5809257771692,74.08447363347217,9.03616878088557,1.3829214746719471
3,329,Residue Management (No-Till),454,,,,,,,False,769.0166713554995,2440.322246186284,140.32957039737255,390.8532759263371,92.33462161072278
3,329,Residue Management (No-Till),2338,,,,,,,False,651.2489823012902,295.9216467714207,30.839974815690457,48.70244378531118,8.74207730286701
3,590,Nutrient Management,1371,,,,,,,True,4038.0091787558717,355.4677987120394,29.672093984182204,1.311665853390264,0.06889815942515673
3,329,Residue Management (No-Till),846,,,,,,,True,361.90367583383886,110.07324360069556,2.9767828370081073,2.7190352870049272,0.11890035517624056
3,329,Residue Management (No-Till),460,,,,,,,False,569.872411602886,430.3326396850528,25.4731874017073,25.66350239952631,5.761313157018149
3,329,Residue Management (No-Till),1511,,,,,,,False,648.0272869648226,507.52148118772,48.36181613278632,265.0805696158973,38.65608557020619
3,329,Residue Management (No-Till),782,,,,,,,True,768.6557187084035,500.9010106764881,11.806650080242555,15.822249526543914,0.8073372088108078
3,340,Cover Crop,1019,,,,,,,False,1768.5237634689595,169.56394431917266,59.352041671232975,32.074283625418985,9.195643970852261
3,590,Nutrient Management,1259,,,,,,,False,753.1951126423271,199.84304871849716,70.82559751795705,6.353593918801532,1.1594298906576812
3,329,Residue Management (No-Till),2205,,,,,,,True,617.3009136029568,854.6315158185549,16.256225670974707,12.357724731819252,0.44024579704203304
3,590,Nutrient Management,2424,,,,,,,True,783.9612555379551,1338.8422268432723,118.1108948786705,279.59786233476535,21.190182136003866
3,329,Residue Management (No-Till),2425,,,,,,,False,147.35111120389368,214.73532079772244,14.394089577167978,70.4779467487822,12.850153885844556
3,340,Cover Crop,1403,,,,,,,False,1989.8303027097065,48.08235305103105,19.797305782008817,1.5842960353173896,0.34617662013073414
3,590,Nutrient Management,54,,,,,,,True,2328.1303997145014,224.70522728232143,18.881873886775725,31.72014868208486,1.8148093798138334
3,329,Residue Management (No-Till),2099,,,,,,,False,1085.4445049547157,589.2481271198311,49.37875172556335,427.1708549364986,62.502848095909116
3,340,Cover Crop,2052,,,,,,,True,2377.9712205095775,794.3304956000984,61.198506957184534,45.327924924824536,1.808006405447299
3,329,Residue Management (No-Till),354,,,,,,,False,1808.5608283864726,2661.7944007949973,255.01331164563712,723.3659317733305,166.4835226289096
3,340,Cover Crop,470,,,,,,,True,2042.4375264366693,2077.8033076860315,190.57522482382154,17.725842231733004,1.1986966418314797
3,340,Cover Crop,2274,,,,,,,False,1742.2200854283906,485.1202737913807,143.99045341515932,10.385282072460793,1.9298662513496274
3,329,Residue Management (No-Till),1003,,,,,,,False,267.904241633771,176.93689815214492,15.00844292412401,14.002547735481906,2.5298044421893926
3,329,Residue Management (No-Till),1452,,,,,,,True,397.00555037901705,471.84293634971385,13.142318079131199,0.17247766946600193,0.009794222662634284
3,329,Residue Management (No-Till),114,,,,,,,True,417.3154050477592,169.90167340692994,2.8839205972021045,129.70616946216387,5.516858643842023
3,340,Cover Crop,1774,,,,,,,False,822.805372032652,179.29382727918974,63.253415420561794,21.217318712185037,5.358641385255621
3,329,Residue Management (No-Till),695,,,,,,,True,1025.2458542774405,1366.2886948163336,28.81925074240225,49.03457362702889,3.233787653415345
3,329,Residue Management (No-Till),200,,,,,,,False,1447.4947852232795,2488.6376888414047,246.7426600248897,61.611389218905096,10.329638730903447
3,340,Cover Crop,1235,,,,,,,False,2503.869204342687,1351.5647937229535,492.4619242002494,53.887169460678905,8.247460015447327
3,590,Nutrient Management,811,,,,,,,False,2869.496907800716,1879.691540052482,585.0896383415743,10.75420113875113,3.042763300668745
3,329,Residue Management (No-Till),340,,,,,,,False,708.7210687163922,110.33261381024558,10.870998016337257,44.59879055506537,7.828553143305526
3,590,Nutrient Management,1797,,,,,,,True,582.1657986008279,268.17420509442366,28.482750625732923,7.686668951797866,0.3556044074715608
3,329,Residue Management (No-Till),2292,,,,,,,True,763.639607252699,173.63817115462845,3.6586413056750096,2.7981918924846405,0.10917902923231652
3,590,Nutrient Management,2259,,,,,,,False,629.4462142262742,1870.2160718023279,746.5283201546406,13.764480641005061,3.4560989023817763
3,329,Residue Management (No-Till),922,,,,,,,False,878.3889809771638,2435.158459832314,176.97277046259717,14.957653286169945,2.752139502838365
3,329,Residue Management (No-Till),706,,,,,,,False,896.5437158739753,18.862265704350555,1.4408326124921735,39.952227653372724,6.4814649659837515
3,329,Residue Management (No-Till),236,,,,,,,False,309.20487466772556,311.4794739791812,27.603290652506036,6.803478817954248,1.5712692892957172
3,590,Nutrient Management,2678,,,,,,,False,495.0423524154056,40.41314256462646,13.598495377274654,11.356491986845835,3.3601920133457313
3,340,Cover Crop,35,,,,,,,True,961.0291717517596,643.6999359458982,59.21534453980231,100.00308393856727,3.4953350681933695
3,340,Cover Crop,1093,,,,,,,False,5946.598165797836,1280.3712089610935,425.752424566733,133.94909082952125,23.091442732612897
3,329,Residue Management (No-Till),2586,,,,,,,False,572.8938879717568,219.5407091789812,19.403120300291015,157.4294536092293,30.749297242102532
3,340,Cover Crop,546,,,,,,,False,749.295831026933,227.6340127263618,60.29840493395861,3.3180695004634253,0.5695680503603572
3,329,Residue Management (No-Till),509,,,,,,,False,853.5477881892295,953.9754120283878,85.17822904815117,2.955952383973651,0.5951579472631345
3,329,Residue Management (No-Till),1705,,,,,,,False,861.6211750161639,334.7789827368058,36.28080820249822,5.117483427359489,0.9042537493444598
3,329,Residue Management (No-Till),259,,,,,,,False,1020.4131664496412,2384.558628973802,187.79882427978106,6.51012828569807,1.436411285547483
3,590,Nutrient Management,1095,,,,,,,False,8381.804034912371,1730.4771233191764,648.1599177702692,151.82275808781824,41.99613686183763
3,329,Residue Management (No-Till),2600,,,,,,,False,462.00478864452276,800.3361341029298,78.02976353488602,272.77549375083305,56.852889321878116
3,329,Residue Management (No-Till),794,,,,,,,False,441.8004759190163,584.8570907852126,83.99812596796515,14.073587618428236,3.3529130613105997
3,329,Residue Management (No-Till),71,,,,,,,False,2449.474320208879,2203.4562606073423,158.6581394660924,4.482718806195925,0.7757146835702244
3,329,Residue Management (No-Till),1753,,,,,,,False,431.29898271562206,1216.3582292045592,106.11117350867141,18.668435148570286,3.7939645335863594
3,329,Residue Management (No-Till),1783,,,,,,,False,534.0067745973273,117.9071116067864,10.69275176469287,56.24073980300836,8.66736194575143
3,340,Cover Crop,2411,,,,,,,True,2585.8820055477468,1005.6747226870938,103.67436921654837,1.2903847334083918,0.04776407847429281
3,329,Residue Management (No-Till),2238,,,,,,,False,1091.0501504087613,838.1840083282192,74.91781171741063,78.00220278492431,15.447354770038926
3,329,Residue Management (No-Till),1268,,,,,,,True,3263.799404991614,6136.413602686177,171.79593490618055,23.708962628386015,1.1815418406743812
3,590,Nutrient Management,1959,,,,,,,False,762.6408266762112,214.72080486161096,69.8000048664238,18.378030249310697,4.950834674515883
3,329,Residue Management (No-Till),637,,,,,,,False,376.41653162709775,257.9567457756633,22.2184140034443,24.996154245375973,4.822896400149251
3,329,Residue Management (No-Till),2355,,,,,,,True,29.682256515294853,41.39722339666489,1.210684469142961,0.35585299485021804,0.015468872543089996
3,590,Nutrient Management,180,,,,,,,True,809.3737042166365,996.6908269375983,90.70833115454678,81.70116991515782,6.552862211129315
3,329,Residue Management (No-Till),2268,,,,,,,False,616.3453768059447,24.312847607982,2.1971574429407164,64.90619936120258,9.94691395167697
3,329,Residue Management (No-Till),2553,,,,,,,False,270.2524976600746,207.12992214388623,7.739069387549583,5.421678192424155,0.8637502317976175
3,329,Residue Management (No-Till),583,,,,,,,True,523.9003841056704,133.82605086322192,2.8597294450412507,23.80027382557326,0.8038516549340841
3,329,Residue Management (No-Till),2473,,,,,,,False,365.7985604082767,166.09527150553237,16.189308648106117,4.357350802554243,0.7571202598683998
3,329,Residue Management (No-Till),709,,,,,,,True,1393.373707492899,287.3361201298027,8.269983378686396,96.20466584556092,5.174612661301162
3,590,Nutrient Management,2440,,,,,,,False,395.0566521023315,125.68955904099396,35.128278340796136,8.898617455407164,2.990147609681276
3,329,Residue Management (No-Till),2036,,,,,,,False,386.03475122391825,115.08852469309352,6.727036107037142,16.619947008315158,2.9825881299811194
3,329,Residue Management (No-Till),853,,,,,,,True,1259.4767967065616,275.2680756196272,4.165181194528858,10.51896768752471,0.3187450155650385
3,329,Residue Management (No-Till),2333,,,,,,,False,1435.6444873848172,1224.461489598214,95.20668707219401,27.148587189930446,4.615085905884109
3,340,Cover Crop,1465,,,,,,,False,2310.2856499926697,307.11343571340916,129.8546753764447,9.00317528768793,2.166438356416735
3,340,Cover Crop,1367,,,,,,,False,2454.28140876288,1943.3423409458896,602.0766524376479,10.171128417135337,2.0450316332699354
3,340,Cover Crop,948,,,,,,,True,2168.647025990999,55.11800147938328,4.631474455348129,14.450700168676716,0.596114864533753
3,329,Residue Management (No-Till),845,,,,,,,False,1287.5411811807558,2043.9183072287867,199.3036050286803,57.50823138930643,10.92676689780225
3,329,Residue Management (No-Till),1386,,,,,,,False,175.83671116466445,99.11655660266219,5.712522990545891,6.509971233057197,1.1296238085290757
3,329,Residue Management (No-Till),1112,,,,,,,False,2180.163262616683,35.66426680713777,3.2797007591008267,12.55870437574251,1.8677194767255254
3,340,Cover Crop,246,,,,,,,True,4277.275498898553,920.41664022266,70.04656610559874,13.569001198603683,0.4722643109198603
3,590,Nutrient Management,1189,,,,,,,False,1584.5792195636632,500.20739416411,204.2771112857943,289.44332592913725,72.57950829049442
3,340,Cover Crop,686,,,,,,,False,789.7967335826904,75.2543651011772,28.578512598178815,11.296514630522026,2.610213047759556
3,329,Residue Management (No-Till),2290,,,,,,,False,197.62097516009345,99.40837323937207,7.874873178202124,4.326338103308975,0.553429647315648
3,329,Residue Management (No-Till),2671,,,,,,,False,2345.9173835613856,2214.8788425003195,151.91149425201795,52.61027279042265,8.32230649962994
3,340,Cover Crop,249,,,,,,,True,1238.6064735738191,136.48345413351765,12.797820974222757,4.242310181683491,0.30589520155048944
3,340,Cover Crop,2473,,,,,,,False,1007.4729787243119,149.90596285742623,69.12834969937857,3.600230542685843,0.4860145972988778
3,590,Nutrient Management,763,,,,,,,False,967.225681680436,67.50882671466886,24.945692998341233,28.16692839856449,5.613219057307758
3,329,Residue Management (No-Till),1249,,,,,,,False,804.6551320447074,728.909951285202,71.91137313470726,18.039212206117305,3.9072100027147125
3,590,Nutrient Management,1435,,,,,,,True,1066.8550794349733,603.4347648843299,48.17834339695768,4.892537765204139,0.36542574875192185
3,590,Nutrient Management,1929,,,,,,,False,631.3775388765636,505.4769100914484,155.14943835171303,7.936284483151363,2.046042549898049
3,590,Nutrient Management,1853,,,,,,,True,946.4759768692754,680.2899330016234,56.56283507768736,335.8868027363001,22.021266987233705
3,329,Residue Management (No-Till),1080,,,,,,,False,887.6543086259779,535.0764494962801,36.6599509334254,35.59986015091675,4.928751003899518
3,329,Residue Management (No-Till),1980,,,,,,,True,811.7283175269635,94.23298950120349,2.0999714734967396,10.476281576632196,0.579265496005311
3,340,Cover Crop,2366,,,,,,,True,5941.50309297614,1026.8714036666634,88.30598907727502,123.65634009975007,6.657071027809871
3,329,Residue Management (No-Till),2269,,,,,,,True,695.2745458675149,725.7750982003292,7.011066590061338,17.362595086644554,0.5957364621956354
3,329,Residue Management (No-Till),446,,,,,,,False,1600.903928764593,1576.204818501459,110.18363538780861,118.204310675631,23.744170989717073
3,590,Nutrient Management,1563,,,,,,,False,1161.0764139883938,204.18579165187595,69.48157909941297,7.450369947931395,1.6007950952816379
3,590,Nutrient Management,1765,,,,,,,True,937.4443657965751,1321.6865714516036,141.4507838967477,6.447542042984844,0.43131528138224434
3,590,Nutrient Management,815,,,,,,,True,309.7335843623472,79.31950660091594,6.433365648963673,2.786977509717272,0.2066021798056073
3,590,Nutrient Management,421,,,,,,,True,4192.91132113118,2427.3221136177626,213.01612348357048,53.54135262253416,2.737745292386659
3,590,Nutrient Management,342,,,,,,,False,9067.544096877149,2890.541793932484,868.906016712602,595.809601344087,183.10963936710183
3,329,Residue Management (No-Till),123,,,,,,,False,529.6422658064586,185.94864354372763,17.25618774512572,7.382262871637976,0.9824373018438127
3,340,Cover Crop,1771,,,,,,,False,1409.7564435881104,443.0898309439956,180.03367763488868,9.218664589286126,2.056190837516641
3,329,Residue Management (No-Till),1184,,,,,,,False,525.7043170287253,518.3070312882305,41.62547045017161,74.87678774924436,16.035305500860897
3,329,Residue Management (No-Till),169,,,,,,,True,1289.9664773660568,737.3344957820123,11.848993896630017,40.448721159491676,1.6665786669489284
3,590,Nutrient Management,204,,,,,,,False,5547.61668919707,5848.305680671311,2783.3490513467927,10.380866680807882,3.422386352458486
3,329,Residue Management (No-Till),2261,,,,,,,False,1115.6731930369115,521.7956661231125,38.898927784783396,15.97310659229308,2.8198915787352763
3,329,Residue Management (No-Till),587,,,,,,,False,602.2200917882019,329.3147812198489,35.83378543897532,67.82338593172369,14.685079517467187
3,329,Residue Management (No-Till),1799,,,,,,,False,1108.999100631035,1016.1903393332747,86.81658191707149,179.00433661275466,40.766068227478605
3,590,Nutrient Management,722,,,,,,,False,897.6448579164281,98.0991570330124,34.62050518719683,4.500577113634329,1.149173946717141
3,329,Residue Management (No-Till),1161,,,,,,,False,590.1814602005593,49.047624703892495,3.3676890640421466,29.047961406096128,4.1779703012829374
3,329,Residue Management (No-Till),489,,,,,,,True,2131.960916625248,60.34728508511963,1.0125246000927286,219.27551068412254,10.317424351910065
3,329,Residue Management (No-Till),2345,,,,,,,False,515.1055681019095,117.54633276534796,11.823380153331206,25.908218769439245,6.348529530856409
3,590,Nutrient Management,791,,,,,,,False,534.4816193606869,232.66391330752097,65.04292800494449,8.507328615195405,2.176760159501448
3,329,Residue Management (No-Till),2559,,,,,,,False,1000.0475715412516,836.1896654862677,79.35473458309683,15.991674504734268,3.695416207905999
3,590,Nutrient Management,2553,,,,,,,True,405.68116092662353,199.39085275633664,21.88613215420592,4.557927960626538,0.29786214357866864
3,590,Nutrient Management,2026,,,,,,,False,1336.0270950853644,821.0198677740107,328.38274221037744,14.468609426532547,3.8049539894723208
3,329,Residue Management (No-Till),65,,,,,,,True,985.0098369684262,563.8511779556999,14.380578533012024,42.50614615144855,2.6399119469321737
3,340,Cover Crop,2399,,,,,,,False,1810.6405756262468,406.4871338268901,110.35879985944653,26.264401751449434,4.80993292236478
3,340,Cover Crop,1184,,,,,,,False,2185.463091788347,476.6815608380589,187.0932691749401,58.84148224838347,17.24718088309538
3,340,Cover Crop,972,,,,,,,False,6361.7655571212235,860.7601868529009,305.00814724896907,53.101141351623234,7.826045554496908
3,329,Residue Management (No-Till),2018,,,,,,,False,1254.6370871111494,440.027468952121,28.067896537421646,6.035502896850066,0.7691347423942084
3,590,Nutrient Management,654,,,,,,,False,120.45182491456116,8.072618117797349,3.498738269769481,3.53007805287538,0.8114871877618026
3,590,Nutrient Management,644,,,,,,,False,897.9948491541927,949.7105628082493,301.2382482400483,19.385465270527543,5.661947049972326
3,590,Nutrient Management,460,,,,,,,True,804.1850810790936,404.85945228334555,39.62219075951783,19.902189242508157,1.0348651604354553
3,590,Nutrient Management,2057,,,,,,,False,705.0393511808503,237.9189589877996,88.3276409319351,30.45421431945617,6.717351007237722
3,340,Cover Crop,2098,,,,,,,True,3499.72934534791,347.75908140498586,40.720796211752685,15.056700204231188,0.7846407761041606
3,329,Residue Management (No-Till),1043,,,,,,,False,398.2682637295979,122.33623689309867,10.024182067928958,19.146435150761768,4.3863795768468465
3,590,Nutrient Management,2195,,,,,,,False,479.43697722655054,298.0161691330323,120.4967472009163,2.248973617674965,0.575096477520596
3,329,Residue Management (No-Till),470,,,,,,,False,630.8145323738055,1887.22808286221,190.9948539227552,16.527145589901522,2.634887641121608
3,329,Residue Management (No-Till),1402,,,,,,,False,325.39504606449856,170.49442111498948,11.538576105890597,34.78721660801896,5.217254225859864
3,590,Nutrient Management,922,,,,,,,False,1315.0230160124577,2258.185689369717,644.2173024978918,12.20551378333158,3.8108489463383832
3,590,Nutrient Management,712,,,,,,,False,51.039096790690145,25.28731531254909,9.953579049387832,2.266189628695411,0.7998667285202501
3,590,Nutrient Management,2138,,,,,,,False,745.6870281197814,425.55516697626746,121.29897129028261,28.13879835550819,6.6551686331631945
3,340,Cover Crop,671,,,,,,,False,1492.7151947759653,490.7676354641735,139.90540190397812,26.66309999617841,5.194046695041626
3,340,Cover Crop,1193,,,,,,,True,3800.526695784299,1028.1642873345406,75.89644807579499,57.21757167411112,3.2044594489842924
3,590,Nutrient Management,2398,,,,,,,False,438.52396678218224,325.2335069192712,82.27810123944742,8.82939442185801,2.5314153902516243
3,329,Residue Management (No-Till),2677,,,,,,,False,184.89761468190835,70.02011161105231,8.715242548447558,70.28343921553434,11.99693755042567
3,329,Residue Management (No-Till),1843,,,,,,,False,1043.5327606301548,590.0669708267452,58.797947596608466,17.029936512111558,3.2673129526621767
3,329,Residue Management (No-Till),96,,,,,,,True,272.762365444472,479.3097503708344,12.729573494519272,15.345861584314992,0.7017467595470723
3,329,Residue Management (No-Till),2668,,,,,,,False,2140.583680221648,288.80585074860426,23.747268038100195,24.53469182053037,3.8576806117277074
3,329,Residue Management (No-Till),870,,,,,,,False,6427.272353738018,225.5386994710822,16.67664584785564,377.68858721426466,51.90699782749475
3,590,Nutrient Management,1161,,,,,,,False,1473.8814005761433,45.67993563985035,17.235640749803665,24.86999110481319,4.96267825794159
3,329,Residue Management (No-Till),1638,,,,,,,False,425.19658246629893,1485.4637272393113,123.53262083242373,4.9503858242414305,1.0524187628323816
3,329,Residue Management (No-Till),638,,,,,,,False,431.43748427780156,99.50934812167559,4.950020985954329,30.22521067230312,6.0116558767463415
3,590,Nutrient Management,925,,,,,,,False,1928.7144609735071,1562.372988377807,622.0554981664727,49.254889641737954,11.987026563093135
3,329,Residue Management (No-Till),305,,,,,,,False,1390.1467528243609,340.3880837954756,38.454370916545116,94.97765325805467,22.626818006040956
3,329,Residue Management (No-Till),1741,,,,,,,False,707.1341956802014,1052.8529138690037,114.67490939252194,19.61205837977678,3.4550877406721883
3,340,Cover Crop,895,,,,,,,False,3009.8717783570933,69.28559215554067,25.265440999363882,93.94599750701276,11.877590917842229
3,329,Residue Management (No-Till),1322,,,,,,,False,187.41179389034943,329.27366440092374,23.84826928798848,71.67441784838655,14.989909516954368
3,340,Cover Crop,2460,,,,,,,False,2825.7921521377116,428.1958963700167,194.88611453779956,9.264922738017878,1.1702830448360502
3,590,Nutrient Management,2636,,,,,,,True,1248.5170575566228,410.9520579020125,45.53884682187879,3.0767123219151316,0.14562175575229636
3,329,Residue Management (No-Till),675,,,,,,,False,749.4748184103743,513.37573847132,51.89744345691966,56.18027278976598,9.66049985551525
3,590,Nutrient Management,113,,,,,,,False,3337.017854755336,1689.6796994135625,450.22796160118844,30.395675124659633,8.320710204778376
3,329,Residue Management (No-Till),1418,,,,,,,False,126.82183957707457,170.10933780777853,9.8099253399138,2.46629389711834,0.37496885736954505
3,329,Residue Management (No-Till),144,,,,,,,False,1355.7883491039454,1015.7389036279927,100.39717838612606,49.06379823677036,8.647626136524373
3,329,Residue Management (No-Till),1449,,,,,,,False,901.3613025247814,395.640736783115,45.15771669797299,12.187076969297514,2.492679297595464
3,329,Residue Management (No-Till),1181,,,,,,,True,386.7708808625976,662.4731711030827,13.724713292586506,4.904715995048027,0.28307195220606524
3,329,Residue Management (No-Till),1721,,,,,,,False,323.9835061126972,517.4327358486306,56.242024607552786,8.263829277810594,1.0732522454502802
3,590,Nutrient Management,634,,,,,,,False,5229.437492112571,4734.256235250878,1821.0784961352556,429.58360952735006,73.14501225617443
3,329,Residue Management (No-Till),102,,,,,,,False,5617.120111833472,5785.487883382988,613.3548767958412,13.880945498470632,2.61345359906647
3,590,Nutrient Management,371,,,,,,,False,1020.0632457359429,223.76789561456832,76.60605794630219,180.7677941656662,52.84729759469359
3,329,Residue Management (No-Till),162,,,,,,,False,732.8755318632566,155.6661295416745,20.583271192616404,10.695910617706073,1.7567484937277729
3,590,Nutrient Management,1310,,,,,,,True,417.3990168348428,441.56737911997584,37.731771354692206,0.5137158479429932,0.025275908953462742
3,340,Cover Crop,2131,,,,,,,False,20.429534337296538,4.860053312627814,1.960672523428712,0.18340889908081054,0.032995225555161975
3,329,Residue Management (No-Till),2611,,,,,,,False,853.1586625556765,667.1145009061912,45.971827711963506,46.014388978291954,9.45859931922141
3,329,Residue Management (No-Till),1031,,,,,,,False,2007.2391608720282,2201.0259616833528,180.99489728318406,105.79796847927534,22.462507880316288
3,329,Residue Management (No-Till),1338,,,,,,,False,361.72553349771084,213.7340700998965,9.552450946874105,10.472504825154315,1.6949419375035235
3,329,Residue Management (No-Till),852,,,,,,,False,157.90947690775533,126.02587565200146,11.036068231281641,4.504217318696993,0.9611507354101165
3,329,Residue Management (No-Till),398,,,,,,,False,178.67510988722273,557.8208625371668,42.1403442711088,21.837588088176553,3.8268453390137602
3,340,Cover Crop,1608,,,,,,,False,3181.642195535699,873.7105984841237,375.98734257690836,37.08078848397629,6.888214414011969
3,590,Nutrient Management,2374,,,,,,,False,916.868923478919,276.79170466753277,93.9385803417577,17.028547062171164,5.122518116486767
3,590,Nutrient Management,1464,,,,,,,False,2591.268759145578,303.97773934556795,107.43624513108101,10.172243726314157,1.9864628308810943
3,329,Residue Management (No-Till),1788,,,,,,,False,228.4705493135099,446.7342978262318,36.264431085538305,10.389239229324334,1.692915929452991
3,340,Cover Crop,1059,,,,,,,True,1096.3227758780313,265.9766461839603,22.324914502290927,51.91963136073879,3.0504934771295416
3,329,Residue Management (No-Till),2150,,,,,,,False,632.2255089457159,197.92565176200262,19.7019704193924,235.85630460880884,34.0146674933095
3,329,Residue Management (No-Till),528,,,,,,,False,834.5700073907307,206.83034981715352,16.978954763478818,7.421132484501198,0.8687082946063462
3,329,Residue Management (No-Till),2629,,,,,,,False,633.6777131653417,22.661646499992017,2.1800709932899456,227.76523215859345,43.130759533794254
3,340,Cover Crop,2536,,,,,,,False,1328.2430107610785,342.87593923099865,115.92642082705271,5.957037140734351,1.5858999733034334
3,590,Nutrient Management,1680,,,,,,,False,378.52849079659626,267.3699983321236,112.95204183043425,20.017003838035556,5.527394432845008
3,340,Cover Crop,465,,,,,,,False,2815.157829204777,481.84834304786165,178.50164703477412,92.50109749675181,21.01963160705364
3,329,Residue Management (No-Till),1688,,,,,,,False,273.95800395075577,658.8187344135835,67.41705542914048,4.038376198222778,0.68078719875785
3,340,Cover Crop,182,,,,,,,False,1010.39576477142,155.5741036777382,62.946681339217605,17.862712570548222,4.410605310455047
3,329,Residue Management (No-Till),472,,,,,,,False,326.20691964925254,791.7698084494093,58.46820748957962,59.382945918927064,10.258265871784465
3,590,Nutrient Management,1925,,,,,,,True,2255.8019177370115,1709.7597110756108,161.48203557966534,30.801840565155644,2.5053908262247253
3,329,Residue Management (No-Till),467,,,,,,,False,1316.6460481744853,1578.651274831033,135.17709582129615,12.795549716940775,2.7099290607336304
3,590,Nutrient Management,683,,,,,,,True,676.6337942487523,288.3694895752347,29.68624702981367,10.685691483354331,0.6526906305251851
3,329,Residue Management (No-Till),1223,,,,,,,False,6369.593652111879,5040.928154357167,644.2200981281402,58.616763015241915,7.665847706703695
3,329,Residue Management (No-Till),2117,,,,,,,False,2340.908737960822,362.71603763567657,38.02655935372699,227.7648553466045,48.394222337989774
3,590,Nutrient Management,1063,,,,,,,False,6250.972709694909,2763.5481743152845,867.7726048929309,35.77768003297386,9.185248331697695
3,329,Residue Management (No-Till),2279,,,,,,,True,1429.385346108089,274.96304001474965,6.581164800672259,61.02741384682233,2.869006220233211
3,590,Nutrient Management,16,,,,,,,False,442.5186073087895,256.73717452451734,92.51000013349257,23.293375225519995,6.758268950121089
3,329,Residue Management (No-Till),1203,,,,,,,False,71.22691311519439,2.90221550854579,0.2457714511507191,3.9565150608198563,0.9403626247229817
3,329,Residue Management (No-Till),1091,,,,,,,False,384.05206353659986,396.2682674402198,42.947907504412925,176.22669562817168,26.74476299662213
3,329,Residue Management (No-Till),2552,,,,,,,False,1193.7109757900992,805.6257686151708,51.100052240937835,145.2316697095858,39.04373290247798
3,340,Cover Crop,689,,,,,,,False,730.9103718004055,61.774041530787386,27.997407187291547,1.395927805625214,0.26475832536628585
3,340,Cover Crop,2254,,,,,,,True,3636.1529092986198,254.85751873190935,18.172632045200114,15.941970858048341,0.7120478361767644
3,329,Residue Management (No-Till),2536,,,,,,,False,439.54005917679564,226.94951840394594,25.036318479692092,4.371137167430917,0.6912149387302803
3,329,Residue Management (No-Till),689,,,,,,,True,130.10425169233136,33.776634343495836,0.8097045281608485,1.1311694802589283,0.04818279316300628
3,329,Residue Management (No-Till),506,,,,,,,False,1138.6779645799013,180.21625688966392,19.657569580923635,457.85289463288336,90.63960688220325
3,340,Cover Crop,445,,,,,,,True,5374.578996985426,1178.3490070560333,81.60017137505645,103.59704631781987,7.74119396098598
3,329,Residue Management (No-Till),829,,,,,,,False,2449.7649968973146,85.48382070078048,7.858180112633127,229.85878024117233,40.296808897850276
3,329,Residue Management (No-Till),1045,,,,,,,True,482.0001510589483,628.6396938152728,12.227998712403108,19.643994873737636,0.8114468105160122
3,329,Residue Management (No-Till),2408,,,,,,,False,1093.9920706706232,204.17938792240838,13.67165104650923,223.83093730342472,32.544620942284574
3,329,Residue Management (No-Till),1063,,,,,,,False,3246.233093877438,1895.7755694223538,132.71388289461882,26.59243170127617,3.3988382526896417
3,329,Residue Management (No-Till),2251,,,,,,,False,709.7265305048968,349.5941767922308,40.41670943168677,24.18123023971253,3.0425288191778415
3,329,Residue Management (No-Till),1842,,,,,,,False,262.97213292281776,238.85955116188345,10.835518169288223,8.92790595615421,1.2663051531177227
3,340,Cover Crop,1876,,,,,,,False,1726.9904270033685,222.42397483412495,56.01731337484285,56.85711071054145,15.690879390354493
3,590,Nutrient Management,2641,,,,,,,False,942.6629291594746,6.005665134766694,2.2934446288399313,38.881993604641195,11.745204847003995
3,329,Residue Management (No-Till),1282,,,,,,,False,529.2448406285228,90.73209781208766,6.715286633032381,33.67107029408093,6.870689140187684
3,590,Nutrient Management,245,,,,,,,False,488.36605063653263,313.0800895706853,118.81344927116834,19.947696601786124,5.4553416311349885
3,590,Nutrient Management,1184,,,,,,,False,1710.237337736252,289.5882916631188,94.70037478323593,41.59430136528809,9.267511624634773
3,590,Nutrient Management,1702,,,,,,,False,1337.9562521993587,43.68918032885518,13.89244868105289,31.11900792409392,7.908441281353342
3,340,Cover Crop,2577,,,,,,,False,1858.296106386031,285.89420918627906,85.64003655357563,9.722035814648594,1.8337439926748593
3,329,Residue Management (No-Till),295,,,,,,,True,1325.7407712737586,1447.6217217008577,32.99789681058098,27.86508726447013,1.1532320271584129
3,590,Nutrient Management,273,,,,,,,True,1005.4639973825804,509.79361506371805,39.3053873641347,33.111491673663814,2.237091137942665
3,340,Cover Crop,990,,,,,,,False,707.8093966587668,20.971282139636767,8.7970383875768,10.798752257217583,1.95079705588591
3,590,Nutrient Management,787,,,,,,,False,4258.3516621134095,192.69033558102103,67.16019094879226,123.47432115469472,32.60423251761987
3,590,Nutrient Management,524,,,,,,,False,4588.847613861428,654.0453481347552,234.18680464586623,34.31009033979759,7.798192169508803
3,590,Nutrient Management,689,,,,,,,False,197.09960273438944,32.966929815334986,12.899977150330193,1.082986687095922,0.31067519906248103
3,329,Residue Management (No-Till),1950,,,,,,,False,701.5550795298593,499.66216172833265,53.55196661812074,60.340998307090665,9.885977626944118
3,329,Residue Management (No-Till),60,,,,,,,False,1139.9208839610383,1723.7805529150821,112.70731068562372,31.375672727035965,5.426603829564618
3,590,Nutrient Management,1639,,,,,,,False,1303.506098189172,280.42370181530754,92.64491503664549,35.65520344311029,11.088253534191676
3,590,Nutrient Management,546,,,,,,,False,193.31009561096468,167.33560779240318,72.33492788682629,2.748501450103068,0.7060579845201892
3,656,Constructed Wetland,268,,,,,0.7366120002603492,1.495318083691608,False,67326.91567680216,123.01299198506256,46.69499520370613,4.534657703460908,1.2581532241398068
3,340,Cover Crop,109,,,,,,,True,2683.5216365339425,736.9363045672794,69.67887218848131,61.214546771614955,1.8531883508290548
3,340,Cover Crop,2465,,,,,,,False,4971.710211214001,2194.713214346871,847.4102110836193,53.25762691380475,14.644593003730174
3,590,Nutrient Management,49,,,,,,,False,1016.0687482063053,701.7394260301024,209.22141255775273,16.63535824342501,3.1177393391257144
3,329,Residue Management (No-Till),463,,,,,,,False,209.947420969089,59.504176922226605,4.53183715609258,5.0487791173370535,0.8096876612887919
3,340,Cover Crop,411,,,,,,,False,977.0243731244653,283.5663145819786,77.81928669503328,34.544971739513485,6.665719011784849
3,340,Cover Crop,2652,,,,,,,True,1157.553123111581,133.9415115710547,14.986790418417728,11.338432699942029,0.626920682369694
3,329,Residue Management (No-Till),700,,,,,,,True,161.62062537773895,11.615765439093707,0.25531418981486786,4.021398899029468,0.18234943209497131
3,329,Residue Management (No-Till),2330,,,,,,,False,361.9357129296966,417.76987581847123,40.91041786679036,8.080521083632416,1.8968776569272554
3,329,Residue Management (No-Till),1101,,,,,,,True,567.3901473380535,342.2173330206569,6.995824804480891,14.730072264657148,0.8171156167563438
3,590,Nutrient Management,944,,,,,,,True,20689.913380460308,5763.499680902265,594.3544658131239,254.49903479005133,19.09505099196158
3,329,Residue Management (No-Till),164,,,,,,,False,1801.6126686615655,2087.9328256255635,186.09796994911812,101.39552647568583,21.678556191192644
3,329,Residue Management (No-Till),2580,,,,,,,False,782.6822836510826,442.15687073130135,32.383476662450335,16.591077338152093,3.367167095606581
3,590,Nutrient Management,1619,,,,,,,True,692.566103613554,307.03297548185304,32.46967253317876,36.640000199104726,2.4379970155711597
3,340,Cover Crop,1080,,,,,,,False,2635.4218568972774,498.41649856285477,202.8482322864081,30.671109147017226,6.075324698264469
3,329,Residue Management (No-Till),1977,,,,,,,False,501.8176394433216,118.89101563294328,13.931056435789726,2.0841348374899145,0.3474523952830287
3,590,Nutrient Management,861,,,,,,,False,3691.55081997391,235.2830081636676,81.66212374718458,32.6216730585899,8.54356721026041
3,329,Residue Management (No-Till),584,,,,,,,False,1655.6364006674016,861.338129245159,80.33328492288842,67.78468499496152,11.351709338483307
3,590,Nutrient Management,50,,,,,,,False,1969.4678316942063,11.18876897063476,4.932408413429246,256.2460158991459,68.99549495658516
3,329,Residue Management (No-Till),1793,,,,,,,False,864.0507292750675,780.3102309329188,35.24323810815243,392.37505338059447,66.13530060264965
3,590,Nutrient Management,1245,,,,,,,True,599.0469377144613,537.673404289899,50.623933483562766,109.6221135269302,9.874282887121078
3,329,Residue Management (No-Till),1618,,,,,,,False,1855.1373904162742,966.4769356348937,62.417847820045026,109.19222936859221,19.434161674913444
3,590,Nutrient Management,1522,,,,,,,False,3172.862188731757,2847.442641312417,927.6854738940076,119.85683392691034,29.703017962346326
3,329,Residue Management (No-Till),2499,,,,,,,False,340.3046301571969,384.2096435813814,31.387489612764114,12.694890210892204,1.9443631172474674
3,340,Cover Crop,1323,,,,,,,False,2735.462227694422,803.827612624436,356.9486395329423,10.180050918030172,1.3078752486515441
3,590,Nutrient Management,548,,,,,,,False,2377.143292173758,500.23408485151816,154.20259792449934,5.1557991584242435,1.027299971844252
3,329,Residue Management (No-Till),2477,,,,,,,False,376.2415749721505,67.95429554682975,6.188579967016558,17.922801897819983,2.7981547580031823
3,329,Residue Management (No-Till),519,,,,,,,False,462.24249269936035,447.93907979692335,30.655161425420733,13.548576616044906,1.896157194836933
3,340,Cover Crop,1350,,,,,,,False,797.3113014495734,269.94282835624364,113.62245615624997,4.338229760473527,0.8484013961001311
3,329,Residue Management (No-Till),2253,,,,,,,False,561.4629817235224,498.060752921818,40.68052823493971,21.159744689850545,3.393039132224339
3,590,Nutrient Management,1327,,,,,,,False,827.6314701262268,229.7465386255224,94.37239030746622,31.912860000532458,8.86935555905571
3,329,Residue Management (No-Till),577,,,,,,,False,1177.941720775186,416.0636416885128,46.55574506049281,52.05378156430814,9.964051641716122
3,329,Residue Management (No-Till),1984,,,,,,,False,370.0869368835384,87.64385183364348,8.459568390169233,31.97326385567178,4.173815664463658
3,329,Residue Management (No-Till),745,,,,,,,False,73.14231637620937,28.81034647413003,3.1689856590571424,3.692486712810389,0.46020293967464065
3,329,Residue Management (No-Till),1614,,,,,,,False,622.1785756842314,101.06027675905153,8.982981811234565,7.695495643921635,1.4954133016986177
3,340,Cover Crop,1127,,,,,,,False,56.33969615889392,19.497930664682595,6.2435154987250785,1.5329623806899388,0.15153911581553073
3,329,Residue Management (No-Till),1189,,,,,,,False,654.0823306075694,295.93028287831567,28.897803746134826,216.86381763864287,38.03948126950457
3,329,Residue Management (No-Till),1722,,,,,,,False,533.7679294740476,303.52781605670623,17.182561539268224,87.13897371590255,15.337155159178264
3,329,Residue Management (No-Till),1548,,,,,,,False,555.1286417091777,1128.2018142168345,73.50920555054891,25.53103322503834,5.6424527737179515
3,329,Residue Management (No-Till),1532,,,,,,,False,168.0189580883475,21.21776359362604,1.6163244388603715,4.14866254987137,0.7398144559130283
3,590,Nutrient Management,632,,,,,,,False,1166.7238996062126,516.3590264167966,95.98659695819039,23.709228238260778,5.9384921700161355
3,329,Residue Management (No-Till),1381,,,,,,,False,203.10458310582646,71.76472490676959,4.057859009639656,23.129365494243157,3.7865609489477445
3,590,Nutrient Management,1005,,,,,,,False,3564.0068432304142,716.3962784348734,256.0501055368097,105.06124873750016,32.697098733408104
3,340,Cover Crop,2404,,,,,,,False,2625.718394751296,1821.8206252731225,471.7104486626159,14.80367937771192,1.6369469532152359
3,340,Cover Crop,958,,,,,,,False,7873.946628867246,1646.1400007908421,666.8332281698413,112.23149526835553,28.99127614832622
3,590,Nutrient Management,1457,,,,,,,False,1268.7355833939566,433.17140996149783,156.56501811925935,15.608660656052528,2.925846526724148
3,590,Nutrient Management,1753,,,,,,,False,816.4297250988751,1110.2470556958879,454.39946841974063,14.87447061498393,4.115625630042082
3,329,Residue Management (No-Till),1674,,,,,,,False,955.5397390561286,1091.5175001572254,91.90011400550988,119.85036239323465,23.731134647130563
3,590,Nutrient Management,428,,,,,,,False,1207.5937569506875,1660.6993726351066,545.0860183396063,30.400589245031895,8.210910767581682
3,329,Residue Management (No-Till),387,,,,,,,True,681.4273608696017,556.4088779188259,8.02921514043162,24.324295412890876,0.9758274211105555
3,340,Cover Crop,2355,,,,,,,False,102.57098076538792,40.18653892752193,13.915898342457895,0.340384122307128,0.0379092301651398
3,590,Nutrient Management,1144,,,,,,,False,771.4195951499038,161.7210370714516,57.07043982524176,10.597555877711551,3.4119474124399747
3,340,Cover Crop,2660,,,,,,,False,887.7983012774977,71.7556836037232,29.376753186870772,46.44925608658169,13.19387322562966
3,329,Residue Management (No-Till),1252,,,,,,,False,1213.0956651859726,344.71995932833295,34.3020965114857,6.223373146227218,1.0043155921152136
3,329,Residue Management (No-Till),1244,,,,,,,True,646.8153904156535,380.6166142201632,7.90610446812122,39.66457266977918,1.6152500037664015
3,340,Cover Crop,2492,,,,,,,False,10634.235452321045,1294.0497054857708,542.297163844861,39.96878403046218,11.031622188184816
3,590,Nutrient Management,2018,,,,,,,False,1773.4958933331056,411.9595724146994,123.54939045945466,5.266368154455858,1.6902870277284863
3,340,Cover Crop,518,,,,,,,False,1115.7004467610693,134.67043337241472,56.10526197457363,3.394520095192697,0.6524631028916629
3,329,Residue Management (No-Till),2187,,,,,,,True,231.39979519613195,82.04185997184427,1.4792710289451192,17.574314661542893,0.6848640063136033
3,340,Cover Crop,1984,,,,,,,False,1205.9733886807524,79.18428344347424,30.71187923523753,27.799448191208125,3.5995109921769797
3,329,Residue Management (No-Till),2280,,,,,,,False,472.5201408046113,765.5842087202859,64.55418420635169,5.6784149142039,0.7214386882762234
3,329,Residue Management (No-Till),2314,,,,,,,True,1035.5071428062263,421.2963780291876,11.557636924471025,18.242108356033356,0.6414290676681492
3,329,Residue Management (No-Till),407,,,,,,,False,567.078832655789,168.13226227692275,21.65429136082155,19.242181953565886,2.824953425190049
3,329,Residue Management (No-Till),1017,,,,,,,True,46.45276933456323,20.122594146241266,0.42605937174892905,2.5623786967700637,0.1069675235560589
3,329,Residue Management (No-Till),984,,,,,,,False,744.1311595238279,236.2454914668472,16.698329520706515,21.883965541053765,4.714114592307276
3,590,Nutrient Management,2030,,,,,,,False,528.3547120541847,49.00535642299834,18.193145946352807,0.9180332392169113,0.19778911330897087
3,329,Residue Management (No-Till),966,,,,,,,False,499.4972618637121,1203.8284261063432,119.59555458243081,8.155157454590775,1.7356716805406935
3,590,Nutrient Management,1269,,,,,,,False,8793.800604512935,2068.023634412126,920.7369797426134,467.8871448350685,135.0873071481381
3,590,Nutrient Management,1075,,,,,,,False,1496.4351946118504,116.79848669882489,40.11969369838285,8.54194432009647,2.3454778748015253
3,590,Nutrient Management,2012,,,,,,,True,143.10263806883324,160.8167955287083,14.956710133921328,7.047076529811136,0.40115989566937577
3,590,Nutrient Management,198,,,,,,,False,1062.3929339048884,360.52140205606946,101.05756180349533,61.20665457234758,19.89818100355802
3,329,Residue Management (No-Till),2525,,,,,,,False,752.391980743624,567.7254496613484,46.20629482256128,13.622702847842662,1.98423324580934
3,329,Residue Management (No-Till),2257,,,,,,,False,458.68425597326745,146.5498302659514,12.471981329764654,5.524283259708057,1.1604216248097055
3,590,Nutrient Management,1071,,,,,,,False,3022.3956573711,2794.033837595706,761.979444150804,102.30596395508519,18.396183226346707
3,340,Cover Crop,2658,,,,,,,True,829.9650965355385,803.3591601604079,64.01907151633526,10.949835508835546,0.27346470372471915
3,590,Nutrient Management,1282,,,,,,,True,1179.7438841285593,84.01681117905528,8.038528045490587,26.800381153893248,1.5940796245638507
3,590,Nutrient Management,327,,,,,,,False,964.974969708141,1585.961577589715,540.74794458297,10.989078204663034,3.2958015575967887
3,329,Residue Management (No-Till),1148,,,,,,,True,1267.5572205584906,1935.3949288464926,32.570387351818674,250.3631654517915,10.799220105630893
3,340,Cover Crop,1063,,,,,,,False,8088.521043979924,1763.061686527735,518.9726644855945,23.19359344858653,4.024829071313583
3,329,Residue Management (No-Till),1208,,,,,,,True,329.3299825095842,359.4767740714335,7.357171033454456,8.278349520915704,0.4028311920369229
3,329,Residue Management (No-Till),1995,,,,,,,False,434.82159930417134,293.26798192769144,32.16646285671112,18.48431695530433,2.3509926058648127
3,340,Cover Crop,70,,,,,,,False,7552.250144507988,3144.015204709246,1342.9577823503928,245.76681457593688,37.95103819610358
3,590,Nutrient Management,971,,,,,,,True,1250.5090318057782,2486.323081417052,193.854214135831,2.2873782018429525,0.2107115925968676
3,590,Nutrient Management,2327,,,,,,,False,1736.6575073664735,359.664370045994,146.55464316254162,11.164373207843191,2.7509000677648934
3,329,Residue Management (No-Till),987,,,,,,,True,2156.671697723457,5193.8895788857835,89.83379855655747,25.397139802208216,1.204939627846088
3,590,Nutrient Management,1852,,,,,,,False,619.419721420255,177.34830968208416,63.30222764712762,20.04025737446481,5.7479170157699455
3,329,Residue Management (No-Till),355,,,,,,,False,408.7134994440392,224.33506133039594,23.71134169983305,19.88906643769826,3.9179023253276117
3,329,Residue Management (No-Till),1458,,,,,,,False,1406.0728647611568,384.45118908848036,25.731924321765256,31.87829089044375,5.650393720990644
3,329,Residue Management (No-Till),17,,,,,,,False,288.50167293553636,748.7474015427897,62.47730742298143,6.154708114534046,0.8005829156742811
3,329,Residue Management (No-Till),2658,,,,,,,False,228.59166497762666,739.3400886440726,79.43599683953109,10.676370805110826,1.502772236528066
3,329,Residue Management (No-Till),2517,,,,,,,False,391.52258712070886,500.5496053654614,50.86502972237867,1.7973101407515324,0.22292924052162885
3,329,Residue Management (No-Till),1949,,,,,,,False,1651.8486084857936,1647.4292240842622,136.13424154748145,49.429368830276545,8.866897455245958
3,590,Nutrient Management,1449,,,,,,,False,1815.1061341584693,350.483020085142,111.72979128665382,9.69439767170205,2.4744078058151247
3,590,Nutrient Management,1374,,,,,,,False,3197.6642319050643,3538.3107915968258,1598.851562338872,320.322955553041,74.40599253065999
3,329,Residue Management (No-Till),99,,,,,,,False,738.6598639322804,266.8446762087826,29.182824215072813,20.984472886291673,3.378811221426197
3,329,Residue Management (No-Till),1597,,,,,,,False,1378.163609593966,1308.7517990258564,82.18386615523458,74.86982341070951,14.405867980189802
3,340,Cover Crop,1108,,,,,,,False,321.50624508325757,235.8815102543551,70.72349121491054,8.136485134730147,1.8359425777146787
3,340,Cover Crop,751,,,,,,,True,1755.4207274991645,321.21307754370326,33.52947599805791,44.089069228705696,1.2506934634241045
3,590,Nutrient Management,2531,,,,,,,True,646.6058644084419,338.71967659648743,30.488713437423176,18.89207536108502,1.0327504929458757
3,590,Nutrient Management,2315,,,,,,,False,1119.9195354236508,584.159900747942,219.77396745653343,31.90765777185692,10.291325397003376
3,340,Cover Crop,441,,,,,,,False,3214.299899518007,974.2373028884471,334.1428406737097,240.79162650811688,29.321419037556208
3,329,Residue Management (No-Till),2054,,,,,,,True,3670.479869513199,661.6935719780362,23.039830970379814,344.66333094037856,15.202107613272371
3,329,Residue Management (No-Till),703,,,,,,,False,306.50554826380875,219.13614233153632,19.0139242778692,4.698839774585759,0.7426262249684806
3,329,Residue Management (No-Till),1986,,,,,,,False,84.11543237397983,34.61406139767766,2.19887636330151,0.21437082457062662,0.042454580505479934
3,590,Nutrient Management,2198,,,,,,,False,1196.6348951954915,400.95792717140154,145.41804293101274,8.81946456350675,2.2069569937303126
3,329,Residue Management (No-Till),313,,,,,,,True,3160.2397130339573,184.4462923736687,4.014956677171745,47.27108304583099,1.5773492534673834
3,329,Residue Management (No-Till),859,,,,,,,False,1612.9233885673616,3382.0838903134995,267.79727958374775,59.37444784405959,14.619050269333313
3,329,Residue Management (No-Till),975,,,,,,,False,216.0222703878188,65.7245130241555,7.070271170273595,4.686813266102154,0.7777351655213481
3,340,Cover Crop,2653,,,,,,,False,1553.322305321431,169.2933477232643,76.38188240239032,21.777408311746694,4.868939122296139
3,340,Cover Crop,996,,,,,,,True,6013.304053074136,2067.9263835818015,119.22552949974737,15.859639290023493,0.6351228438566482
3,590,Nutrient Management,255,,,,,,,False,1875.2983375696006,1228.4961474334468,547.2129010728553,11.531720230053262,3.319533677087675
3,329,Residue Management (No-Till),2252,,,,,,,True,1374.0946949949316,2664.3288340359923,64.79138363297008,588.3727281080282,21.794282068776837
3,590,Nutrient Management,237,,,,,,,True,2544.6273062405953,1723.5871167098485,161.06587141253888,38.580940395749515,2.0659728492942664
3,329,Residue Management (No-Till),2502,,,,,,,False,1154.136937331634,1044.2964437549913,109.28082698983461,95.91324134960462,22.756204441473265
3,329,Residue Management (No-Till),452,,,,,,,False,596.7392664132094,2314.147592913197,281.829008480957,13.613031259112786,2.5135410520400567
3,340,Cover Crop,2515,,,,,,,True,6560.336961798818,977.1383319970078,95.38829259942757,43.105578468717724,1.3923037889827519
3,340,Cover Crop,1231,,,,,,,False,705.989635813843,23.948481654476332,7.028815248803632,6.771317678850356,0.9164353677891905
3,590,Nutrient Management,1615,,,,,,,False,1050.349625800198,1011.2402381092018,397.0371178405423,4.614899887048861,1.480326950657781
3,590,Nutrient Management,1994,,,,,,,False,1809.8991102755851,103.17641820994453,29.166785108046817,15.451765318985608,3.6839603543938364
3,590,Nutrient Management,387,,,,,,,True,874.9274581102162,548.3796627783943,49.73630050919296,23.348467991780325,1.3605397183479053
3,590,Nutrient Management,2040,,,,,,,False,1479.0343280617126,210.46230352263234,67.74540910172826,58.79059474931518,12.768817780344579
3,329,Residue Management (No-Till),174,,,,,,,True,169.52651460152325,141.99172692768173,3.295883244334057,9.676337698677335,0.5088643240515299
3,590,Nutrient Management,869,,,,,,,False,2158.750127113832,1905.550621965757,740.6655676279343,283.3728329677206,70.43205500100001
3,340,Cover Crop,780,,,,,,,False,5309.4973338678,1427.604103962036,534.4923913184896,50.66336869713646,12.841525727665907
3,329,Residue Management (No-Till),651,,,,,,,False,723.5269183749955,112.52402582789584,8.056486803838569,12.730666386889203,2.8107999198733045
3,590,Nutrient Management,365,,,,,,,False,1331.5623516506917,121.1861174107765,52.07859774527067,9.894061222162788,2.6105242034856797
3,340,Cover Crop,647,,,,,,,True,3065.4452433330894,1023.9674198599134,97.41528122601181,34.50877754137723,1.5054250458419003
3,329,Residue Management (No-Till),1491,,,,,,,False,542.4240992317481,224.54812441706667,25.49678239092175,8.811716468662173,1.6184485844223195
3,329,Residue Management (No-Till),1313,,,,,,,False,616.1415326134423,59.63904676450193,6.290743880672306,6.551118257661988,1.400904461776184
3,590,Nutrient Management,1667,,,,,,,False,434.3685181597355,37.83107974255616,11.120285384058388,121.63014260343613,32.98305259676704
3,590,Nutrient Management,1845,,,,,,,True,900.7635973353789,750.7616471450943,88.32151947487469,126.30408838559477,9.275938232029233
3,329,Residue Management (No-Till),2504,,,,,,,True,110.47773227104805,113.48387970555437,2.0039964944839586,0.7547911493266388,0.041662857542623215
3,329,Residue Management (No-Till),893,,,,,,,False,431.4638774345062,174.60870663155686,17.013415564128447,50.2558476104254,9.36938806192313
3,329,Residue Management (No-Till),1430,,,,,,,False,607.5809233551677,372.1619791829564,29.775806361052105,186.97574486292814,38.07554556710677
3,329,Residue Management (No-Till),13,,,,,,,False,216.32732307522627,43.81303857922368,3.4453874032361864,8.991133720867252,1.5749130972844052
3,329,Residue Management (No-Till),173,,,,,,,False,348.1306980519492,480.20397899094667,46.98052591789666,4.515026639571945,0.779342062029153
3,329,Residue Management (No-Till),604,,,,,,,False,632.6815284530393,514.1742772093774,59.37848961030312,6.199965166714948,1.3733121644654132
3,590,Nutrient Management,2201,,,,,,,False,3887.1375582161713,328.4607742222341,123.9296908825418,53.47038941590409,13.69918262149809
3,329,Residue Management (No-Till),916,,,,,,,True,1981.8207295618595,826.7531794945697,19.779413163961582,204.11187216580316,8.135051716856536
3,329,Residue Management (No-Till),1791,,,,,,,False,426.81127338000863,125.36351465331401,9.383294432053434,65.25158530486078,13.121431854233798
3,329,Residue Management (No-Till),411,,,,,,,True,318.1284151522724,205.7470278869453,4.04827717355733,27.879252727728637,1.3451273006331643
3,329,Residue Management (No-Till),1922,,,,,,,False,372.275289987045,358.9943084291041,37.27575211264615,8.674496585701059,1.4625188668497702
3,329,Residue Management (No-Till),1534,,,,,,,False,1487.6176768247403,2094.3786536537095,125.7625331770499,42.55792707013023,8.306122337542865
3,329,Residue Management (No-Till),129,,,,,,,True,1403.4024007353432,1374.1186650092884,34.317691609868206,100.62624977499132,5.580578703856617
3,329,Residue Management (No-Till),605,,,,,,,False,720.0347517317238,436.096943153865,27.863616311025844,258.6583816446216,55.059342451256036
3,590,Nutrient Management,1850,,,,,,,False,323.6297892052197,183.53012725701234,81.45539175273073,1.0026662618465136,0.2776510979736619
3,340,Cover Crop,2373,,,,,,,True,125.06217820380601,7.7810666021643575,0.6552891484247194,1.077540806907619,0.05032123027184504
3,340,Cover Crop,1900,,,,,,,False,2478.9695402798247,313.5242329719507,111.44606958449172,98.08128961090617,14.637755172694016
3,340,Cover Crop,2502,,,,,,,True,6712.11551497149,935.0156167651567,73.83412899180492,73.15703690813135,1.6428544211140184
3,590,Nutrient Management,1627,,,,,,,True,1847.4995474178338,1314.5911098054842,104.91988859321825,143.18271232864134,8.691900259041958
3,590,Nutrient Management,1674,,,,,,,True,712.067786411936,999.6173861517156,82.05561013056824,96.11922774610407,5.877338378375972
3,340,Cover Crop,1512,,,,,,,False,1159.3609052531847,109.87414124123023,29.706036120120615,11.698631263106027,1.6338979273624041
3,329,Residue Management (No-Till),2639,,,,,,,True,356.15485475831144,208.24780295711025,7.361737376733299,9.984649749048383,0.4319654963304018
3,590,Nutrient Management,2617,,,,,,,False,1523.750262633372,51.66896184010031,19.975163592601184,3.1058470285572635,0.9501654464280732
3,329,Residue Management (No-Till),2151,,,,,,,False,2446.062308613614,2658.906752643752,229.61074940810127,298.1100501345892,43.82440380298122
3,590,Nutrient Management,1380,,,,,,,False,708.5664176750134,1654.862207719285,489.0693235182443,63.96995178088818,16.141288767880617
3,329,Residue Management (No-Till),1371,,,,,,,False,2657.71379737834,325.7957047278572,14.990911833189907,1.2427676939651073,0.29666305210232224
3,590,Nutrient Management,2154,,,,,,,False,2218.1080726455566,937.08160384825,335.5356408388258,33.096419223801675,9.505220373683573
3,329,Residue Management (No-Till),81,,,,,,,True,641.2420563838543,174.92242068341105,4.110114995572261,5.828401684230125,0.2761259991491165
3,590,Nutrient Management,2430,,,,,,,False,502.11714197021735,208.24987301847497,80.21496846416996,15.670269573614465,4.054119527128304
3,329,Residue Management (No-Till),838,,,,,,,False,645.5197705655644,580.4338752554261,38.59982364890693,272.827252724053,52.41440485216223
3,590,Nutrient Management,420,,,,,,,False,710.2710589293589,666.4195594882469,151.04992102205352,21.538591218901434,4.181938072040867
3,329,Residue Management (No-Till),2145,,,,,,,False,1335.035051837433,463.6078547360903,43.44186848463587,10.425491438610264,1.8169865127175335
3,329,Residue Management (No-Till),925,,,,,,,False,2042.1039215241972,940.3174902113342,76.59431948109878,37.267863078644815,4.805019658779148
3,329,Residue Management (No-Till),2603,,,,,,,False,572.2156794367601,189.83593209488777,10.949111952084642,102.33466794350575,15.719751923769694
3,590,Nutrient Management,423,,,,,,,True,327.9095398976452,94.99084802153008,8.093534925612255,1.22776052826942,0.07975101872633046
3,590,Nutrient Management,270,,,,,,,True,956.3447000745883,108.57641523304879,8.95906138133595,14.743432002711923,0.9235656586261141
3,329,Residue Management (No-Till),816,,,,,,,False,350.05457689384,172.1805995983428,12.841011844490836,2.5029029463809893,0.46551417239087073
3,340,Cover Crop,2129,,,,,,,True,3235.5635365634835,554.9160090962191,60.18419425538643,34.142843806020686,1.0640790020798259
3,340,Cover Crop,2665,,,,,,,False,75.58314854828365,8.552791736104558,2.3028852033742977,0.7598126598541597,0.16637428180034866
3,329,Residue Management (No-Till),1255,,,,,,,False,83.59157961148367,91.98191902186973,8.491059730360469,4.934087311178403,1.2953410130433365
3,329,Residue Management (No-Till),2107,,,,,,,False,232.5633896640745,24.767694286156217,1.8376444662916094,11.386359445046727,1.677618911517268
3,329,Residue Management (No-Till),1044,,,,,,,False,347.50164189968046,157.73377365069967,10.174498361993303,16.589675123894175,3.059043338884841
3,590,Nutrient Management,2070,,,,,,,False,822.9395463344629,814.9602107378101,349.71311934843527,76.12557911084028,14.127797686328845
3,590,Nutrient Management,376,,,,,,,False,1494.0187809902955,181.59813359442708,62.33629472373324,16.11603574174114,6.047382390293962
3,590,Nutrient Management,1523,,,,,,,False,595.3431723464631,365.0642646397651,153.68812018715343,2.668919936793124,0.6341155452709507
3,340,Cover Crop,1003,,,,,,,False,723.2017377407977,161.9284552280209,74.95849453173629,11.472743293292513,3.136985946691745
3,329,Residue Management (No-Till),2297,,,,,,,True,692.2434982564081,285.7741697639752,6.998922530312321,54.4965452935149,2.1715919106095987
3,329,Residue Management (No-Till),2275,,,,,,,False,1274.6111682531991,2260.352688059452,176.18875155088625,12.833799643966733,2.7692281942309678
3,329,Residue Management (No-Till),1919,,,,,,,False,383.6313719167094,213.74102378811523,16.240513577553116,5.336721326991888,0.9088194347190836
3,329,Residue Management (No-Till),126,,,,,,,False,921.8902273509723,719.376969032678,54.100650867814124,46.23102981686415,8.678894722439553
3,590,Nutrient Management,2433,,,,,,,False,571.1296616550067,133.7762174841676,44.936947369924155,18.42692421489965,4.237701083801949
3,329,Residue Management (No-Till),1680,,,,,,,False,369.9704695168267,154.41795650168936,15.924736505840322,14.489609405190546,2.4952554627985855
3,329,Residue Management (No-Till),644,,,,,,,True,907.6784731690893,648.472314568201,8.025629105549326,13.723518220555215,0.6337821882264387
3,329,Residue Management (No-Till),747,,,,,,,False,271.2415008995666,114.87009172697316,12.23087642597727,3.3238290875911516,0.5705953048336276
3,340,Cover Crop,1547,,,,,,,False,4012.2177344876827,500.56027484119386,166.44317126731264,57.256787493801035,10.612999208422911
3,590,Nutrient Management,2405,,,,,,,False,1743.2477470406777,734.6792926405267,243.12482383830158,51.45767570493935,12.379555085152553
3,590,Nutrient Management,747,,,,,,,True,375.6411455030995,102.63921530099589,10.634991020381602,2.753233782757524,0.16919695367447604
3,590,Nutrient Management,2498,,,,,,,False,2328.8880174806354,1357.3353544134725,583.6523237092782,36.888043988277445,8.018073859801154
3,340,Cover Crop,384,,,,,,,False,788.9560772383537,139.01960960405935,43.767389275669025,82.80846905165521,11.128833593045096
3,329,Residue Management (No-Till),435,,,,,,,True,378.43001609971986,438.71470188360206,10.612129906869898,15.729514174358469,0.7250697502724351
3,329,Residue Management (No-Till),64,,,,,,,False,1200.44914213159,709.9800251815108,56.25234198328745,4.6434010383575615,1.0453938168313412
3,590,Nutrient Management,1152,,,,,,,False,1286.294630282445,657.9531794025776,282.203799426595,87.77642751184226,21.494257453593317
3,329,Residue Management (No-Till),1756,,,,,,,False,838.4995910548424,148.09668107610307,9.642607716364996,22.72084970929894,5.31946682776911
3,590,Nutrient Management,1902,,,,,,,False,36.46822455600562,16.830019012966773,6.170041735147105,1.3651750474835265,0.3267130333311605
3,590,Nutrient Management,2615,,,,,,,False,1626.8608947669363,2117.158111308038,810.5935599955229,6.571682764471401,1.836984103101784
3,590,Nutrient Management,1124,,,,,,,False,1417.8500638938308,177.52595707089802,55.369289602449676,20.305174076368125,4.53231114435999
3,329,Residue Management (No-Till),2346,,,,,,,False,412.9551955089201,158.73578424634078,12.988783949042013,179.78821235565502,38.147839188623124
3,329,Residue Management (No-Till),824,,,,,,,False,348.8486631761638,105.8164742512313,10.214404864341457,9.249581162244619,1.6244719380835848
3,329,Residue Management (No-Till),2060,,,,,,,True,1076.595665011263,1241.3093949561926,26.706286769360474,54.89544477642601,3.2290048116368
3,590,Nutrient Management,2260,,,,,,,False,1689.139896400535,430.5169744264515,129.02217547699416,7.600406921987396,2.3793547073374115
3,340,Cover Crop,503,,,,,,,True,1268.0188840486815,12.191157902217167,1.241766846433246,99.28044759865567,6.6776125350003515
3,340,Cover Crop,1961,,,,,,,True,2759.2024542129807,273.9967401462687,23.406462433456507,46.43514908201242,2.2607214539206613
3,329,Residue Management (No-Till),2091,,,,,,,False,857.0227836041313,187.97808899791278,18.43353725714856,108.14753432576713,20.099609327882913
3,590,Nutrient Management,1192,,,,,,,False,891.743331023235,481.98781594232474,200.32166587541863,19.59171058780509,5.130552852982383
3,329,Residue Management (No-Till),2155,,,,,,,False,189.5241830773859,124.43916154658476,12.859302039272906,4.4346506583781355,0.7974230648326488
3,329,Residue Management (No-Till),2556,,,,,,,True,884.8174952875052,131.43402054850694,3.1259572298098184,59.70465220022173,3.2066171470682074
3,590,Nutrient Management,576,,,,,,,False,887.1954908770504,295.03607554265216,98.46184331757132,2.6575897009609095,0.800892153370736
3,590,Nutrient Management,349,,,,,,,True,703.1415117073055,319.7101158559427,28.815904111979084,126.25069922655733,8.723928109197988
3,590,Nutrient Management,1799,,,,,,,False,1777.7749732808788,929.3737574162031,289.08783300066386,138.23826838527606,35.44854577218351
3,329,Residue Management (No-Till),1118,,,,,,,False,4621.958680202261,15513.990165274914,1640.5651802722787,2034.4584784715114,420.85811378795387
3,590,Nutrient Management,2589,,,,,,,False,670.389626447122,29.837808046903948,9.936383784945649,25.163294763637854,6.395732172788757
3,329,Residue Management (No-Till),1960,,,,,,,True,631.0375082692127,253.7948112097224,4.640095850389081,69.2631633871594,3.2474613748753915
3,329,Residue Management (No-Till),1792,,,,,,,False,821.2544885294275,1090.0734508420164,58.09226850089733,59.790406820355265,8.925513183246057
3,340,Cover Crop,78,,,,,,,False,1540.4434771564906,1254.7692928965614,478.2627799684324,24.48755343314439,4.74099092296466
3,329,Residue Management (No-Till),781,,,,,,,True,1401.8798849545037,259.75050576651483,6.7428439528186335,25.847145072428635,1.1285838333758829
3,329,Residue Management (No-Till),1851,,,,,,,False,123.93115329781223,76.83765803671977,6.136085363269903,9.699719255031933,1.6135225159183733
3,590,Nutrient Management,832,,,,,,,False,4143.978417303913,507.166272207688,177.54969082526762,6.811775228273406,1.427867366649343
3,329,Residue Management (No-Till),36,,,,,,,True,7.242073262853051,10.212169352175195,0.10752662649654149,0.16100029106857341,0.007032755763838156
3,329,Residue Management (No-Till),87,,,,,,,False,2087.03792712848,3138.670493319848,373.5189867827915,229.1353936721797,49.124210342814244
3,590,Nutrient Management,1805,,,,,,,False,323.2348631729318,701.6660231846384,243.14158676702667,7.40339274609812,1.7407739800705224
3,340,Cover Crop,2039,,,,,,,False,3834.2716138041233,1417.4778320082514,437.9097643629471,61.19964745835837,13.092146891630339
3,329,Residue Management (No-Till),1472,,,,,,,False,646.5468686205487,260.4475349280071,31.928334934243825,60.805834960165924,14.182985784647885
3,329,Residue Management (No-Till),31,,,,,,,False,376.78978743346784,323.48605477588353,24.446867914235163,12.633233129670376,2.8105551834315694
3,590,Nutrient Management,749,,,,,,,True,659.5231761682198,524.7508994809222,40.83961824716194,40.762667895526825,2.9576494654545757
3,329,Residue Management (No-Till),1560,,,,,,,False,681.1962027319497,131.75494625668776,12.709244161767582,229.11221895786585,30.435302077789647
3,590,Nutrient Management,987,,,,,,,False,2033.9159554462917,5104.055780329226,1885.7713660694874,24.192200174362124,4.904969868647938
3,340,Cover Crop,531,,,,,,,False,3955.3652086525763,687.5389606626549,269.9204850659749,21.65211158316464,5.721036817577349
3,590,Nutrient Management,1506,,,,,,,True,576.8292385161285,979.1627708275258,78.24638767799628,46.05044915375091,2.372914543259526
3,590,Nutrient Management,836,,,,,,,False,11454.830574186697,14906.069351530163,4486.16001572557,81.94015293400132,29.709139276132564
3,590,Nutrient Management,802,,,,,,,False,518.5547778382099,178.15777966163213,71.82186918238047,5.887363368737282,1.67441991845383
3,340,Cover Crop,2557,,,,,,,True,1680.8046895128716,1700.222433968742,139.0992418744462,7.238590400984558,0.5198368695676338
3,590,Nutrient Management,1041,,,,,,,False,4576.596229103196,1253.455419008137,471.1298822521909,693.7634822424064,194.25454961779408
3,329,Residue Management (No-Till),181,,,,,,,False,481.97944348632194,1020.659437650625,73.11501853555603,58.934228437786444,11.280334234811308
3,340,Cover Crop,132,,,,,,,False,775.2614185643475,519.7586583482919,183.12648664198016,7.338439675172093,1.1323489882421591
3,329,Residue Management (No-Till),835,,,,,,,True,1186.5517584186348,636.0582910895545,14.54797706315912,1.9953961517420231,0.08756342402437012
3,329,Residue Management (No-Till),1868,,,,,,,False,692.2309438893911,537.2684544471682,27.109987765546542,105.64204772771139,26.61178116166894
3,590,Nutrient Management,329,,,,,,,True,2887.35039914629,1182.5959058461078,103.53519908851246,29.837303599818803,2.3312059813270105
3,329,Residue Management (No-Till),1675,,,,,,,False,349.54724911472437,1.2562065223331262,0.0953942613876158,36.44064594524,5.3137013682776155
3,329,Residue Management (No-Till),2162,,,,,,,False,584.2852252860187,484.2644258035846,41.524464007443086,8.021100731425598,1.4124211546930492
3,590,Nutrient Management,1865,,,,,,,False,523.6840854022566,266.6689064329029,91.87972718419802,24.62685421028222,6.192918878439803
3,340,Cover Crop,1936,,,,,,,False,1675.4023412083327,711.0439781233748,229.57284392823365,11.232296025747173,2.836540063332731
3,329,Residue Management (No-Till),399,,,,,,,True,218.85053160352817,74.74718605819761,1.7244633038897197,11.521951560252763,0.7547653280118441
3,590,Nutrient Management,2609,,,,,,,True,1155.6442784132878,45.40694040504906,5.07082267841422,1.9607616133318462,0.09198526979326425
3,590,Nutrient Management,2409,,,,,,,False,2441.6953446954353,195.43601030983368,53.919080437732134,59.24366445921281,17.793352359374264
3,329,Residue Management (No-Till),79,,,,,,,True,1117.8154325303808,945.1288273720068,14.639301409400847,67.87931165496512,3.6154923956971503
3,590,Nutrient Management,179,,,,,,,False,458.0779628570974,441.758696916338,134.30589247341206,8.60593556889941,3.172997722651727
3,329,Residue Management (No-Till),1912,,,,,,,True,408.2824987982996,728.2837970815514,14.125320271703655,10.992514008092268,0.3398077984359937
3,590,Nutrient Management,2181,,,,,,,False,1792.8448313063943,323.76079567408965,109.14695926511328,32.174033671402995,8.906224226425651
3,590,Nutrient Management,24,,,,,,,False,2685.8335695606447,1079.953705916343,336.29035797675675,142.24660645416046,44.002389646730315
3,590,Nutrient Management,1957,,,,,,,True,431.1173133127824,142.2560399386839,12.622597576975831,4.299913472082423,0.22854178715398032
3,329,Residue Management (No-Till),1024,,,,,,,False,462.3611085578288,238.90872737125892,15.37926531858497,20.637312877274145,3.60610806524017
3,329,Residue Management (No-Till),1459,,,,,,,False,469.05058848505627,24.58052979542287,2.343587243368228,4.402591997129353,0.625702193761632
3,590,Nutrient Management,585,,,,,,,False,335.0023135921691,144.28550210901992,56.265482557524365,30.660117459776647,9.55970830010961
3,329,Residue Management (No-Till),216,,,,,,,False,1923.8978272748475,434.7658401260922,33.11012156723434,17.773066212266166,3.932694498654603
3,590,Nutrient Management,1539,,,,,,,False,4205.110002231356,3569.176878490092,1317.6545261213012,61.31029814304112,12.954546956973955
3,329,Residue Management (No-Till),662,,,,,,,False,71.93129414237465,34.05364491992629,3.4322593085509383,2.92642730486284,0.5279169961329763
3,329,Residue Management (No-Till),866,,,,,,,False,644.3639963259506,426.9946107371746,40.440477810310576,82.03260044455791,14.52925564239012
3,590,Nutrient Management,1842,,,,,,,False,879.9801706712465,228.02403299259524,74.59056460202532,7.661600803036488,2.3394939481320987
3,340,Cover Crop,902,,,,,,,False,1358.4826534738436,133.97188727636558,38.31713189607444,4.148446562795384,1.075480270918501
3,329,Residue Management (No-Till),1226,,,,,,,False,321.05255067812783,54.18004318900886,5.438678744155569,15.583739820604203,2.309600677414892
3,340,Cover Crop,2205,,,,,,,False,1803.1410876986329,838.3752901475802,305.46488509012056,11.917478934777218,2.3430510506512987
3,329,Residue Management (No-Till),1190,,,,,,,True,152.52271135586054,117.19295495298574,3.1426757232661804,11.779290424621903,0.5658129430037806
3,329,Residue Management (No-Till),610,,,,,,,False,586.738536268989,363.2468471864091,32.947426655107876,127.53214869136464,24.854424748282266
3,329,Residue Management (No-Till),2469,,,,,,,False,736.6367303859593,243.37396346130566,25.501270876853184,13.709651856858697,2.862514227774627
3,590,Nutrient Management,2490,,,,,,,False,3092.885974531854,263.44951553652453,78.54692318304797,129.77766321306902,34.392460985808206
3,590,Nutrient Management,1601,,,,,,,False,1169.1758356379037,148.16745853252655,58.19633439829645,6.809909180202683,2.293798856106522
3,340,Cover Crop,102,,,,,,,False,19121.972717550518,5172.133006587147,2133.508415669638,11.267491899404162,1.448261982746166
3,329,Residue Management (No-Till),2622,,,,,,,True,1134.8410914514088,387.2127122899754,6.274995144726588,29.34797117708597,1.2020106703897697
3,329,Residue Management (No-Till),2359,,,,,,,False,333.302491452938,92.87064904461556,8.805175633338829,3.7368317324629845,0.6357004366559865
3,329,Residue Management (No-Till),2604,,,,,,,False,264.76851695499295,49.506456582726415,3.6350981889450993,17.173765150521668,3.027983061381761
3,329,Residue Management (No-Till),1771,,,,,,,False,629.4869671169264,263.05615330910695,22.872573006923844,7.162473751769485,1.6548129538737018
3,340,Cover Crop,1973,,,,,,,False,1631.337273179145,215.30059930351044,62.38607816424642,16.172463954981282,2.6869141271485875
3,590,Nutrient Management,2400,,,,,,,False,4911.091289909167,1315.8358123744415,413.48966098938547,60.906833344896945,13.573243266852211
3,340,Cover Crop,1725,,,,,,,False,4962.07134728228,704.8923063528698,254.24564321304993,90.11927623692799,11.552391063687208
3,329,Residue Management (No-Till),1998,,,,,,,True,535.9233595445779,266.4940237520183,7.879010863983077,27.949461533570982,1.1818524053029866
3,656,Constructed Wetland,1657,,,,,1.4720395129519015,1.4727644339089343,False,134393.894146428,45.59140223920892,13.506454237401133,5.166949031093024,1.4659743780595071
3,590,Nutrient Management,884,,,,,,,False,808.6353351328924,69.70489382209202,28.494032880813084,0.025115014985349196,0.006017760194906214
3,340,Cover Crop,419,,,,,,,True,1030.435287525067,154.1049154986702,11.628986373646274,19.36309737225756,0.9773632431068308
3,329,Residue Management (No-Till),369,,,,,,,True,258.0061908993649,183.12083099473963,4.880735321492697,41.554043941456435,1.8186674132589755
3,590,Nutrient Management,805,,,,,,,False,315.2857418132517,65.05041756556838,19.677402128257402,54.12228149780471,12.413133594286263
3,590,Nutrient Management,1604,,,,,,,False,525.4385120675032,137.4450678256615,39.512381581430134,27.314384827118154,7.677373312634942
3,590,Nutrient Management,1655,,,,,,,False,1989.743601681,475.029610146835,170.15891283970026,10.988771866482418,3.037760010780541
3,329,Residue Management (No-Till),61,,,,,,,False,900.0253598038171,1167.4301112608182,135.31563441935103,30.06724786949028,4.652191870245852
3,329,Residue Management (No-Till),2373,,,,,,,True,29.110196076426302,7.125777453739638,0.19129079271961882,1.027219576635774,0.044872457564147344
3,329,Residue Management (No-Till),713,,,,,,,False,155.0375536020025,129.1673264712771,5.848294318768339,2.0915602035624254,0.36619422610631197
3,329,Residue Management (No-Till),750,,,,,,,True,493.5343432515505,526.1539325507963,7.696236143366526,6.736121970222095,0.29685171114112024
3,590,Nutrient Management,2536,,,,,,,False,568.6006648643737,201.91319992425386,53.249696258129994,3.679922228700637,0.8564068758483115
3,329,Residue Management (No-Till),1800,,,,,,,False,496.4188434324009,188.80637920341206,11.944441623073484,16.77013360321917,2.92427909924292
3,340,Cover Crop,1532,,,,,,,False,584.5782361196432,19.601439154765664,7.3902662367280225,3.408848093958342,0.8415032026891826
3,340,Cover Crop,1291,,,,,,,False,1095.8797189711038,79.02211603495387,29.978231474941232,2.1878947035942864,0.37509239415160955
3,590,Nutrient Management,164,,,,,,,False,6454.1023022289455,1901.8348556764456,650.7910597049823,79.71697028449319,19.37790763785953
3,329,Residue Management (No-Till),1596,,,,,,,True,1231.0371854549433,3288.644039521205,78.80305157265529,138.51077434840573,7.951361863840629
3,590,Nutrient Management,1223,,,,,,,False,9970.433475119642,4396.708056229027,1519.485932474561,50.950915308538214,15.184636833462735
3,329,Residue Management (No-Till),1798,,,,,,,False,697.5898379383589,278.4999571257358,17.497018082808026,50.957475361645166,8.910805864399041
3,590,Nutrient Management,780,,,,,,,True,2151.814183606007,893.1117126435466,82.05698866014242,37.82184296947056,2.4059805239257592
3,329,Residue Management (No-Till),1072,,,,,,,False,879.3566933202184,288.3284380845124,15.42840688466462,17.178087080615384,2.841096919860834
3,340,Cover Crop,304,,,,,,,False,2496.5094350490463,477.7886505804452,130.74749313755603,2.9268486833400873,0.7069598263026389
3,329,Residue Management (No-Till),175,,,,,,,False,294.21166006084417,415.4415217098271,32.792506149287,7.14099926500537,1.148103677948798
3,329,Residue Management (No-Till),2273,,,,,,,True,2341.901425920113,1019.6939023324461,20.701503312397822,692.8672453552666,25.473168981459725
3,329,Residue Management (No-Till),2615,,,,,,,False,754.7281929714323,1306.5645513125148,127.29626101039736,4.734698661369617,0.9584367216848629
3,590,Nutrient Management,1991,,,,,,,False,690.6418619392699,2.9836182374453224,1.1149396549635806,1.6515487688367567,0.4833865477515001
3,412,Grassed Waterway,2402,,411.3848655986122,0.4388653746205995,0.34751353014706854,,,False,80394.56239041196,129.7768849401495,16.177457825123714,18.21579950269394,2.4778645014575753
3,590,Nutrient Management,1856,,,,,,,False,699.5663322856835,809.0778465433368,304.6571372373951,0.9270130441863489,0.263808855668758
3,590,Nutrient Management,1940,,,,,,,False,732.9626131189697,467.65849618538664,131.77251649721543,40.19575329942242,7.392139184810333
3,329,Residue Management (No-Till),944,,,,,,,False,5997.114488086185,5169.145215089142,505.320328945225,235.40398379808974,52.88224832181899
3,329,Residue Management (No-Till),2289,,,,,,,False,734.3040980192224,323.6308717843146,35.50713795222754,31.304060612687007,7.216631056188083
3,329,Residue Management (No-Till),1828,,,,,,,False,527.5535316145073,266.5816087247715,32.687094526831295,5.934827860780776,1.1861755038385866
3,329,Residue Management (No-Till),365,,,,,,,False,551.1499287967538,69.10751966550583,8.296064887983707,7.283537018677108,1.177052042856828
3,590,Nutrient Management,1235,,,,,,,True,1033.857210893091,859.1028695227042,78.37016184247217,45.63970944523158,2.8826822454633474
3,329,Residue Management (No-Till),937,,,,,,,True,310.0636511817997,155.22461550813418,2.448663127066897,2.7147598722372073,0.15043953278625413
3,590,Nutrient Management,380,,,,,,,False,1531.5527699804998,851.8232935065365,289.56453398865045,41.81222968947013,12.208512438553727
3,590,Nutrient Management,1230,,,,,,,False,1958.1377666440792,368.0196302365744,145.81716715459825,24.133860001554734,7.059702812610216
3,329,Residue Management (No-Till),330,,,,,,,False,697.2403805085653,390.4494096724664,36.34389145854833,87.34140422011164,13.570558283971002
3,590,Nutrient Management,1302,,,,,,,False,3254.358824585091,495.2582944992529,191.754319076579,3.767375494319412,0.8851550996549571
3,340,Cover Crop,947,,,,,,,True,3033.4104950726905,270.6940362604514,22.736772730714627,5.802944682758092,0.3656845225352076
3,329,Residue Management (No-Till),1172,,,,,,,False,364.2740176697692,72.77951027900647,3.2824576163037515,6.0519844540926515,1.2793124511950642
3,329,Residue Management (No-Till),291,,,,,,,False,870.359204036156,538.0152350120527,30.652773735210953,66.0369538366988,10.802747976101344
3,329,Residue Management (No-Till),1427,,,,,,,False,349.6006322178044,202.10400831460748,18.56923010531044,0.30438618397345,0.0679846618690957
3,329,Residue Management (No-Till),792,,,,,,,False,319.6236222962199,115.01461784333912,9.715069353345712,12.074093302138639,2.213497500989593
3,329,Residue Management (No-Till),1180,,,,,,,False,845.8471564851895,145.9499132925946,5.365772032853181,195.0206148311595,22.819060995761685
3,590,Nutrient Management,652,,,,,,,False,128.66912989433416,16.413214907254105,5.716099704803982,1.3407434302232304,0.40838958835566846
3,329,Residue Management (No-Till),2601,,,,,,,False,10.843671832449052,5.761691874621342,0.31936546724814446,0.4358928466316495,0.08184932404069584
3,590,Nutrient Management,472,,,,,,,False,670.4702835562157,733.3016009598298,313.6988060239778,49.1246800471426,14.620368787040794
3,590,Nutrient Management,2254,,,,,,,True,4468.741761763487,236.68488668670923,21.034819985495083,15.229923021871576,1.313295337612356
3,340,Cover Crop,925,,,,,,,False,7681.264368577221,863.7231707302354,325.3789605986827,32.46284341986567,5.961309231152123
3,590,Nutrient Management,1647,,,,,,,False,511.50945893088027,35.57139606660982,10.551182795844031,19.226112961820334,3.9209029837855702
3,329,Residue Management (No-Till),346,,,,,,,False,288.0378722802891,486.5392086621615,46.14676985862777,14.39075043598645,2.386774209339205
3,340,Cover Crop,920,,,,,,,False,4372.311278385482,675.3645068566789,268.0381419955474,58.581545577153115,11.683235364855308
3,590,Nutrient Management,2231,,,,,,,False,907.6659686063862,77.93851915598371,26.00766282930903,32.897886774051806,9.014253966048189
3,329,Residue Management (No-Till),1142,,,,,,,False,236.28741330254587,837.4969191544856,81.24435976399795,9.189381712934816,1.2483594167724887
3,590,Nutrient Management,2019,,,,,,,False,2652.6364022981147,2077.2108973833297,878.8881761782989,75.2072848715186,22.15970047169159
3,656,Constructed Wetland,1080,,,,,0.18139593459122277,1.3363887572516608,False,23818.24815026938,6.0481838265363566,1.2712607469739714,0.5033010734812274,0.11735353359872726
3,590,Nutrient Management,1524,,,,,,,True,1507.0067868490905,560.5169899194775,51.602277148386186,40.70501153737151,2.2130238925922296
3,329,Residue Management (No-Till),287,,,,,,,False,1058.0602473087538,219.87926887880113,18.57168345189124,405.23208500340695,89.07123930961471
3,340,Cover Crop,2055,,,,,,,False,3187.5078987293673,453.3351346229942,142.6265513763303,21.508427802035325,2.9259141980578565
3,590,Nutrient Management,1705,,,,,,,False,1524.016588885311,298.49817453430757,141.02337690968977,4.21322967801503,1.22304988857423
3,329,Residue Management (No-Till),1634,,,,,,,True,1985.7451101658512,1476.4754682546238,44.27928534575979,235.44210251340772,14.922505951942297
3,329,Residue Management (No-Till),1331,,,,,,,False,215.72788557618762,70.49682874703826,6.187570242666141,46.33276413999267,7.698764346998974
3,590,Nutrient Management,2607,,,,,,,False,2176.5909292590604,1799.1282772062177,545.9056524651793,92.84067940141388,21.062203442195965
3,590,Nutrient Management,277,,,,,,,False,9967.787675569309,2811.737145210035,977.2211074027053,8.048520928592238,1.4113737384187668
3,590,Nutrient Management,358,,,,,,,False,113.48719441693903,34.52414872947141,12.701881987401258,6.13077160479406,1.227290571486536
3,590,Nutrient Management,1977,,,,,,,False,956.8366368125807,104.95995919715354,42.7879354305731,1.7366824422068858,0.41651596333052193
3,590,Nutrient Management,129,,,,,,,False,1350.5664274106355,1339.8009733994204,450.3304534960309,95.0456710711347,35.70380263890608
3,590,Nutrient Management,2279,,,,,,,True,1838.3776704097052,268.38187521407735,20.82856317624698,58.15840762658911,4.127324201831317
3,329,Residue Management (No-Till),229,,,,,,,False,336.05980653419215,410.0989525908033,37.225090365394124,21.93868878513547,2.9975983384619616
3,340,Cover Crop,929,,,,,,,True,2524.4071050290045,479.4086209236021,41.763843054877896,9.132649198090967,0.4121271777910892
3,329,Residue Management (No-Till),1540,,,,,,,False,408.0839806378207,670.4905486123694,77.76894183756968,92.37985310513838,19.155551416864533
3,329,Residue Management (No-Till),1938,,,,,,,False,1219.7490992496655,4433.0560182297195,413.9123467444538,13.232705065858262,1.7602677333152197
3,340,Cover Crop,1285,,,,,,,False,11252.216424632743,3359.62357513707,1329.3072645214734,57.677507549335104,12.585714338859287
3,590,Nutrient Management,1468,,,,,,,True,1734.350336628179,298.66322304332346,33.06393952794581,47.41860521827511,3.979458202447254
3,329,Residue Management (No-Till),570,,,,,,,True,875.8901411075678,498.37746475254227,8.845871790386925,1.976426118050131,0.05804284489037891
3,590,Nutrient Management,1091,,,,,,,False,572.2230360124998,353.3203599358069,99.01715855048565,149.48193263154957,43.57216531870047
3,340,Cover Crop,840,,,,,,,False,796.7551666618605,27.495714123004873,11.529769219316243,7.554982325698055,0.8475434052325913
3,329,Residue Management (No-Till),708,,,,,,,False,460.5711872404105,283.1677991456233,27.47583800074658,122.95273666154402,22.457282145964694
3,590,Nutrient Management,2651,,,,,,,False,608.650617581742,2085.5141138564486,848.3908904112351,35.68133010089006,10.334512678000673
3,329,Residue Management (No-Till),2051,,,,,,,False,729.6738498752891,12.405621832628508,0.9023942468878489,12.533129270951012,2.6639237985304005
3,340,Cover Crop,1787,,,,,,,False,794.4155579716802,8.171593620328215,3.426913442684577,1.2633022479730123,0.16312603589579647
3,329,Residue Management (No-Till),1276,,,,,,,False,470.5269206754625,1077.4879023036933,91.55203901881737,7.23148031092569,1.4687870460757324
3,590,Nutrient Management,2337,,,,,,,False,618.0495122178547,129.8040808986335,55.05803272876331,31.778728492095297,7.703866192106771
3,340,Cover Crop,721,,,,,,,False,2831.4860691614003,240.8492694901919,71.94838399949356,25.495061360256784,4.8142336604469
3,590,Nutrient Management,2558,,,,,,,False,446.46025478023967,108.83880294788844,34.89744951129343,17.115344822779903,3.818117331079607
3,340,Cover Crop,45,,,,,,,False,1236.6087192592533,221.05764617210374,82.00693162525815,3.3614908823098473,0.6827578740539406
3,340,Cover Crop,1486,,,,,,,False,3013.774376879712,636.2572180732496,252.28497427566288,23.885806544834292,3.289742505114495
3,329,Residue Management (No-Till),1879,,,,,,,True,11.862031887570305,20.24463844010007,0.5322050119469272,0.3459238248089605,0.021735275682898555
3,329,Residue Management (No-Till),447,,,,,,,False,1350.7394118606294,841.2335611491965,92.68606640778867,21.911419283892883,3.5120836238246116
3,340,Cover Crop,727,,,,,,,False,5446.675593911451,472.5825399115754,168.39717269937867,19.774256200512927,3.613486876893895
3,329,Residue Management (No-Till),423,,,,,,,False,183.77772327548405,86.89731309591784,6.418211681452055,1.1480095095430896,0.2091755394028487
3,329,Residue Management (No-Till),2083,,,,,,,False,882.4169463430702,153.0251770450962,15.711598103248306,0.802328342831231,0.15024505809483216
3,340,Cover Crop,2024,,,,,,,True,4107.674638386787,290.21969574789665,34.91264906845722,49.86207523993026,3.4053789639934497
3,329,Residue Management (No-Till),960,,,,,,,True,1164.349474702302,1423.6073577668735,21.541180843725826,26.30947497579064,1.2746354711527004
3,329,Residue Management (No-Till),1232,,,,,,,False,457.6197731344812,422.54810947271216,47.85053191797447,159.40323758941514,27.94911045459547
3,329,Residue Management (No-Till),858,,,,,,,False,935.7124506000291,182.77921045313172,15.973159418150411,9.65915085657498,1.3992313564621073
3,590,Nutrient Management,1247,,,,,,,True,1853.0004126723177,52.26848054005573,3.909667127808695,274.6607525478609,15.543420293222272
3,329,Residue Management (No-Till),1262,,,,,,,False,64.50720021019457,75.36682162684055,5.950606493302222,2.3072697358881453,0.42004913214176154
3,329,Residue Management (No-Till),1348,,,,,,,False,291.52986136927683,1326.7940309711491,78.16523181275636,45.27023954788407,9.06859929428075
3,590,Nutrient Management,2373,,,,,,,True,32.93152594996318,6.93448666102002,0.6691274705764081,0.9823471190716266,0.061489095497794535
3,590,Nutrient Management,1176,,,,,,,True,1337.651776460795,1591.2210849255973,168.46658917180523,30.666736306682612,1.9491663900382081
3,590,Nutrient Management,1386,,,,,,,True,141.4359148909046,93.4040336121163,6.799635986067809,5.3803474245281215,0.3253905296178101
3,340,Cover Crop,879,,,,,,,False,3708.6913510613263,360.8827599712429,112.48382038359289,24.021340741913225,3.687372883718424
3,590,Nutrient Management,1589,,,,,,,False,1011.097468505195,1611.2580694159578,529.1737436528152,14.168055057957353,4.7369189465834305
3,340,Cover Crop,1221,,,,,,,False,3459.5665104285854,921.794510424063,296.33966582840225,45.366925282140066,6.493564055678235
3,329,Residue Management (No-Till),2452,,,,,,,False,557.3948786169789,570.4558472831625,70.30997365258062,7.360005489279997,0.8872287318760929
3,329,Residue Management (No-Till),2332,,,,,,,False,200.48511584579535,159.57710859120397,10.562431162325113,17.864029074573235,3.683665886561681
3,329,Residue Management (No-Till),1048,,,,,,,False,215.28396276705016,255.47215555988512,19.21757804833548,1.643258228673045,0.25521906588324167
3,329,Residue Management (No-Till),443,,,,,,,False,544.286706807363,121.97741795323579,5.003515189807509,18.899731164810238,3.824648472582289
3,590,Nutrient Management,513,,,,,,,True,1309.538692583302,322.4737673531326,29.635391363480682,65.68727887035308,4.905069241319213
3,329,Residue Management (No-Till),147,,,,,,,True,51.47648660044685,25.126924846171526,0.43692658305747367,0.48813404118626685,0.024448009431165537
3,340,Cover Crop,517,,,,,,,False,681.0145762276251,361.77512575339915,125.31809600663,3.9891504878269317,0.8025978317498451
3,340,Cover Crop,826,,,,,,,False,1929.4484337010156,59.755130343171444,18.27661539513689,2.84625677118997,0.37822974851962304
3,590,Nutrient Management,1935,,,,,,,False,1366.446623187339,770.7300130753583,263.1387177190918,17.7858804634046,4.724420320654364
3,329,Residue Management (No-Till),2123,,,,,,,False,1523.3564238265087,677.9701841460784,88.52150137128866,17.62775332691541,2.7598841550903663
3,340,Cover Crop,1736,,,,,,,False,4586.559432178146,361.059836775873,176.9505025310441,96.05305614092582,20.071891505060808
3,590,Nutrient Management,2182,,,,,,,True,1135.7561941311938,174.14995636570038,14.876735817251864,31.019821128847223,1.864758849446457
3,340,Cover Crop,2340,,,,,,,True,881.4116372021475,249.4155239577242,26.82555438857241,4.202305529932524,0.166209859288078
3,590,Nutrient Management,895,,,,,,,False,639.2151886657621,44.02015115617679,13.838167517055094,82.06840658917052,17.97167602869097
3,340,Cover Crop,2332,,,,,,,False,893.5478683590306,149.01467742887885,48.81359059909985,14.180363188011556,2.627463685340681
3,340,Cover Crop,1103,,,,,,,False,931.7885421084533,469.0120606368588,163.6351302509148,155.59971645497905,43.162487400735856
3,590,Nutrient Management,118,,,,,,,True,1582.059443131557,343.71669943555287,33.606931995156025,127.79218483117985,9.960810130552332
3,329,Residue Management (No-Till),1691,,,,,,,False,1171.5995580691774,1638.883922605077,162.4778591352252,1.0516434619325832,0.20353565407665897
3,590,Nutrient Management,246,,,,,,,False,2630.6978577034406,850.3700741170613,258.88344782877687,13.096736887683823,4.282142716494155
3,590,Nutrient Management,1574,,,,,,,False,4159.549142563487,1283.3316302852231,527.6754942454955,929.7738855360375,242.12556031597938
3,329,Residue Management (No-Till),2619,,,,,,,False,748.5195983659379,167.31820952294805,20.86048364135936,110.9602187771322,25.388965760995312
3,329,Residue Management (No-Till),2495,,,,,,,False,450.34627171841225,177.60683740648722,10.543473550426379,1.6630605066237008,0.23693165873326236
3,590,Nutrient Management,2477,,,,,,,False,1086.7792436924974,61.765715579813204,20.60444262173541,15.124647139816801,3.4337243486940934
3,590,Nutrient Management,1232,,,,,,,False,517.9187320838782,374.69757755473773,142.66680750895148,131.45412713481966,33.68944418151348
3,329,Residue Management (No-Till),1743,,,,,,,False,324.709146349527,219.18063433194797,13.398803512390717,31.89756477692462,6.264946444436973
3,590,Nutrient Management,2314,,,,,,,False,1329.3602229459575,409.73874110471655,152.36590873576216,17.600679288365207,5.18524787276745
3,329,Residue Management (No-Till),1289,,,,,,,False,645.5198529887451,387.3752985203002,26.67402660322101,6.81712498696273,0.9681765054580835
3,329,Residue Management (No-Till),2488,,,,,,,True,44.626426099398095,167.56895823602312,3.2166692280457023,0.8080294942591322,0.0477660568161778
3,329,Residue Management (No-Till),2172,,,,,,,True,2491.136696105376,2597.112230956935,58.92486822394949,15.781702075929523,0.729400069928091
3,590,Nutrient Management,642,,,,,,,False,120.75778929336079,20.930425482491074,6.952877475218491,0.5859499162715012,0.15435257995474064
3,590,Nutrient Management,1998,,,,,,,False,611.8632393934789,258.6150128880352,82.38916791896985,26.767609128268,4.990988145824568
3,329,Residue Management (No-Till),440,,,,,,,True,369.9948754590576,171.31990124644136,3.928827735080888,1.3681742595531567,0.07164604291293998
3,340,Cover Crop,1675,,,,,,,False,1495.9577176976868,1.1608122609455105,0.4446278715378205,31.126944576962384,4.487956296529008
3,329,Residue Management (No-Till),1424,,,,,,,True,927.2343993992198,1220.1611201329208,25.158354966321703,49.03369955265994,2.524541239232148
3,329,Residue Management (No-Till),1668,,,,,,,False,432.72992914830667,397.53345569208614,39.97246258859199,126.54841973112393,15.407174696781187
3,590,Nutrient Management,2199,,,,,,,True,2409.931194065503,2047.6777888722268,193.03223061778434,2.3911915332874907,0.15433489180011847
3,590,Nutrient Management,1340,,,,,,,False,4621.9970152984415,5548.990971156694,1856.0664566048567,44.695609658695865,10.941863324808176
3,329,Residue Management (No-Till),101,,,,,,,False,432.54827495317346,64.79338457152674,5.567488319782208,6.462738526790357,1.1810552551684204
3,329,Residue Management (No-Till),1010,,,,,,,True,498.5999155145505,125.07460073217653,3.332377049016423,24.788130614328317,1.3317728026606397
3,329,Residue Management (No-Till),1678,,,,,,,True,718.5821777609156,311.44955136437613,9.356172209184317,86.05091597431135,4.051671505461241
3,329,Residue Management (No-Till),334,,,,,,,False,505.1143426585362,147.08930767133657,10.520219666138484,183.11004089288264,26.443778146105103
3,329,Residue Management (No-Till),2662,,,,,,,False,568.419222563068,218.6139015189527,26.43789195373982,40.762206957238966,4.764955719362914
3,340,Cover Crop,2299,,,,,,,False,1171.5603250005897,298.1891595864982,98.65664696523102,143.5418385821033,30.304831026503702
3,329,Residue Management (No-Till),1862,,,,,,,False,1255.012888946195,903.0174600192046,105.63104288897637,23.639060990917642,3.092520831667086
3,340,Cover Crop,1842,,,,,,,True,851.5578779037834,153.4334683905699,15.029418387492637,5.322106854904389,0.3158448372246503
3,329,Residue Management (No-Till),2352,,,,,,,False,1365.2748105668927,1280.3153849244388,100.71475897370823,10.778121242944877,1.0900952023209156
3,340,Cover Crop,997,,,,,,,False,2097.6190773988033,283.5648307035953,103.47317559866026,25.07606215713461,3.822342303833428
3,590,Nutrient Management,1112,,,,,,,False,4320.856681921611,32.38456604803695,11.600639028828102,10.690984899016986,2.3584216856282048
3,329,Residue Management (No-Till),2103,,,,,,,False,217.80890711081778,165.64226016549162,15.153630387628956,10.683802327827069,1.478632581641362
3,329,Residue Management (No-Till),2416,,,,,,,False,296.17306353870885,187.60046960301764,11.122646329008328,10.425875047152589,2.0912306931038445
3,329,Residue Management (No-Till),1805,,,,,,,False,298.4496280180158,458.5244364176118,53.857590827388485,5.662618766027598,0.9926917532396393
3,340,Cover Crop,2633,,,,,,,False,1578.8429674250583,435.54616211286367,144.94771587162236,15.029304747613873,1.3498401310097217
3,329,Residue Management (No-Till),349,,,,,,,False,375.7170506148917,290.89421174396364,28.602116730951504,117.52677111735936,23.862444513328658
3,329,Residue Management (No-Till),1536,,,,,,,True,671.2027067384407,546.5273811882994,12.114975998528376,18.800122107421526,1.1573526927039133
3,340,Cover Crop,966,,,,,,,False,1351.2397738913864,1084.2328715239123,240.74622430819167,6.419485774050082,0.9498383117809367
3,340,Cover Crop,1112,,,,,,,False,7499.483042218091,20.783927019208846,9.583906916652193,8.33256321338878,1.6382315224177113
3,590,Nutrient Management,2530,,,,,,,False,87.77240893311676,75.42404171063984,26.9809886635862,1.3768033719334152,0.3813623367093353
3,340,Cover Crop,114,,,,,,,True,1135.0947388629536,167.01775280972785,16.91908321447425,124.18931081832184,7.164098147469801
3,590,Nutrient Management,2586,,,,,,,False,439.56840509932266,200.13758887869017,68.42856672858952,126.68015636712677,40.30598033177501
3,329,Residue Management (No-Till),1444,,,,,,,False,392.4554536615291,752.5714402955973,58.14643955057083,7.76178896310873,1.0820535761385095
3,340,Cover Crop,2284,,,,,,,False,962.1202533305251,155.63463120561525,70.78478592827395,35.50934497286849,5.237657227807615
3,340,Cover Crop,1391,,,,,,,False,985.5450825455841,507.45220636767885,223.23990999849403,11.692363103254317,2.540640510527484
3,329,Residue Management (No-Till),962,,,,,,,False,1646.1670630128492,831.6008825808918,78.77353624581744,79.63044464188226,15.508304399343624
3,656,Constructed Wetland,2536,,,,,0.29364203633705954,28.295266762141313,False,14883.037023918361,148.6635036661239,43.82864354909573,2.8235153528523256,0.9033233645322988
3,340,Cover Crop,1167,,,,,,,False,1338.0775050183927,278.0657676340643,108.06750451073941,42.74646237886741,9.258284296205732
3,590,Nutrient Management,1693,,,,,,,False,1211.8027746476387,400.2255737760283,134.2940952060563,9.454361938228146,2.1815350417268125
3,340,Cover Crop,2028,,,,,,,True,1416.8476205062327,12.32872060646789,1.2091086685900172,11.563843601060682,0.5447375920974269
3,329,Residue Management (No-Till),72,,,,,,,True,2226.387511539244,3722.397191655344,94.6477623020845,78.54437349090621,4.419635216050833
3,340,Cover Crop,2173,,,,,,,False,1209.0440912098152,603.8474352828426,267.4548081138041,17.394251679918693,2.773128404012483
3,340,Cover Crop,1324,,,,,,,True,6131.456268608732,2019.400775540842,182.7737899610231,45.31079906774884,1.6840606620838625
3,656,Constructed Wetland,2350,"2350,2357",,,,0.5416310381052217,19.194071391233326,False,38294.27956703848,205.17801898098546,64.71921025772556,7.862641622920596,2.246901414276935
3,590,Nutrient Management,2205,,,,,,,False,1059.914218755074,532.9104050574596,217.02433302970815,9.57442788412592,2.5810559854333386
3,590,Nutrient Management,1657,,,,,,,True,6742.947510988293,1199.4573628476232,126.231053642905,136.00122144441124,8.912629784875334
3,329,Residue Management (No-Till),1734,,,,,,,False,448.87321833145234,392.6365268343883,18.818271680604624,177.83994900314826,37.675025963694246
3,329,Residue Management (No-Till),1952,,,,,,,False,135.31250260767692,249.01852431832503,30.797156625429803,2.5614984352301757,0.43000607131337804
3,329,Residue Management (No-Till),1308,,,,,,,True,602.3191684081802,80.42523195423045,1.3471877760889632,90.6152719599703,3.4418195260283433
3,329,Residue Management (No-Till),442,,,,,,,False,2773.9795256269363,4525.169598212789,389.7558724903571,255.24284389831058,40.72569917716473
3,340,Cover Crop,477,,,,,,,False,25736.160035188037,2997.8397122972815,1234.5836287715765,381.37281493559146,102.13966994288866
3,590,Nutrient Management,1954,,,,,,,False,456.1610819640865,702.2968329784653,249.46996547326378,8.211319515275958,1.7403336745555378
3,329,Residue Management (No-Till),886,,,,,,,False,288.655935287279,66.85305071088348,6.904494945551995,2.5413170634781963,0.44614386807093986
3,329,Residue Management (No-Till),371,,,,,,,False,505.4366579452398,147.16183766826614,14.923489950725463,127.92049657097263,23.37292464209174
3,329,Residue Management (No-Till),494,,,,,,,False,1635.658436179034,562.894106003253,69.67388325150654,31.7919933905008,5.940817836644928
3,329,Residue Management (No-Till),2028,,,,,,,False,468.1589030277899,11.119611937877872,0.5379785168763749,11.019106008963256,1.5116744960321769
3,590,Nutrient Management,1488,,,,,,,False,1400.0221778104292,352.60883112369015,119.60348521443214,47.11734822065921,16.66908029973911
3,329,Residue Management (No-Till),643,,,,,,,False,162.87515812469454,61.66473102041052,5.998412989770317,97.83055806801072,12.380944049158455
3,329,Residue Management (No-Till),1392,,,,,,,False,667.3168445339525,18.09972161273854,1.4878984611215331,16.970874910523985,3.5879496508774626
3,329,Residue Management (No-Till),2421,,,,,,,True,651.9886895672497,161.93920559177207,3.3718936574184086,24.71181485120001,1.1887563903980607
3,329,Residue Management (No-Till),510,,,,,,,True,1601.6005237799548,1187.5762539143457,26.35505135342262,458.8390717678856,21.35856770295804
3,329,Residue Management (No-Till),1909,,,,,,,False,433.21881973455345,145.4263580681783,9.347288788880649,1.2763711891081357,0.1747122972624004
3,590,Nutrient Management,2639,,,,,,,False,331.7993051574231,200.88606558037694,71.08494663174784,9.552684252717981,2.868798491170718
3,340,Cover Crop,684,,,,,,,False,2074.264461256861,217.8535150693676,80.16938566750693,19.87981965152985,2.4041472224879974
3,329,Residue Management (No-Till),457,,,,,,,False,595.890144862001,373.9898823763146,36.10839170040352,52.422472004904144,8.341441562151058
3,329,Residue Management (No-Till),142,,,,,,,False,843.0555854513528,196.3301475297675,24.033685224698246,11.298061861084191,2.4506899443339987
3,590,Nutrient Management,2388,,,,,,,False,808.4070986108868,283.50523212659544,108.9242772139084,48.286830487193406,9.195304374541099
3,329,Residue Management (No-Till),1881,,,,,,,False,998.8942856641875,903.7547943902797,74.33392017983401,11.850456574301258,2.2028873286558226
3,329,Residue Management (No-Till),2093,,,,,,,True,561.4128006220036,139.11760170423753,2.0644694528371748,12.50195150946393,0.7277481871908507
3,340,Cover Crop,94,,,,,,,False,784.0753367243932,106.14427091454682,38.25515999004929,81.3634620931148,11.663904736020017
