scenario,cps,cps_name,pid,impacted_pids,linear_length_m,buffer_area_ha,portion_treated,wetland_area_ha,catchment_to_wetland_ratio,failed,cost_usd,treated_TN,removed_TN,treated_TP,removed_TP
4,340,Cover Crop,1484,,,,,,,False,7358.912992736829,2737.3760991844874,1151.3592958902832,105.77865808095434,17.216651463745578
4,329,Residue Management (No-Till),1063,,,,,,,False,3448.007133988165,1713.8337028548026,170.06525257367414,278.0712343059793,33.977788032249755
4,329,Residue Management (No-Till),1261,,,,,,,True,1096.9625854901235,652.1019453569793,10.340202024121675,25.228029036106488,1.0245008741421977
4,590,Nutrient Management,1593,,,,,,,False,1041.9421375610364,548.4480860827367,233.8264915991138,8.962668142361974,3.3272761665810076
4,340,Cover Crop,2647,,,,,,,True,2807.8675724419886,581.8920954598312,55.75202240953864,94.8675646934683,3.4214258492281635
4,329,Residue Management (No-Till),140,,,,,,,False,387.78844755828527,228.38695662206865,18.446455840695847,16.884978238698217,2.3581673081327157
4,590,Nutrient Management,708,,,,,,,True,899.5045309647131,160.91969397983098,14.223863729433932,51.65018804844634,3.5531130062799834
4,340,Cover Crop,1683,,,,,,,False,2011.1700724769432,739.576480853655,239.9431709935575,68.742084696655,8.92054118858204
4,329,Residue Management (No-Till),435,,,,,,,False,442.51139662566914,297.51650473886747,21.93861619628267,6.8583657440071,1.6020963633747272
4,329,Residue Management (No-Till),1552,,,,,,,False,432.74502206717966,126.7116645261956,6.65149879055975,23.433776546519418,3.970145693692414
4,329,Residue Management (No-Till),1515,,,,,,,True,1115.0737103264703,511.6272984194677,12.380631893667326,19.419679955028617,1.0400980304612233
4,329,Residue Management (No-Till),2414,,,,,,,False,2214.5570240910497,938.311015049202,73.6545499330958,0.06337023373777628,0.012719005445971078
4,329,Residue Management (No-Till),985,,,,,,,True,323.3210528550136,414.7367726534459,8.115275095327505,57.48047650468027,2.9711394582057573
4,329,Residue Management (No-Till),87,,,,,,,False,1621.8540791877417,3360.7983190400423,263.26196282360644,75.47303410938117,11.861900023463628
4,590,Nutrient Management,1187,,,,,,,False,1669.2999321415439,116.3751353257927,42.924280486330396,10.092343736682126,2.939778293174246
4,329,Residue Management (No-Till),2349,,,,,,,False,136.96826581169714,48.378483636560574,2.576127244875222,0.9432722493573483,0.1728268488302639
4,329,Residue Management (No-Till),1043,,,,,,,False,309.80157264932274,291.07301638015423,23.771928405703594,6.209855834197484,1.0255691634945172
4,329,Residue Management (No-Till),2657,,,,,,,True,302.95826259849014,297.08892559731385,6.490098648344589,16.00270025656748,0.7709144890081738
4,329,Residue Management (No-Till),1995,,,,,,,False,404.2317362305732,176.9234836517274,20.149218585091365,41.92804776336285,8.609745459273482
4,590,Nutrient Management,1231,,,,,,,False,860.9036458653333,401.3006369642805,139.13396686057348,18.28196131015998,4.831839585212172
4,590,Nutrient Management,2010,,,,,,,False,773.1358955086621,737.3341862855244,289.768048566131,1.6018057562696966,0.4162540207167605
4,329,Residue Management (No-Till),991,,,,,,,False,2351.111879542279,83.63624126357172,6.955793815768472,57.85255541649239,11.183556993021606
4,590,Nutrient Management,145,,,,,,,False,359.7457113826749,144.01164508412634,40.55522400092768,36.45477750253592,9.911493110737622
4,340,Cover Crop,1967,,,,,,,True,2592.7360913094253,403.0280248549862,30.697845802566206,8.518143680943318,0.37766630970263276
4,329,Residue Management (No-Till),2006,,,,,,,False,150.47154469972764,582.1015673447614,63.443818627281445,2.2314443471959717,0.36763693502986844
4,340,Cover Crop,1740,,,,,,,True,1212.2644292283517,124.61142171043433,14.238937422273986,19.045252950814714,0.7509259541485938
4,340,Cover Crop,2597,,,,,,,False,1774.1634093573216,260.14730524907776,86.409251114689,15.467580734552001,2.517840366358359
4,340,Cover Crop,725,,,,,,,False,2602.4295554131013,789.8424048582682,267.0282883542742,55.01444680865156,11.719371760881135
4,329,Residue Management (No-Till),1923,,,,,,,False,874.2572290018193,93.79137501559569,9.025882526659636,10.064617225087078,2.032492948794684
4,590,Nutrient Management,142,,,,,,,True,2044.809763240385,528.4760994636175,46.030762327628544,27.806298232484693,1.88270328803717
4,329,Residue Management (No-Till),1662,,,,,,,False,1211.659055754542,412.60774271199165,33.3755649694797,219.85854333013816,29.032556201643185
4,329,Residue Management (No-Till),1987,,,,,,,False,4962.937899344622,2266.752623202896,215.01790295743606,84.2723806316843,11.990611068984231
4,590,Nutrient Management,1556,,,,,,,False,1786.5788675782003,1188.671857046782,383.8394726111546,3.7142154732536836,1.0293492976729617
4,329,Residue Management (No-Till),2105,,,,,,,False,340.7731932318774,109.18219667176172,8.101002448624719,11.902235385605994,2.822887018030466
4,590,Nutrient Management,738,,,,,,,False,812.9491302515413,323.0485364968321,125.41645471563562,6.239254738209716,1.6171459598583344
4,329,Residue Management (No-Till),894,,,,,,,False,477.69717804345265,631.9440106714302,46.02582765820025,5.212853768195274,0.890268499705633
4,329,Residue Management (No-Till),655,,,,,,,False,445.1927042284033,526.9299441762126,37.118008679412114,0.8842916526146851,0.12337506170562794
4,590,Nutrient Management,1359,,,,,,,True,3312.474090083168,1183.9406286772025,131.7430542721357,10.243349050303195,0.6870303549352208
4,329,Residue Management (No-Till),1007,,,,,,,False,947.0261578085467,598.9337040959914,38.05708179921667,78.51720574991452,16.91735923457187
4,329,Residue Management (No-Till),1266,,,,,,,False,476.67776396037993,424.64255020884593,22.93097644168704,5.6454114324090865,0.7874325222524732
4,329,Residue Management (No-Till),2079,,,,,,,True,1364.4465426465836,459.14056039455636,8.090239197880708,11.011967832648631,0.5680854097893193
4,329,Residue Management (No-Till),1843,,,,,,,True,946.5558842738475,318.7259716315147,4.6518037622080035,68.1891933201937,3.7935991340246047
4,329,Residue Management (No-Till),2669,,,,,,,True,975.8583600325989,404.0168654654522,9.346456173306041,327.03845733069824,15.192392890343987
4,329,Residue Management (No-Till),578,,,,,,,False,296.7654102931401,374.9334295372239,31.23260649038137,142.18751662614315,32.32602492994354
4,340,Cover Crop,2048,,,,,,,False,2309.0875604372904,302.7488252823559,84.65567598057531,6.980377500126884,1.103860911251488
4,340,Cover Crop,2446,,,,,,,False,117.27750844541941,137.29789169461432,63.94146275611882,3.3947283999319193,0.8403505619508506
4,329,Residue Management (No-Till),2592,,,,,,,False,352.9276617912893,78.28466812585971,5.16828375910603,15.960613336804576,3.9736457137827013
4,329,Residue Management (No-Till),1689,,,,,,,True,1016.9029515287375,548.6736356846661,13.18436452988197,34.428835278475525,1.632695606931054
4,590,Nutrient Management,350,,,,,,,True,623.908763644015,106.93765713270105,10.257927706436789,2.2914708648278226,0.14789868417204347
4,340,Cover Crop,2019,,,,,,,False,4419.188887984306,904.4435007060532,373.3295478750535,83.18479456254177,18.126634318451135
4,590,Nutrient Management,2064,,,,,,,False,404.74931281381856,8.763685762918287,2.948983697706147,20.833993944646654,6.99479076469755
4,329,Residue Management (No-Till),676,,,,,,,False,819.3895887128355,401.31896572853356,24.078233309101705,28.44200759154331,5.161312491818848
4,590,Nutrient Management,995,,,,,,,True,387.10451291524646,200.63003277082632,20.652361193071297,1.2456120496623988,0.09336302704405097
4,329,Residue Management (No-Till),2604,,,,,,,False,218.98024220846995,35.63723720816196,3.319976405957572,4.799609649177919,0.9546548039354902
4,329,Residue Management (No-Till),1117,,,,,,,False,574.0750967814664,460.94505033285037,56.36064225550972,23.158001998178506,4.102243755576287
4,340,Cover Crop,1473,,,,,,,False,985.9625019513268,461.2078708219417,163.47942542405144,58.43231990172092,7.927566469572645
4,329,Residue Management (No-Till),2163,,,,,,,True,814.9340866079675,182.78386875787004,4.582327903205917,54.81566566711957,2.1930195177064538
4,329,Residue Management (No-Till),2337,,,,,,,False,321.7913074106007,53.53516139919224,5.3251318137116765,17.173464652956756,3.151941335751806
4,329,Residue Management (No-Till),909,,,,,,,False,1700.6230686533536,1217.8913206795391,102.28302443239784,47.642295239087645,8.438125790662886
4,329,Residue Management (No-Till),1389,,,,,,,False,481.7637910289009,958.1726152474372,117.22177145895569,48.422697281738394,9.981327226967592
4,329,Residue Management (No-Till),2046,,,,,,,False,3474.64947123784,4588.700819005905,411.7735851209946,879.4284126405084,156.87515917015435
4,329,Residue Management (No-Till),954,,,,,,,False,1526.9330581409954,1344.3075000238803,112.94931714226038,44.336127061526064,5.954730964518148
4,590,Nutrient Management,1799,,,,,,,True,1684.4196455525894,2240.370994404964,185.6702342861817,639.8729189713623,55.811459574945594
4,590,Nutrient Management,2518,,,,,,,True,1127.1263106130489,200.2687211924553,14.891377465697127,16.019210653887555,1.1700129504599435
4,329,Residue Management (No-Till),761,,,,,,,False,1740.5705026623737,622.4053528994795,83.66971649598693,104.11944997558658,15.178012387162616
4,329,Residue Management (No-Till),404,,,,,,,False,188.71211853496956,92.53573296492011,11.571104924681238,14.418457570001546,2.5213313067653
4,340,Cover Crop,2380,,,,,,,False,3123.748000645669,670.941144253752,305.41133370105905,13.822505566103962,2.882133183183567
4,329,Residue Management (No-Till),1808,,,,,,,False,529.8144839352284,261.59744810745457,31.602887783162316,29.482012423047486,3.9322913143084928
4,590,Nutrient Management,1794,,,,,,,False,1115.961050935666,283.26445874565945,100.30930769521291,39.70524454305359,11.923490298631878
4,329,Residue Management (No-Till),1841,,,,,,,False,84.86399391147286,127.29037474741392,11.108728373577947,38.293149384419664,7.96825770862376
4,329,Residue Management (No-Till),246,,,,,,,False,1410.042541875164,412.88397107795305,22.38426792165845,6.689021510138138,1.0250500475416648
4,329,Residue Management (No-Till),624,,,,,,,False,1124.3488566664075,1037.7399411002075,101.84343249871948,94.82130090062732,15.142456230460033
4,590,Nutrient Management,260,,,,,,,False,832.5456387421337,137.07338316557096,42.194980109298996,14.229352292684966,3.164438032746222
4,340,Cover Crop,577,,,,,,,False,2615.532729577625,351.33865157072415,127.99718420924378,53.78791833052191,7.470309685815113
4,329,Residue Management (No-Till),1861,,,,,,,True,1087.0851760252808,1599.0330038443294,24.985868008092854,12.688420506142213,0.6274312008049326
4,590,Nutrient Management,2074,,,,,,,True,2973.2507652130435,785.035785600989,74.79148309185358,3.4910262888585133,0.1971572781376774
4,590,Nutrient Management,1507,,,,,,,False,2512.6743862859807,1961.9450473869936,629.0743155826924,10.625351098505673,2.456119845927659
4,329,Residue Management (No-Till),120,,,,,,,False,1151.21450271543,719.8189094598384,75.2077481201687,52.9433729159245,10.919604337531888
4,329,Residue Management (No-Till),2239,,,,,,,False,417.0575665065035,383.17289046539923,23.61369971894081,6.7946344196540105,1.3090152479185746
4,590,Nutrient Management,52,,,,,,,False,2493.668673711609,6319.424090074192,2335.6167494683496,38.01002190041519,10.785933965359044
4,329,Residue Management (No-Till),1622,,,,,,,False,703.5936421753726,121.71482277507322,8.678594621591717,230.87001315756825,42.89183407717905
4,329,Residue Management (No-Till),1563,,,,,,,False,590.8266961099005,185.20880774813494,17.419970340697006,47.241062441504994,9.362059528743758
4,590,Nutrient Management,2061,,,,,,,False,561.3901025263267,629.43353738057,183.68124163177686,80.60994047900759,28.28377509288411
4,340,Cover Crop,1904,,,,,,,False,200.08231161316212,74.84421087615085,29.392313989263144,2.447436147585004,0.5725753114771475
4,590,Nutrient Management,808,,,,,,,False,819.2170005769452,391.2229185176292,167.18554115066718,93.35314414599965,26.49177440222241
4,590,Nutrient Management,1781,,,,,,,False,538.6205771654328,52.137639890280624,22.135385783907626,9.118763575779838,2.257442270563805
4,340,Cover Crop,708,,,,,,,False,1468.3479428422854,146.69583025039705,40.644988898834,48.09707504216635,11.351970382066336
4,329,Residue Management (No-Till),635,,,,,,,False,2843.5060380308614,1038.6661787718258,100.9435895358904,21.91591573040272,3.52738694386027
4,329,Residue Management (No-Till),1511,,,,,,,False,645.4223114038492,287.4575763774496,27.099329234087875,0.4632930833862248,0.09923772373934671
4,329,Residue Management (No-Till),1001,,,,,,,True,314.4429930091856,254.1075204956187,4.488473463866589,1.065827590880224,0.043645189944265014
4,329,Residue Management (No-Till),1549,,,,,,,False,714.2469117716067,334.8011245523373,21.18946202066301,6.168859857028998,1.4753616536897873
4,329,Residue Management (No-Till),694,,,,,,,False,832.392084919229,41.26151624736282,2.6669738597228423,9.93080559173728,1.5754871618513124
4,329,Residue Management (No-Till),2034,,,,,,,False,365.05753836188217,122.22461152682271,13.97860157861524,17.549031398858936,3.608028399518811
4,329,Residue Management (No-Till),2319,,,,,,,True,361.6876163849875,342.1171025948415,8.264118164177226,1.6270077580336317,0.048934759248319304
4,340,Cover Crop,348,,,,,,,False,2996.8240108580767,82.75249061272486,34.705498941366585,13.024652299241255,2.3617110114259274
4,340,Cover Crop,468,,,,,,,False,244.47491284342132,36.41368511139313,9.929921872594585,1.3341310433071831,0.3473375153768791
4,329,Residue Management (No-Till),123,,,,,,,True,734.7796385045334,2124.62469177472,39.586061960577176,20.060394969386284,0.7152122112290633
4,590,Nutrient Management,1965,,,,,,,False,5265.383529980881,297.33439948479935,92.6318521630621,110.23639434475751,31.30194052307725
4,340,Cover Crop,174,,,,,,,True,643.1744026410372,147.0906766761842,10.693983772817166,39.09949841021055,1.5762923103821191
4,340,Cover Crop,1815,,,,,,,False,3309.6856558323334,229.5285910166327,82.54793105605084,19.015430997572004,4.979735890699949
4,329,Residue Management (No-Till),2290,,,,,,,True,177.68151262364293,308.84000518479553,6.96200459779477,15.426781757356132,0.7945140537682883
4,329,Residue Management (No-Till),549,,,,,,,False,2062.2147353999744,4429.908334103682,356.67835532065544,49.85593206601979,7.891372868957163
4,329,Residue Management (No-Till),470,,,,,,,True,738.0291723620453,200.10603381453458,5.0531903405015735,13.109550435134002,0.6769074602472818
4,590,Nutrient Management,659,,,,,,,False,173.90894217694645,53.57784773516875,15.429878746325237,1.2558414994019613,0.3011063671570125
4,590,Nutrient Management,1125,,,,,,,False,1.7903371026953248,2.7379467335239878,0.9047764846208478,0.02686652738165709,0.00668991809541191
4,329,Residue Management (No-Till),1448,,,,,,,False,552.0258282165377,742.863080992965,49.12287997807114,121.6443877450124,22.504260555923125
4,590,Nutrient Management,2633,,,,,,,False,628.6022423932185,308.88561390463286,129.39860634403743,25.719896799553922,7.256792140686976
4,329,Residue Management (No-Till),2507,,,,,,,False,867.4334463989048,891.3709275212374,88.70841800501893,4.412894477305715,0.764693176294083
4,329,Residue Management (No-Till),1409,,,,,,,False,569.5005689575042,636.889158059915,71.84196671776064,7.8394411355031135,1.1259524361504736
4,590,Nutrient Management,1866,,,,,,,True,1546.2175919078152,24.1565695119,2.2629672960748235,14.818520992791594,0.8953497358168317
4,329,Residue Management (No-Till),309,,,,,,,False,2612.335938380995,430.70618426915394,20.40658071856876,243.84008803800404,35.90409831564888
4,590,Nutrient Management,1214,,,,,,,False,2055.286101417996,1276.3688922198908,441.20688795610874,15.685934133946589,4.4215143476172125
4,340,Cover Crop,1203,,,,,,,False,291.76640533162305,16.21244080526973,5.94784573634121,13.640039512526778,2.8525878509503135
4,329,Residue Management (No-Till),2478,,,,,,,False,2188.4827291968877,1234.7186577125697,144.0989210636131,52.790043259328144,11.018790113899811
4,329,Residue Management (No-Till),1354,,,,,,,False,572.84899529233,483.8786199871402,36.590449701311854,56.60303054289398,13.142387195029318
4,590,Nutrient Management,1076,,,,,,,True,5624.888771412071,2376.0032157942155,190.49377088241718,11.110521517659317,0.8442763201553964
4,590,Nutrient Management,657,,,,,,,True,2742.659957615739,822.8751432969877,75.5628308680354,10.146678029735172,0.7018170167758276
4,590,Nutrient Management,1935,,,,,,,False,2029.366030902864,746.0174428862227,322.7799949074517,71.5953560293804,19.961402391838913
4,329,Residue Management (No-Till),1691,,,,,,,False,1286.2684739054932,2992.4739234381877,193.8995552687599,20.60254823495674,3.7179340393381577
4,329,Residue Management (No-Till),1368,,,,,,,True,1201.6668333019147,1874.2437989006485,50.11694701508201,33.13251329001274,1.6004668180369168
4,329,Residue Management (No-Till),2510,,,,,,,False,876.0130003381335,664.9937006728485,32.04840510847211,27.306957669224605,5.209613680223567
4,340,Cover Crop,1937,,,,,,,True,2098.283515162648,859.6886625929955,66.96007789090542,8.44530428471852,0.5828917011253267
4,329,Residue Management (No-Till),2098,,,,,,,False,1097.4182235064093,430.43862057683225,51.33040045510905,99.6743446762831,18.33880912115372
4,340,Cover Crop,259,,,,,,,False,5106.592500815281,358.41873675646787,103.24561474456245,119.55770943413313,24.87419227320108
4,329,Residue Management (No-Till),1369,,,,,,,False,989.9768405281832,3058.541920885529,254.91088852715848,24.914303843008323,4.346762238922518
4,590,Nutrient Management,1421,,,,,,,False,240.00450953230094,40.71754400184104,12.219461023254036,12.82734834190421,2.6247824291359705
4,590,Nutrient Management,1480,,,,,,,False,1997.6051593047587,115.01938921988209,32.25957241417762,30.048138069862432,5.757319002571966
4,329,Residue Management (No-Till),1401,,,,,,,False,493.7821646745052,419.24816775972243,44.385474430062104,36.68232430779907,4.115057498556221
4,329,Residue Management (No-Till),2342,,,,,,,False,566.9816170859142,1350.8638306349212,51.14718277548512,9.50159198034149,1.387109815164304
4,329,Residue Management (No-Till),1640,,,,,,,True,1976.0446181955958,3649.807519784497,84.57907736501029,35.99684197634229,1.6283559962736853
4,590,Nutrient Management,2343,,,,,,,False,3029.4838584166127,427.21224084801855,158.8137361454272,13.407388399191067,4.1525262639633125
4,329,Residue Management (No-Till),1430,,,,,,,False,948.2272590437016,331.65323644581434,26.11109993339218,132.66167124680356,19.162422055822148
4,329,Residue Management (No-Till),1120,,,,,,,False,143.35681365374165,424.1868386940165,44.543339168610636,8.740244910151256,1.2378531961991472
4,590,Nutrient Management,1274,,,,,,,False,1940.5880377636865,936.7688474141386,264.64679154633154,67.91727445404413,16.890769993856182
4,329,Residue Management (No-Till),1072,,,,,,,False,1114.1615990182445,738.7725032484472,53.27944310104139,113.19417273958476,29.30967247599609
4,590,Nutrient Management,1390,,,,,,,True,731.5890322824821,116.00539274964291,11.721553485589935,5.269949272631496,0.3910345362846601
4,340,Cover Crop,839,,,,,,,False,786.1326417773656,549.3826602218803,243.85792831351426,1.2286590469959418,0.23580040658153464
4,329,Residue Management (No-Till),474,,,,,,,True,4405.153693394684,1548.779650442842,40.04387358936404,311.36569132702164,14.222327442731014
4,329,Residue Management (No-Till),1659,,,,,,,False,606.3334473925205,391.68870436393894,31.854666566418274,27.80580635006705,5.806871110098901
4,590,Nutrient Management,89,,,,,,,False,1925.356829030314,1501.3897245900391,543.2198577256503,48.20531988737726,12.000502087877248
4,329,Residue Management (No-Till),1450,,,,,,,False,156.5746834895804,131.01537678444214,8.990584773076648,20.2407913687365,3.3850698250546607
4,340,Cover Crop,382,,,,,,,False,1383.3247667866701,920.9150245294242,327.4391943998736,12.072621200457158,1.6025930656174003
4,329,Residue Management (No-Till),464,,,,,,,True,417.3010667256414,185.58879367223383,4.478436597614027,62.34913735999613,2.6389357898732206
4,340,Cover Crop,338,,,,,,,False,2770.1344171601713,1156.6641815458102,428.57086916777126,12.450003768493145,2.1910773571995015
4,340,Cover Crop,1341,,,,,,,False,2406.13391020606,10.610732338794904,3.5311459352573435,22.15907169212493,3.0535371407312675
4,329,Residue Management (No-Till),1445,,,,,,,True,1262.2144680833037,1332.9544888792198,31.391946079957293,7.890198623307597,0.31968628202243576
4,329,Residue Management (No-Till),2395,,,,,,,False,1326.3978932101313,741.4143099174712,63.34090759328452,16.873319790267015,2.222784038627334
4,590,Nutrient Management,2179,,,,,,,False,930.4656069011013,224.84990572363623,78.90649568695349,37.08874407279457,10.22620796671904
4,340,Cover Crop,1775,,,,,,,False,1575.3734496879053,571.7191355595868,255.1461295175527,34.290517585254875,8.064830724846383
4,340,Cover Crop,1321,,,,,,,False,8348.09223780472,718.0215740406085,214.8472949050754,54.077204863529076,5.7504457853923645
4,340,Cover Crop,2571,,,,,,,False,3325.0371870692034,407.15888240432565,131.69964537426077,109.98597177611407,17.68553613699904
4,340,Cover Crop,663,,,,,,,True,4190.109759712155,488.5174431977193,40.51984594096262,70.6270687405414,4.637980727674149
4,329,Residue Management (No-Till),2572,,,,,,,False,511.65755007551513,748.1650274676288,54.61699664605671,10.24197403086772,2.224368849225502
4,329,Residue Management (No-Till),1663,,,,,,,False,747.6629161757597,1981.0284266254168,186.7007999747864,18.94396421191463,4.687965350935408
4,340,Cover Crop,961,,,,,,,False,1356.4538409357822,245.77327326446382,68.3647937418111,3.154344450538719,0.6282649524493304
4,329,Residue Management (No-Till),1865,,,,,,,False,166.57655432957057,308.8970617854566,27.090471038814023,12.854968050245475,3.042821293325743
4,656,Constructed Wetland,2338,,,,,2.764542617998317,5.076642337334209,False,448006.1489547274,2222.190073747197,632.8502479221623,52.16669307896738,15.523923419108486
4,329,Residue Management (No-Till),194,,,,,,,False,1240.876475900455,1198.8743238929835,123.70932149888932,44.16245152834662,5.814017539341211
4,329,Residue Management (No-Till),2412,,,,,,,True,281.01787536141455,278.98762935544806,7.0299641677137625,9.132068745373301,0.4613698493120059
4,590,Nutrient Management,1108,,,,,,,False,92.40187183125637,60.7291505868408,23.9941463563768,2.8059426761622723,0.7290480554862173
4,329,Residue Management (No-Till),1065,,,,,,,False,363.29692879161695,202.4298385377323,14.456936735426996,4.308927144321655,0.892006964624798
4,329,Residue Management (No-Till),2348,,,,,,,False,370.6733178011735,76.45412833760244,7.942932506564179,153.1351273824723,21.658442177193468
4,590,Nutrient Management,1595,,,,,,,False,2383.6642252025285,261.55615515763554,73.70539506203212,42.390636580058434,11.646448063389629
4,329,Residue Management (No-Till),609,,,,,,,False,260.96217255856294,484.7878871427009,59.33242155604561,2.3708194320039166,0.5218549449842014
4,590,Nutrient Management,275,,,,,,,False,2117.431141750304,1944.065827892052,688.6523776902122,41.1184510833956,10.363807542868232
4,340,Cover Crop,2508,,,,,,,False,1266.5338765086362,292.55405384019537,129.39130194340416,6.7474761353290145,1.132948919886822
4,329,Residue Management (No-Till),14,,,,,,,False,2773.325306971129,1424.001219819647,69.03369409929978,26.82377014868707,5.796014097237508
4,329,Residue Management (No-Till),942,,,,,,,False,682.2182369272825,413.66521849877347,33.12443024268438,31.000800222388403,5.119342146687714
4,329,Residue Management (No-Till),1899,,,,,,,False,178.07268655802022,9.16222196577162,0.7777800772979161,4.4150984339439,0.9127670412660155
4,329,Residue Management (No-Till),1999,,,,,,,False,635.798216027001,2073.3760596548673,178.32216227809155,71.17792171278926,8.841229031150089
4,329,Residue Management (No-Till),591,,,,,,,False,527.9633584610538,263.7089696725118,30.60881076084562,15.585192040322221,2.6137864759084932
4,590,Nutrient Management,53,,,,,,,False,1043.9419121253966,98.80457290917064,32.23348997333911,57.07869440047164,18.148717459776613
4,340,Cover Crop,1010,,,,,,,True,1313.5795675552793,874.5764723288438,72.32352414666708,2.9117884232128537,0.1511925815487411
4,329,Residue Management (No-Till),2071,,,,,,,False,147.24493398755698,106.61426660155229,10.423999176875252,5.282600346932546,0.8938578801575024
4,590,Nutrient Management,1544,,,,,,,False,991.6321549989387,280.1414333288514,99.43733072684127,21.56142859184589,6.947868132528645
4,590,Nutrient Management,1679,,,,,,,False,2153.989726573421,787.9161492597239,297.32459040909094,14.070766808330516,4.81155847354911
4,340,Cover Crop,1109,,,,,,,False,869.2871885230735,57.5914954036078,15.720285682020007,75.47046627222906,11.557070685151876
4,590,Nutrient Management,487,,,,,,,True,1096.8510947877248,244.7729071877132,20.85322075477924,9.703252870888955,0.7115492116526012
4,329,Residue Management (No-Till),2327,,,,,,,True,590.270922269933,2736.1360072391153,41.37781185059079,10.851180782936197,0.5412724871738753
4,590,Nutrient Management,1146,,,,,,,False,3122.771359486335,822.1213278933612,281.26819615761127,16.395949008123864,4.163863626259558
4,590,Nutrient Management,1380,,,,,,,False,701.1867352254068,54.528260306227985,20.078578181957823,0.15979822193347074,0.036246230079741225
4,590,Nutrient Management,677,,,,,,,False,584.9432860458592,290.5483581830752,87.21580422141646,24.776854017776646,7.971157602258255
4,329,Residue Management (No-Till),2527,,,,,,,False,1248.6992133236674,1635.6773337275854,189.75131495265447,2.7680863507522915,0.6126703967415561
4,329,Residue Management (No-Till),2389,,,,,,,False,500.1104656448693,142.00944123446118,13.539814971796643,37.34251134356952,6.730488460545287
4,590,Nutrient Management,29,,,,,,,False,4320.73270812956,4427.389417959538,1892.3334719217446,49.661071750664284,12.814158652516545
4,329,Residue Management (No-Till),2230,,,,,,,False,802.7232852494035,594.672910110929,35.91088085079357,142.16490398452532,25.088668815049157
4,340,Cover Crop,1763,,,,,,,False,2032.9514163975825,283.1411100497065,133.58939849087128,61.87643973852135,6.341092012335729
4,340,Cover Crop,453,,,,,,,False,14536.83984653101,5008.2578169153985,1832.0914069362382,197.78775997236616,32.216952741604736
4,329,Residue Management (No-Till),968,,,,,,,False,339.7530696139701,350.78979032712124,24.927728777674194,6.985469288716277,1.248294219189714
4,656,Constructed Wetland,1641,,,,,0.7026118478873378,2.1117269279368274,True,55674.32943700583,228.08504308791646,16.563401703430504,0.6242775705607418,0.03889474738572588
4,329,Residue Management (No-Till),2159,,,,,,,False,300.37685218912907,720.737171413444,99.33057620828106,0.3383866318587852,0.06385788649611758
4,340,Cover Crop,1278,,,,,,,True,7682.571821129844,1691.293883642959,154.194478387976,44.51644326066959,1.6866001628564313
4,590,Nutrient Management,1665,,,,,,,False,800.3503193739874,111.07341508463381,40.55417315503403,177.28501923404585,49.10039298644063
4,590,Nutrient Management,2181,,,,,,,False,1559.818187415379,80.8346518810213,35.76439923844204,61.8756053906717,15.993532530963968
4,340,Cover Crop,1839,,,,,,,True,1105.914178155973,84.59143770594352,6.720728565430257,9.248593372150646,0.4454969952225274
4,590,Nutrient Management,25,,,,,,,False,1049.0352499036603,643.8609901959427,253.71698773256958,12.008383152451582,3.601360073577742
4,340,Cover Crop,2296,,,,,,,False,1507.8389107805212,71.27623487166055,28.704862064554888,10.434338599797886,1.766269728797037
4,590,Nutrient Management,1787,,,,,,,False,319.3792807883396,160.8613434590829,45.39054874304361,17.433401711366116,4.756979109909762
4,340,Cover Crop,1808,,,,,,,False,1218.401973226926,229.99456032429228,88.30972701708232,25.549721108738993,5.485463470763085
4,329,Residue Management (No-Till),198,,,,,,,False,374.941677678795,41.647997543232634,5.420175316449041,167.21280886467608,29.93278453674171
4,340,Cover Crop,197,,,,,,,False,2327.7517714966016,1863.962310780117,615.2190971256241,3.4905010394499483,0.4083350615040229
4,329,Residue Management (No-Till),1569,,,,,,,False,444.09774503023664,222.28971473306467,21.2090151560794,9.697331521529298,1.724477135322671
4,329,Residue Management (No-Till),1795,,,,,,,False,356.98579788803244,612.1505918021464,44.19511957155514,19.158387979878057,2.435259085641332
4,340,Cover Crop,1151,,,,,,,False,1285.6954243719754,378.6082050733049,108.76602166935815,7.6721395450719045,1.4278180267787035
4,340,Cover Crop,578,,,,,,,False,1138.89287617294,343.7008230468425,142.40193298313363,109.8614916961996,25.14576882011992
4,329,Residue Management (No-Till),849,,,,,,,False,680.6220421932761,151.802724147345,7.233015150916841,33.64024864717129,5.886850462136039
4,329,Residue Management (No-Till),88,,,,,,,False,2054.896778731413,495.2595948105523,54.93633421572017,45.98766329428389,6.162234808912121
4,590,Nutrient Management,1574,,,,,,,False,5614.271463579276,1173.4888019651876,395.0873683027403,203.0075060472229,45.465645849031986
4,329,Residue Management (No-Till),764,,,,,,,False,89.7080700369871,67.2550166633388,7.060903776641679,13.527923368644466,2.688148412565769
4,340,Cover Crop,2283,,,,,,,False,2427.326770149228,614.5659110866391,233.66218945144064,64.05940507006845,13.777487944952567
4,590,Nutrient Management,67,,,,,,,False,281.76400813329434,31.832457632004576,12.41848856169176,16.780477763493728,4.1531353377228335
4,590,Nutrient Management,2449,,,,,,,True,1228.0963531292778,199.9592559308822,18.815316368273173,39.325418847298785,2.687931495283225
4,329,Residue Management (No-Till),326,,,,,,,False,3415.0446436618813,2212.880456767254,142.48066274502614,81.81553527391256,14.124937360392172
4,590,Nutrient Management,352,,,,,,,False,2547.235657957143,617.3363754261454,200.4458366071763,53.69800988018402,15.251505506475043
4,656,Constructed Wetland,988,,,,,2.1620944190573503,2.011290159014289,False,318607.58374549495,107.41045088337313,30.404289844841376,14.102172490637845,4.047456262443379
4,329,Residue Management (No-Till),1452,,,,,,,False,491.1046109657623,452.0752225020107,36.45281585138083,21.307515245982845,5.174058452566965
4,590,Nutrient Management,2427,,,,,,,True,450.8723439881013,82.02395198246411,8.607206770363133,3.026385235974419,0.22488496291794174
4,329,Residue Management (No-Till),1924,,,,,,,False,521.0932092276558,467.13607111325103,28.51225093529397,26.351227886252936,5.341007097478225
4,340,Cover Crop,748,,,,,,,False,3397.39762797546,561.428421500787,183.00583729519963,31.191436416975947,7.217717960217202
4,329,Residue Management (No-Till),1838,,,,,,,False,236.1048879777642,138.48974292152238,15.034226578894181,15.982685274559291,2.9022218435573426
4,340,Cover Crop,845,,,,,,,False,2372.9215938949487,622.4889114650504,254.49076471334496,129.31312040970678,20.273801590241984
4,329,Residue Management (No-Till),330,,,,,,,False,1003.2029940322121,273.7757713611935,22.136540804022413,50.15889930068423,11.81008762774324
4,590,Nutrient Management,2506,,,,,,,False,1809.8998043800962,675.9469912003179,271.3027810630337,45.91249318193312,14.049529251838194
4,340,Cover Crop,54,,,,,,,False,3186.064119384346,374.6258548315579,139.79947290730198,48.99589093117905,9.493500724053105
4,590,Nutrient Management,1694,,,,,,,False,349.3569234926175,424.30614504181193,166.8604679997628,2.5596199301039326,0.6728049346451858
4,329,Residue Management (No-Till),2416,,,,,,,False,262.5526174050699,784.704222602783,53.893754708060285,1.3903786117391228,0.23341779480555208
4,590,Nutrient Management,947,,,,,,,True,1332.2779644349437,295.61773002606583,30.935855430958238,5.433216717809378,0.5248199672979016
4,590,Nutrient Management,2623,,,,,,,True,1950.7066375654153,297.7129206020787,27.268373049220994,94.36435425920263,7.139194006633726
4,329,Residue Management (No-Till),707,,,,,,,True,716.5652349499619,286.5526904116672,4.8253583008238525,43.94720140036742,1.234204245756679
4,329,Residue Management (No-Till),1179,,,,,,,False,1344.349730525385,338.2783888211093,25.4929038360045,64.58294076780489,8.6107025884221
4,329,Residue Management (No-Till),2640,,,,,,,True,515.5872557400922,363.7104510462219,4.434784121824677,43.76015067541128,1.734636783278799
4,590,Nutrient Management,2319,,,,,,,False,666.3114185088525,333.8529844306643,133.47720234479658,1.5780729987853124,0.45745008022675054
4,329,Residue Management (No-Till),766,,,,,,,True,188.2900023933318,130.88936020157277,2.755446874925798,34.967113537320316,1.5631384227140497
4,329,Residue Management (No-Till),1631,,,,,,,False,231.75489977928515,157.00921071741186,9.43954265377073,13.182502241435953,1.981063700927046
4,329,Residue Management (No-Till),1098,,,,,,,False,160.18130323903586,388.8923413596422,19.284965531851174,3.11689605163739,0.5452897507063502
4,329,Residue Management (No-Till),476,,,,,,,True,865.8301306475051,234.92478797356756,6.938917212377149,43.14860448350404,2.0902152348708185
4,329,Residue Management (No-Till),1377,,,,,,,False,442.2855943031944,221.59729306641725,26.717264851671057,13.184617807840791,2.411267934292755
4,590,Nutrient Management,2210,,,,,,,False,3763.985812063725,623.144668583632,185.5772148276698,93.64960559122584,27.435826946274847
4,329,Residue Management (No-Till),2431,,,,,,,True,355.3134596083805,452.57503996080743,14.10721681238171,67.21801467029182,3.466038810215922
4,329,Residue Management (No-Till),2181,,,,,,,False,957.8382188353042,45.07025264257926,3.6600293898692655,45.88207285970773,9.136069437426432
4,329,Residue Management (No-Till),53,,,,,,,False,460.3189871133452,66.57108293583154,3.761271620229478,38.92997694069503,5.688431410821038
4,329,Residue Management (No-Till),577,,,,,,,False,1211.2590512564059,223.34146736148037,10.108129472247967,46.3176086447068,8.708600062093565
4,329,Residue Management (No-Till),1897,,,,,,,True,688.5055579902161,621.5713649625364,19.08630633967791,73.70213161566515,3.4260717368184026
4,340,Cover Crop,921,,,,,,,False,2496.2699982195336,339.0580038534955,99.78092263896599,16.050015582593733,2.423861084520561
4,590,Nutrient Management,922,,,,,,,False,1854.5275636043868,451.5725556413054,155.64564661065637,21.02078471403575,4.984310446964658
4,329,Residue Management (No-Till),935,,,,,,,False,741.4990546796263,849.4981786047799,87.3038082067977,48.714439157410844,8.8761105883503
4,340,Cover Crop,1433,,,,,,,True,602.3618283015276,144.8497988496421,12.828131247787791,0.44910726748119406,0.020805349423370995
4,329,Residue Management (No-Till),2427,,,,,,,False,243.66055945769,73.41674521210098,8.264518132375008,2.801500273056477,0.5773356999056048
4,590,Nutrient Management,1841,,,,,,,False,200.72121025412437,116.18164637383597,42.63759511263874,30.324891675795904,5.509807358329794
4,329,Residue Management (No-Till),2600,,,,,,,False,535.9492755069717,391.94419654232985,47.49356829593517,30.913823810513414,5.741888216263433
4,340,Cover Crop,16,,,,,,,False,1205.7945931646502,673.2065765924912,266.99766636842514,6.615380973039457,1.0414712525772525
4,329,Residue Management (No-Till),832,,,,,,,False,1706.5271067950112,1870.700010007964,179.42742128573505,16.16468374904793,3.3589206302036403
4,329,Residue Management (No-Till),2495,,,,,,,False,415.5715763239987,287.35457611363313,23.87161694401617,65.86936307664536,9.363200737431331
4,590,Nutrient Management,2478,,,,,,,False,1512.2431686990415,1090.6197366489566,443.22773185564995,41.77125314542833,10.904259756064302
4,329,Residue Management (No-Till),2345,,,,,,,False,543.6732240027621,104.01356972550423,6.4072723892701005,25.352522734354576,5.720358862316143
4,329,Residue Management (No-Till),2660,,,,,,,False,399.420741626696,337.7641258850586,31.948331136479233,4.254044347078312,0.6709753837043045
4,329,Residue Management (No-Till),343,,,,,,,False,480.34159246723686,192.12181280344004,12.246445221780569,4.915330758434124,0.8564958454468112
4,590,Nutrient Management,2577,,,,,,,False,392.9807245803707,343.1428030752391,121.01809135570697,9.862658775707464,3.0408011324775823
4,329,Residue Management (No-Till),2358,,,,,,,False,826.4039034219188,233.78089627489092,16.407404933395465,39.50929239088304,9.214246139577504
4,340,Cover Crop,1000,,,,,,,False,866.2868542029005,383.88034927768047,143.846410334602,12.815983090199708,3.0917043963261035
4,329,Residue Management (No-Till),1852,,,,,,,False,196.0751241235486,582.0685335750364,36.714439711639905,11.734472672472222,1.8934680855051558
4,329,Residue Management (No-Till),784,,,,,,,False,883.2666791116117,1876.988846481437,164.59806746765074,18.705723018752664,4.2419324534881
4,329,Residue Management (No-Till),317,,,,,,,False,412.1239618021966,451.6125871695416,30.22915395891581,9.467595180667798,1.2714280754290832
4,329,Residue Management (No-Till),2271,,,,,,,True,819.2661257785443,369.3528712401295,10.870336412381914,79.47664208410646,4.369606710232346
4,329,Residue Management (No-Till),1732,,,,,,,False,768.0057953419404,497.04909393446496,33.03215368211224,112.05338909012751,20.823152991886634
4,329,Residue Management (No-Till),1616,,,,,,,True,4680.931356996936,3877.6942334651985,103.64917007261487,157.05031895569581,5.416831174052169
4,590,Nutrient Management,1644,,,,,,,False,152.59204925460156,83.21075115159267,27.04529071496957,20.32202053382835,6.483255280533296
4,590,Nutrient Management,270,,,,,,,False,779.8960780164817,294.39106513946166,131.96240355670392,13.189472785688613,2.723093826915949
4,590,Nutrient Management,1017,,,,,,,False,55.1280620471541,9.570081274668953,3.907993223669669,3.0938862083852827,0.8708634228736697
4,329,Residue Management (No-Till),1092,,,,,,,True,1120.8419557277248,1085.8753167060897,26.213719621931016,42.58984562869772,2.0122964381651602
4,590,Nutrient Management,1711,,,,,,,True,998.3816558568257,152.31176907168282,12.796049944210134,8.626293965316437,0.5021777422587418
4,590,Nutrient Management,864,,,,,,,True,112.75463083602385,76.67408753603311,7.79964051954077,5.483731702069069,0.38038745337368923
4,329,Residue Management (No-Till),21,,,,,,,True,184.58317928169367,73.8466766147691,1.2673654271486905,0.012256186692403997,0.0005084960205747167
4,329,Residue Management (No-Till),533,,,,,,,False,776.2921297566404,413.9645884933434,39.31538678274674,10.904562998942518,1.9284988426669514
4,329,Residue Management (No-Till),2142,,,,,,,False,367.376976947835,547.5506151215262,62.94213624078124,41.37173697012098,8.3397815342421
4,329,Residue Management (No-Till),505,,,,,,,False,1477.572029033197,1119.7713753756016,79.05129408706178,172.98697191232532,21.19609031004327
4,329,Residue Management (No-Till),323,,,,,,,True,230.29846211961254,1008.7396817698834,21.86398696042754,19.755732813896387,1.043816190994077
4,329,Residue Management (No-Till),2332,,,,,,,False,219.36611933726996,230.96922940290926,19.21410483981622,37.01068813520229,7.966844347418874
4,329,Residue Management (No-Till),2315,,,,,,,False,639.5000953036858,345.59243081196723,26.822419236838343,76.98810323638071,12.769885997883424
4,329,Residue Management (No-Till),36,,,,,,,False,5.675241025473127,2.1754379418987426,0.1733083873000031,0.07199583576150456,0.011726964237769318
4,329,Residue Management (No-Till),461,,,,,,,True,1601.9848682382647,230.64305663915974,4.357205150042703,2.892616867945932,0.13668273405132053
4,340,Cover Crop,2095,,,,,,,True,2365.684642743538,272.1955509646515,23.137814061947207,20.076486466423027,1.095493930838525
4,329,Residue Management (No-Till),313,,,,,,,False,3673.6379868343306,707.358191081743,58.77691296356058,1412.8833921018654,181.24661145295974
4,329,Residue Management (No-Till),196,,,,,,,True,1321.6869949733941,3261.8651394604326,54.342214873698104,36.2304727762425,1.5108692383761777
4,590,Nutrient Management,591,,,,,,,False,1360.5197313531874,233.10015891166614,82.60632657066732,12.971405564413727,2.940025370618438
4,329,Residue Management (No-Till),1112,,,,,,,False,2392.006490350838,7433.6064629943485,795.8814779957321,61.18013929610154,11.393268376569258
4,590,Nutrient Management,951,,,,,,,False,285.71362118549473,99.578877350041,41.55125439589453,23.817030371952505,5.616778360475986
4,329,Residue Management (No-Till),422,,,,,,,False,413.92146586871553,241.48624575140175,24.838714039310126,2.866926774438458,0.555360880559954
4,329,Residue Management (No-Till),739,,,,,,,False,914.1321085615224,769.2834576580688,63.18718836719485,25.830295649451944,4.414819035180195
4,329,Residue Management (No-Till),1951,,,,,,,False,832.0379098989249,362.82232098038037,32.15133329107078,64.90761614839053,10.246374428474699
4,340,Cover Crop,1934,,,,,,,False,2993.0855925924984,2394.7624759002865,890.7226676791078,309.4297299986639,48.21671647098254
4,590,Nutrient Management,2500,,,,,,,False,1058.3971651893992,381.7983142017725,127.54758760479199,12.577689788834817,3.6384253943116645
4,590,Nutrient Management,1093,,,,,,,True,1239.488328248506,330.3773647188029,35.076083703784086,156.02131051280406,8.906163486295775
4,590,Nutrient Management,1548,,,,,,,False,837.3141891560327,675.1751237793604,227.67531536898628,35.17243894698246,9.175445400511679
4,590,Nutrient Management,2202,,,,,,,False,3957.656915846575,876.1339825538711,305.5002603260228,105.17573346324079,24.232926905515285
4,329,Residue Management (No-Till),1236,,,,,,,False,479.2258848816836,165.163953462188,14.102191916926492,22.35567395098915,5.255461623527199
4,329,Residue Management (No-Till),355,,,,,,,False,521.8549064477619,255.3240853728155,20.398421677767157,125.9494917056888,25.424401596279512
4,590,Nutrient Management,2529,,,,,,,False,4272.371836667625,849.1198550362781,284.3529343493245,24.211998594690005,6.253389083452308
4,329,Residue Management (No-Till),1094,,,,,,,False,610.3696446853634,125.37491728620675,10.024629072987876,28.834168729161302,4.407335019687288
4,340,Cover Crop,746,,,,,,,False,4367.708127367592,496.8027354310853,198.0734804381069,27.827808471742042,5.363089153391715
4,590,Nutrient Management,705,,,,,,,False,457.1214614144772,123.1175585851555,38.572770009529606,53.30076027396868,12.310203467342905
4,329,Residue Management (No-Till),1536,,,,,,,False,956.6876615177179,287.0133383417807,14.20553876621227,44.554005455928575,10.825142602686856
4,590,Nutrient Management,250,,,,,,,False,1543.4756589187073,123.90219975234153,42.058803941758754,107.26173232442146,33.19262694346465
4,329,Residue Management (No-Till),803,,,,,,,False,367.2592812571698,285.5761894734888,26.783247816495916,4.783989764701395,0.9266245977408976
4,329,Residue Management (No-Till),1914,,,,,,,False,388.55532929365535,155.90693496705583,8.938243273147997,62.083696421715416,11.30757862926973
4,590,Nutrient Management,926,,,,,,,False,379.27516060820153,1354.076506122809,423.73728494769216,2.893760872904523,0.895151513366605
4,329,Residue Management (No-Till),689,,,,,,,False,186.72198324144887,77.29010516550906,7.221115836984573,7.32359717537721,1.2670509763717956
4,340,Cover Crop,1338,,,,,,,True,1506.7158582986342,122.35927601693696,12.333737434523405,4.020804729348288,0.16268644806148763
4,340,Cover Crop,665,,,,,,,False,416.35749598232826,49.18443493632729,21.065193861251174,56.92727450643235,12.67375306791268
4,329,Residue Management (No-Till),667,,,,,,,False,874.3002948393743,457.56407425486395,29.317516202128154,123.72455522035976,14.93497407962095
4,340,Cover Crop,1023,,,,,,,False,1511.420003353313,325.7135987350612,113.0219039044857,73.73341517188469,16.932284351105658
4,329,Residue Management (No-Till),996,,,,,,,False,2223.9387654705824,1250.391032784024,85.14442523594445,127.67872897611792,22.3213791679278
4,590,Nutrient Management,326,,,,,,,False,7205.612156538892,2070.399794022228,782.8392200432445,67.69059791352038,20.23302694624778
4,329,Residue Management (No-Till),1548,,,,,,,False,835.2171423019905,447.4998084103742,48.3033688283019,25.99699354647078,5.219327958600417
4,590,Nutrient Management,1331,,,,,,,False,288.57688077729756,79.65052683738897,29.869411350254076,4.801064262929306,1.2142451832939696
4,590,Nutrient Management,2507,,,,,,,False,2582.494321721164,802.6625095162185,316.51426420394176,3.648201301011632,1.0007188788803183
4,590,Nutrient Management,1135,,,,,,,True,532.6054557884316,135.30083069927062,13.03876088992972,9.696716565232302,0.7148520391801425
4,340,Cover Crop,1195,,,,,,,True,2229.50008675264,228.40828965378532,21.699959797500476,95.91265636670681,5.693875483196413
4,590,Nutrient Management,2368,,,,,,,False,2248.6061625705534,357.2081383840201,149.70552265362204,174.3004716411307,42.583600555663814
4,340,Cover Crop,1437,,,,,,,False,8498.91529661079,1313.764718581838,533.8326552031374,156.71797365381178,31.955894579762823
4,329,Residue Management (No-Till),989,,,,,,,False,1146.5092505045,617.8738178859168,59.183839883790846,7.727807659890809,1.7578783929081856
4,329,Residue Management (No-Till),2292,,,,,,,False,788.0497753390896,430.5098500790386,43.078136484656795,46.99111786382937,9.088207385094206
4,329,Residue Management (No-Till),834,,,,,,,True,306.3250111588995,182.48365428495032,5.300630109556692,20.4303169486821,0.660778872523866
4,329,Residue Management (No-Till),1626,,,,,,,True,1014.9979183054301,865.732001959677,19.05852194668535,32.68173769041944,1.3595490383171742
4,329,Residue Management (No-Till),1275,,,,,,,True,365.3890774605398,297.0940805064507,5.4023973019457285,6.42994292235682,0.20867685158067065
4,656,Constructed Wetland,1867,"1867,1873",,,,0.7510891038997716,1.4407573865858967,False,21007.576718809498,80.75400738446012,24.0049567870909,1.8457260145302619,0.5277496970789075
4,340,Cover Crop,562,,,,,,,True,2110.6695530303155,1102.2943357340669,70.77472930732107,31.75509215187873,1.003036478986235
4,329,Residue Management (No-Till),2472,,,,,,,True,1115.834983937107,1239.6680842136866,20.877561834668665,86.2301422920701,2.902073801438391
4,329,Residue Management (No-Till),177,,,,,,,False,1062.7442549736675,672.8784195422094,56.61410038534015,32.51468844113844,5.624111997651057
4,590,Nutrient Management,1423,,,,,,,False,216.36692873796932,58.610879616487004,20.36920750141205,25.33373438819545,7.509042752100813
4,590,Nutrient Management,1258,,,,,,,False,1752.783548877695,1342.081063033089,357.42956077927136,20.411328823931544,5.200561657473874
4,329,Residue Management (No-Till),1825,,,,,,,False,1093.6942772349223,764.5596449604952,77.70243425129232,15.459230590305815,3.4273249208469196
4,329,Residue Management (No-Till),2636,,,,,,,False,610.2850807805316,261.5841730278425,30.96259514252566,66.73815828082567,12.967647736665375
4,340,Cover Crop,2157,,,,,,,False,1281.0820492201053,118.55101560146274,47.577247112021865,5.57450639410998,1.2865291630570197
4,329,Residue Management (No-Till),2458,,,,,,,True,328.0627957199939,251.15319254739364,6.057375323348921,9.60832938074574,0.3612236319379977
4,329,Residue Management (No-Till),11,,,,,,,False,131.96976830350647,428.71647376057547,19.24297869642957,10.576797461389596,2.0903809302419116
4,329,Residue Management (No-Till),2616,,,,,,,True,340.9335725048508,251.41957632840865,5.5798637610895065,16.609531408898665,0.749098526808655
4,590,Nutrient Management,2127,,,,,,,False,913.192109104381,110.2357601208179,36.84163500693988,25.153428679210432,5.320678778244389
4,590,Nutrient Management,1319,,,,,,,False,361.0105874529856,14.471447639950059,5.491348772637783,54.77785436516107,16.56397993789981
4,340,Cover Crop,1738,,,,,,,True,1516.9714123039182,26.836353312388184,3.0442684802371303,181.76393175035378,9.512458144756492
4,329,Residue Management (No-Till),380,,,,,,,False,1302.0097470315952,1299.1720511077078,132.79888961893894,36.46820620432111,8.275958275812641
4,329,Residue Management (No-Till),1310,,,,,,,False,284.2129452725714,130.90337276099578,14.991266850707582,137.44019545766852,22.91280652391511
4,590,Nutrient Management,2436,,,,,,,False,760.4340767890831,422.6134861337703,140.96375491311014,105.5990420887962,33.63865153583743
4,329,Residue Management (No-Till),1108,,,,,,,True,113.26961971965632,36.735004230464,1.063470188264301,2.076894620676055,0.08023276320395498
4,590,Nutrient Management,1424,,,,,,,False,2448.5748611023364,197.56980098973128,82.88822993495084,0.8309471271871299,0.253102377899089
4,590,Nutrient Management,1091,,,,,,,False,435.4961990291027,296.71141670748534,76.75519757083354,63.42684434006133,18.841158530573715
4,329,Residue Management (No-Till),2267,,,,,,,False,350.12252405055557,454.261213047309,35.5241154162586,9.64818349687551,2.0206142281947197
4,590,Nutrient Management,41,,,,,,,False,448.37797095627076,442.77182664099564,133.5379294253629,15.283051809983261,3.7488525065104152
4,590,Nutrient Management,991,,,,,,,False,2246.790146606462,76.68044744780325,26.147082075301796,46.668998423470796,12.105489386152112
4,329,Residue Management (No-Till),434,,,,,,,False,854.6235160972432,3.3299994864883242,0.27060361018738566,10.078420912468134,1.8712025206202614
4,590,Nutrient Management,1103,,,,,,,False,686.0163565500621,76.14523743392606,31.07768986561134,3.7114309278762034,0.8323366673597865
4,590,Nutrient Management,1461,,,,,,,False,716.5247289821186,1507.837256446766,512.7164498307155,48.15189418292284,11.54578246407614
4,340,Cover Crop,2244,,,,,,,False,1013.569137424232,118.37712699172471,42.52131314630185,7.597791688537829,1.7315049769817261
4,590,Nutrient Management,1505,,,,,,,False,2634.606319406376,691.0309900232417,239.01578870434687,81.62413720378483,22.16236629242747
4,590,Nutrient Management,226,,,,,,,False,2863.7020629811805,93.94632231670533,34.833326922557674,52.30573447675509,12.521010912605247
4,340,Cover Crop,816,,,,,,,False,1937.3253515595961,1491.9377421575712,593.7809243892715,55.78834865136008,6.826061912679216
4,340,Cover Crop,1029,,,,,,,False,2131.8066329649296,102.4783058930912,41.745859518243456,59.959733224612776,9.696424150495174
4,329,Residue Management (No-Till),257,,,,,,,False,366.81622476227204,318.4093359034035,26.49185261232173,19.28128360052184,2.835530159550269
4,590,Nutrient Management,476,,,,,,,False,1680.2517006181072,227.9858707611904,85.1619568794555,41.058389248633226,10.544275799415196
4,329,Residue Management (No-Till),1932,,,,,,,True,556.4747776889521,234.97339285743195,4.237419333385972,9.421346493838586,0.4738401811821714
4,590,Nutrient Management,433,,,,,,,True,1744.5882640963298,1287.9196110991343,114.21560749685577,74.92001866655734,5.286599646733031
4,590,Nutrient Management,1410,,,,,,,False,997.6314007562164,581.5784824377489,187.54799302512475,17.006181220881516,3.2725849450097813
4,590,Nutrient Management,1870,,,,,,,False,584.0893482994425,491.72106252925784,196.4741933492563,2.4386948887889393,0.6046662861953541
4,590,Nutrient Management,790,,,,,,,False,993.6934534203066,1089.4217413659771,377.1180648574674,193.7507859118639,59.65609841137261
4,329,Residue Management (No-Till),2197,,,,,,,False,394.5427919268079,185.11225238478116,11.756818399769816,20.824824133134943,4.909871442304689
4,329,Residue Management (No-Till),534,,,,,,,False,244.68900573589488,1144.9380264709682,87.59659793690433,24.876490312041035,2.966736250474708
4,590,Nutrient Management,567,,,,,,,False,803.5660055471287,267.2345626687358,82.89980945643696,3.6437686281501396,1.1746472722761567
4,329,Residue Management (No-Till),1820,,,,,,,False,224.9658980636733,135.60933939418757,13.421089575861865,33.73064826468585,6.420482837401288
4,329,Residue Management (No-Till),2108,,,,,,,False,244.88761315490194,1184.0988782054424,124.79534878322143,8.078249335257352,1.1435431904551938
4,340,Cover Crop,387,,,,,,,False,2677.4719120927257,57.09780000054271,16.09743283974261,29.078178980299885,6.3825898886747146
4,329,Residue Management (No-Till),1386,,,,,,,True,173.8948390659192,116.15846147750982,1.987653441268222,3.053335332469841,0.1563360743005641
4,590,Nutrient Management,1107,,,,,,,False,1066.8569557135945,142.19717491795447,57.55701744837343,236.7667746751395,50.318347954655934
4,329,Residue Management (No-Till),602,,,,,,,False,968.2396759291797,502.88529617542116,42.58507263832858,50.783918559343626,8.694026954682348
4,329,Residue Management (No-Till),1490,,,,,,,True,1576.5863772603836,2215.5837039988455,63.53310451524088,13.718264441342603,0.6648615586766092
4,590,Nutrient Management,937,,,,,,,False,355.2790951898984,69.0953054299844,22.93145290207437,84.82742537924577,17.938686529276694
4,329,Residue Management (No-Till),1621,,,,,,,True,453.4326592343145,131.51616669075113,2.217771813544678,51.81280783373959,3.041582570721723
4,590,Nutrient Management,571,,,,,,,False,1058.5422060690594,815.6919889022979,292.669962925812,63.25633316328591,18.976689582394652
4,329,Residue Management (No-Till),290,,,,,,,False,295.08005555380663,97.85478455038256,5.753115681283872,16.197555037363728,2.9898866341287986
4,329,Residue Management (No-Till),1365,,,,,,,False,362.14082764497584,244.76670838370438,28.064043688261986,7.526387620675935,1.6306530479042107
4,590,Nutrient Management,573,,,,,,,False,6264.513272615338,1127.6935099260454,414.3339372313708,104.52483415921829,30.920725658752424
4,329,Residue Management (No-Till),552,,,,,,,False,1300.8438199220468,2343.4837707390675,232.45345508404955,16.002540253055457,2.4268187700393526
4,329,Residue Management (No-Till),112,,,,,,,False,429.43702284050863,1.4538367695881365,0.13111036692440067,12.625381439632017,2.073481523004796
4,329,Residue Management (No-Till),1635,,,,,,,False,2540.978219147753,5130.326235769799,581.8149575117327,29.876625428104397,5.474114806195136
4,590,Nutrient Management,1683,,,,,,,True,1295.1420253542917,499.63330986009754,52.14594119214346,59.82154350807295,3.730812229779061
4,340,Cover Crop,1229,,,,,,,False,2778.6319056433194,323.4558205541072,116.84431888430801,31.308844658194925,9.597506640041109
4,590,Nutrient Management,1905,,,,,,,False,580.6688573606928,199.24132275817706,79.8543546301076,1.6427839502205204,0.4230666273409545
4,329,Residue Management (No-Till),1688,,,,,,,False,267.1531736855592,75.9889836154001,5.076766105473704,155.38247460230863,24.391181356498805
4,590,Nutrient Management,2592,,,,,,,False,729.5777863700182,73.11638436675369,25.36082750460566,11.986967623021876,2.3266236916171597
4,329,Residue Management (No-Till),2331,,,,,,,False,1374.4099694105778,986.378560572631,49.57506489963553,17.408123868891636,2.0727061594391887
4,329,Residue Management (No-Till),50,,,,,,,True,870.0003542949833,382.36969341134073,6.427736819852926,8.923905922236326,0.4449559564782961
4,590,Nutrient Management,1769,,,,,,,False,815.7103674276016,1391.9419122385737,480.6720251446655,9.767869246320155,2.7719607927714387
4,329,Residue Management (No-Till),1627,,,,,,,False,1408.5205790169343,1130.727102143839,104.14813297930758,33.66293709631462,6.972665429488826
4,329,Residue Management (No-Till),1746,,,,,,,False,341.77262271854306,306.5265119299046,32.4244163965846,6.337538996367033,0.996247249212155
4,329,Residue Management (No-Till),1083,,,,,,,False,789.7707627852653,565.2360445633349,62.865695651143064,6.770654890836736,1.0322120048495746
4,340,Cover Crop,2652,,,,,,,False,1995.3549177252173,309.4160032664464,118.06647243490251,9.507749078875273,1.6773452887205342
4,590,Nutrient Management,1349,,,,,,,False,79.85958806658257,71.98129759506284,21.78032579054483,1.5155847884884328,0.3589321798173861
4,340,Cover Crop,1082,,,,,,,True,2927.8938430166563,699.8823093137652,62.70479730790275,46.48974693623925,1.320173882855613
4,340,Cover Crop,1528,,,,,,,False,2894.94392973548,39.17730157393078,13.197486743458189,193.2029885770424,37.571037250848576
4,590,Nutrient Management,422,,,,,,,False,929.9747380062063,216.64753171209165,93.56189773404222,2.311565893878504,0.5855441179869774
4,340,Cover Crop,67,,,,,,,False,1172.6709503244674,19.413969070312817,7.12892104611193,12.627342425770896,1.5163686310675866
4,329,Residue Management (No-Till),844,,,,,,,True,598.6107975088192,114.18782446170366,2.7503648017749818,1.3651053929999044,0.07193868250315039
4,329,Residue Management (No-Till),270,,,,,,,False,378.91932039483237,162.42866158275774,12.34887413899154,10.466378958772664,1.4477518478062108
4,329,Residue Management (No-Till),556,,,,,,,False,153.41082883980064,185.9460563991908,16.540383209479188,7.926691863046419,1.3668380011113381
4,340,Cover Crop,734,,,,,,,False,1444.5007353239816,272.907474376541,118.78918951884903,11.087394158943447,2.375560139148726
4,340,Cover Crop,2471,,,,,,,False,3381.359168865587,941.2554870437074,376.9384272644426,44.81315187810499,9.678253803815167
4,590,Nutrient Management,469,,,,,,,False,1040.2037985370919,317.6318988817599,89.36400154961348,93.05761630339785,22.687663284568046
4,340,Cover Crop,945,,,,,,,False,792.2987892910978,5.449859968664444,1.8922833048506966,2.6195340567011676,0.4918964476647968
4,590,Nutrient Management,2003,,,,,,,False,518.8693422839966,111.65553553034731,33.99274960805081,3.596490135068643,0.8086434045451876
4,329,Residue Management (No-Till),1930,,,,,,,True,467.2986907808421,658.2889899418168,13.05647897164744,52.63669537932983,1.637638457559062
4,329,Residue Management (No-Till),592,,,,,,,False,2338.017961849561,2497.290662142213,322.129315161326,10.19201952205504,1.6496734699583562
4,329,Residue Management (No-Till),1931,,,,,,,True,283.70599354595305,364.1379086677202,7.917005309625515,3.7444336120372053,0.11086680770057677
4,590,Nutrient Management,2490,,,,,,,False,1136.5755474867967,227.79369438946367,77.7813806695466,0.5752085125867475,0.12424006966135019
4,590,Nutrient Management,30,,,,,,,False,1659.505789486772,103.86941185116544,43.22093938788358,22.295920443314266,4.4545920470078295
4,590,Nutrient Management,1944,,,,,,,False,378.6295827600506,154.67635078472006,47.269024630707506,4.42040387112977,0.8891587973187765
4,329,Residue Management (No-Till),1243,,,,,,,False,1413.8091978643868,737.942181331545,73.93110640025267,92.05129303415038,17.815416069513667
4,329,Residue Management (No-Till),265,,,,,,,False,1048.1349517604083,526.8874900268422,61.13620376036118,29.925299888906526,6.139271411728689
4,329,Residue Management (No-Till),1904,,,,,,,True,98.13616942176662,45.4518968868877,1.216624688328934,1.8748608361078565,0.08141354029939074
4,340,Cover Crop,1886,,,,,,,True,1589.582493325809,1047.0585498517794,81.44661398574856,2.5349234286361852,0.12484996961737722
4,590,Nutrient Management,1606,,,,,,,True,1298.9730869529083,762.1572314705411,63.20744925288174,32.98969151228182,2.1020015159571113
4,340,Cover Crop,883,,,,,,,False,11875.837111512861,9621.015489475236,3321.708710263012,294.95650134836796,34.434063933369806
4,329,Residue Management (No-Till),1728,,,,,,,False,836.9008700506844,150.42444144435794,12.345513133420008,25.55868776077476,4.663124423004866
4,329,Residue Management (No-Till),2677,,,,,,,True,177.5847276679353,100.00221372284696,1.959504436551094,3.140669282600485,0.1040294577485875
4,590,Nutrient Management,1236,,,,,,,False,571.3984047411433,151.0617615452615,56.20907015671279,17.100212327461954,5.170067785055176
4,329,Residue Management (No-Till),885,,,,,,,False,299.17758240417646,83.07342198093477,8.540824162572664,23.389434780610245,3.519858488336574
4,329,Residue Management (No-Till),980,,,,,,,False,1228.090634218376,957.390118963296,105.55215958701962,33.40433972210077,6.0040739017873985
4,340,Cover Crop,304,,,,,,,False,4092.327499511324,1102.9267467465022,438.3934050711722,8.332104596297157,1.754029990996958
4,329,Residue Management (No-Till),2040,,,,,,,False,427.8807908680055,121.49654017987612,14.764193981224329,75.36386579783435,16.37182290218479
4,590,Nutrient Management,601,,,,,,,False,1464.8106859375305,67.12824948069128,22.294173609219914,94.18975479873578,15.009771619159322
4,340,Cover Crop,170,,,,,,,False,1290.9526512630066,273.92404687232283,100.46891208639279,101.65913513825446,17.068593360753006
4,329,Residue Management (No-Till),2556,,,,,,,True,792.349197012905,785.5257191762502,22.68734832066952,16.827970059107884,0.8632977827412661
4,590,Nutrient Management,1117,,,,,,,False,999.0709453334263,404.58440807734064,170.83380316426238,19.05575824260222,4.972078676506988
4,590,Nutrient Management,2523,,,,,,,True,511.5215060633974,163.1608890657547,15.584168610160797,2.8554280349953056,0.2100635514950181
4,590,Nutrient Management,1798,,,,,,,False,1450.3948620879746,354.50122515186536,149.40976575173292,4.060121455699906,1.017110748544304
4,329,Residue Management (No-Till),2379,,,,,,,True,602.2925555834362,767.3937182223453,13.040831020934984,25.714399889750048,0.9582017408649911
4,329,Residue Management (No-Till),1194,,,,,,,False,184.43742200351247,78.15881186260711,5.611350851420958,7.292914191278491,1.116194964882633
4,340,Cover Crop,355,,,,,,,False,1721.4250471652883,234.92566369504834,87.39751453943421,100.52509010940928,17.445109267070848
4,329,Residue Management (No-Till),2295,,,,,,,False,554.1827394539314,230.06446545768966,18.0009714568742,82.767508496749,10.836296741558384
4,590,Nutrient Management,797,,,,,,,False,1588.3560253074418,753.185208134485,284.7092984614609,42.869035915058035,8.530093897346822
4,329,Residue Management (No-Till),2032,,,,,,,False,426.45813239023516,250.56575694785886,18.214347988082004,13.602683941309245,2.432097611233054
4,590,Nutrient Management,972,,,,,,,False,2447.6531928978243,770.6976012576177,236.87210394989356,39.248891353997685,11.764722442487875
4,329,Residue Management (No-Till),278,,,,,,,False,490.65974330403327,128.70496250820318,13.277714721212224,7.086814614979713,1.265159346015913
4,329,Residue Management (No-Till),467,,,,,,,True,1058.1064232632775,440.65870056469487,7.389562216384637,62.022947480796525,2.8178379648172065
4,590,Nutrient Management,2541,,,,,,,True,520.4959920823894,499.26439240994,44.007588619315534,1.71191801659516,0.15097221933736235
4,590,Nutrient Management,1520,,,,,,,False,209.56555282932587,157.41968470391873,56.91919745168261,34.18269835852451,7.230141467233397
4,590,Nutrient Management,1755,,,,,,,False,1063.2922819574694,318.65256972441153,131.6173748047333,100.65389061966161,22.564269079841353
4,329,Residue Management (No-Till),564,,,,,,,False,37.97797757272701,2.1166246209872472,0.16881263106694444,2.370315859032303,0.3414777526555408
4,329,Residue Management (No-Till),1046,,,,,,,False,2083.1213939824315,940.1126406111126,69.21882624121399,19.55218683699143,2.6947427478061585
4,340,Cover Crop,2131,,,,,,,False,19.156965439222038,2.7324889815214606,0.9659909767179806,0.05308233781689573,0.010205630712521866
4,329,Residue Management (No-Till),2254,,,,,,,False,1378.9882774494524,845.3051665562145,53.71591333168082,60.263376954286706,9.916019428228196
4,590,Nutrient Management,1797,,,,,,,False,359.13416752789664,292.07899239677874,110.17806792586268,12.686718823765755,4.215155037143161
4,590,Nutrient Management,2344,,,,,,,False,28.310210378158292,3.1073899077571143,1.132178707110696,0.22813009345419444,0.06553194841889827
4,329,Residue Management (No-Till),2007,,,,,,,True,366.18510219631816,218.30817395529274,5.417438454795532,7.379344257078338,0.24979179091689874
4,340,Cover Crop,2579,,,,,,,False,1958.0205269439316,464.06392991389265,154.880501270871,26.60523135297717,7.013378901427568
4,340,Cover Crop,1273,,,,,,,False,1249.517131505656,531.7431667572855,232.88780573369547,8.075037056414455,1.9786618782521215
4,590,Nutrient Management,287,,,,,,,True,1427.794209689161,273.92224051050425,22.945983699976015,47.63075705987238,2.817290141907209
4,590,Nutrient Management,2039,,,,,,,False,3361.263489803582,554.5685820668266,180.16875060733253,43.959389752823746,13.137471423556157
4,590,Nutrient Management,2663,,,,,,,False,188.73289314554802,110.36597595221438,38.00557025442726,10.548538746667191,3.031050697592269
4,590,Nutrient Management,60,,,,,,,True,2046.9514493960003,1229.6577798089993,99.06305392523869,146.05084861298457,8.617040872945308
4,656,Constructed Wetland,380,,,,,0.177602769804878,43.099911220136235,True,19728.549299828952,335.32332272958064,26.59622766597346,8.10505467953073,0.5093554266554298
4,590,Nutrient Management,742,,,,,,,True,1181.8582243715532,1071.0190971687841,97.05600687102515,12.202973990009488,0.7809818745812664
4,329,Residue Management (No-Till),1059,,,,,,,False,537.5300356149885,145.92108380772459,14.023042851359593,168.9770040237215,36.69885988664819
4,329,Residue Management (No-Till),1425,,,,,,,False,980.2505848536408,593.7838279436801,41.55106028055062,16.901707529942968,2.707195661240738
4,329,Residue Management (No-Till),2152,,,,,,,False,741.3152090276689,276.9070395952352,29.603717905786752,2.4982157649026586,0.49877571144482086
4,340,Cover Crop,954,,,,,,,False,6359.647375892992,1231.3581828816198,361.88395840553306,38.381396097007915,5.737111496014781
4,590,Nutrient Management,961,,,,,,,False,576.117699726313,177.40847952265273,56.285908309035186,2.5260794980893886,0.6545351417450085
4,590,Nutrient Management,1883,,,,,,,False,3422.1110636070316,448.00581369543477,116.67073351949212,531.648503830593,127.62569345948198
4,329,Residue Management (No-Till),933,,,,,,,False,112.89336354421384,7.7302411935187525,0.34439089444373305,3.486401947295156,0.7993247096613548
4,340,Cover Crop,1390,,,,,,,False,1098.858939594545,104.28383926405297,43.5074656468646,4.878914736346836,0.7683779929147263
4,329,Residue Management (No-Till),1756,,,,,,,True,550.4774470808885,239.49902274596775,4.022335288510191,8.549302583885614,0.4236268222371324
4,329,Residue Management (No-Till),646,,,,,,,False,129.13713228907858,94.25081484601776,8.815368498632983,2.426721641222165,0.3889515917968743
4,329,Residue Management (No-Till),891,,,,,,,False,166.9670999110486,123.84687117829861,12.346178017455772,4.020726578007471,0.7417761425602921
4,590,Nutrient Management,2384,,,,,,,True,688.0366059187565,398.5249815486869,31.61686894921714,14.507778377200685,1.4562335222622111
4,340,Cover Crop,743,,,,,,,False,2605.8675206787225,197.7902745850771,83.81348682612406,26.207299382742296,3.287572128168607
4,329,Residue Management (No-Till),547,,,,,,,False,1702.501667444282,6468.314669854934,612.5667881541216,122.33017605567908,30.213947056532874
4,340,Cover Crop,1471,,,,,,,False,1840.8620571891447,822.0080046966154,332.91914565513264,53.48720256467999,14.795920024767899
4,329,Residue Management (No-Till),199,,,,,,,True,315.22484203656325,180.30039288432687,2.808251589794055,4.838612737006611,0.20071349653905202
4,590,Nutrient Management,637,,,,,,,False,960.2944142374957,74.7520639722017,28.649232562746718,8.824952160521095,2.4212369093246635
4,329,Residue Management (No-Till),197,,,,,,,True,672.7808579011013,1248.7432136544928,23.95342564775345,3.082165977945926,0.15161522389056925
4,590,Nutrient Management,164,,,,,,,False,6450.846004137033,1754.9780278290932,790.7971594494837,28.78440796337045,7.026898225268094
4,329,Residue Management (No-Till),2296,,,,,,,False,438.6110811428759,42.57137280710566,4.09592100680751,8.66806887100085,1.748460399566244
4,340,Cover Crop,2555,,,,,,,False,1037.0555150217756,470.7728286562958,164.47663973888893,17.187846271431333,3.9606934131999028
4,329,Residue Management (No-Till),1816,,,,,,,False,268.67485883727824,124.72455017844779,14.929151178262003,1.5287512901688385,0.313662978054373
4,329,Residue Management (No-Till),2064,,,,,,,False,176.82552236983113,5.81470206521214,0.5595398973536855,13.839203179949106,2.339894808125561
4,329,Residue Management (No-Till),687,,,,,,,False,94.50430012669592,134.19773414588735,16.993563796978485,2.706400536806108,0.44905107084767637
4,329,Residue Management (No-Till),415,,,,,,,False,956.9780940703585,653.8676113802601,45.546100483640465,18.36900831806153,3.8551318218213364
4,329,Residue Management (No-Till),1119,,,,,,,False,466.00726935101676,148.31263406718213,14.525682292156267,3.8203048699833677,0.8340192283513294
4,329,Residue Management (No-Till),1497,,,,,,,True,587.6997750138084,42.59941159175215,0.9997900882015279,0.29504486443035016,0.01373189858706186
4,329,Residue Management (No-Till),1950,,,,,,,False,483.1618417428661,63.187066169556715,4.9684108675124055,3.2930625965913918,0.5402145995172473
4,329,Residue Management (No-Till),335,,,,,,,True,1434.6450273318626,591.199469700841,16.330981637127255,6.938030852431914,0.32714356881540574
4,590,Nutrient Management,2502,,,,,,,False,3455.8492189835997,848.2305903560064,319.98795807683854,42.605522527279504,11.491671998756729
4,329,Residue Management (No-Till),1222,,,,,,,True,626.2955776928387,494.3652676304737,9.428239843957064,7.106846365036133,0.39800396684022615
4,329,Residue Management (No-Till),2588,,,,,,,True,352.0576020822686,560.6647910591777,15.64310595723767,1.6990874509528926,0.07169290344667062
4,329,Residue Management (No-Till),2407,,,,,,,False,353.5895865403417,892.9580083563117,95.07576689397581,38.07311026147921,6.567202850400094
4,329,Residue Management (No-Till),1836,,,,,,,True,885.770125990632,237.0731862103965,5.03547696915508,5.9833111559746195,0.2312126784936178
4,656,Constructed Wetland,1506,,,,,3.8850440372594983,2.0144109544037234,False,410936.08679263806,120.63564698922613,28.817551242351968,1.4521736629272133,0.4000232110572235
4,590,Nutrient Management,680,,,,,,,False,1085.5324401295964,72.84457747080454,18.85346044506631,42.620848841858226,8.870611103281412
4,329,Residue Management (No-Till),262,,,,,,,False,702.3303278982456,97.62676759089187,7.382418401894626,31.054180336873458,5.440461311640883
4,329,Residue Management (No-Till),2205,,,,,,,False,738.5442432739009,85.88768532766709,6.673238020793244,74.49603936559167,14.664468290869483
4,329,Residue Management (No-Till),2244,,,,,,,False,333.24517178252273,75.85581384542286,5.183944121403907,5.8662867115561035,1.3130204283805955
4,329,Residue Management (No-Till),1173,,,,,,,False,539.9595535538109,348.22935712324954,18.471309148366387,28.070816033358682,5.403353205465359
4,329,Residue Management (No-Till),1761,,,,,,,True,625.9098536537854,475.2553752881157,11.094996420468696,17.445586040793838,0.49648511500338166
4,329,Residue Management (No-Till),1526,,,,,,,True,519.3736418145043,218.74513596392404,6.2318669246239695,29.64599420783048,1.325693376466194
4,590,Nutrient Management,256,,,,,,,False,1342.6812009923642,592.72549451203,161.65043985695823,22.13693604259035,5.790019200849771
4,329,Residue Management (No-Till),2070,,,,,,,False,617.5788613676577,857.2102080488763,40.97044076734561,78.7608088742769,15.0364234658185
4,590,Nutrient Management,1560,,,,,,,False,659.896491907002,479.83434139864926,165.50177021300513,57.20583201223133,17.20811253393836
4,340,Cover Crop,2125,,,,,,,False,7072.885044751628,7828.015409315721,2130.6156172799056,76.93700493469706,11.435928935853994
4,590,Nutrient Management,1057,,,,,,,False,288.4235470904069,0.2390822015286433,0.10180753939261748,19.168174720262382,5.313297326308919
4,329,Residue Management (No-Till),2302,,,,,,,False,1237.51156222241,281.7047647832681,25.152839142737555,34.88139474879362,6.610192878868299
4,329,Residue Management (No-Till),1736,,,,,,,False,1326.806377500767,958.211131377937,52.03305182343448,27.66102047167717,5.831839921760601
4,329,Residue Management (No-Till),2574,,,,,,,True,281.5570288797358,273.3639214532394,5.036163287434788,5.23521757445034,0.17515890957025443
4,329,Residue Management (No-Till),351,,,,,,,False,283.57324121212,1052.388402261543,100.95690546961859,20.53927992106839,3.743995713218464
4,340,Cover Crop,1739,,,,,,,False,2692.956673886932,279.17957503483024,95.83780891284964,104.51710816474161,17.738083536398314
4,340,Cover Crop,2498,,,,,,,False,6882.909667258626,1218.2876122458683,360.9673638874089,259.6577735733211,68.86778217554166
4,329,Residue Management (No-Till),1943,,,,,,,True,333.3834821614236,1238.6283735645573,32.92422991234043,6.705514326089254,0.22168198734087685
4,590,Nutrient Management,540,,,,,,,False,2213.9264096633824,942.9948760265461,295.0922974449752,383.5895629369321,59.67881927994092
4,340,Cover Crop,784,,,,,,,False,2445.4474338904056,1712.390779013786,641.2573510720972,14.463790565264565,1.7840388688389064
4,329,Residue Management (No-Till),231,,,,,,,True,633.2653636000215,46.39516384968055,1.2732366457853808,11.213554867051455,0.5713650204348032
4,329,Residue Management (No-Till),115,,,,,,,False,984.3582755494926,1722.8079357010254,103.88094358062084,84.61872606141402,17.882697224777804
4,340,Cover Crop,2010,,,,,,,False,1908.9161558444268,447.56613771939345,181.651070809688,1.1855517355529361,0.1904410572528439
4,590,Nutrient Management,1510,,,,,,,True,921.6787719360104,104.33685468478873,10.851061656840798,84.75791565341724,7.115281562827141
4,656,Constructed Wetland,1448,,,,,0.43730437417933143,1.9443584772675586,True,72538.95762370978,68.61381127102248,4.464085363695807,9.805373778809303,0.7807828605514905
4,329,Residue Management (No-Till),1673,,,,,,,False,784.6081349207133,540.131605161653,37.843356544520255,52.88932167598091,11.617443885774334
4,590,Nutrient Management,1983,,,,,,,False,3018.2595420656676,421.8330343531304,121.01675548266576,992.6124883154098,274.06093009167034
4,329,Residue Management (No-Till),130,,,,,,,True,368.56193170725504,274.9125370987998,6.775726441445326,9.101677565886831,0.4802643893598531
4,329,Residue Management (No-Till),524,,,,,,,False,2062.717770457691,230.44584774034135,18.993891051914748,195.34876425764932,36.99335794808366
4,590,Nutrient Management,1497,,,,,,,False,673.4157385075707,41.59962150355062,12.827458316593916,0.2813129658432883,0.08732909631049074
4,590,Nutrient Management,2666,,,,,,,False,569.6716459372265,822.0173217624179,295.34101485170055,9.53654097094931,2.5805448300259246
4,340,Cover Crop,2130,,,,,,,False,2969.625134101598,3503.0123746449385,1483.6615441609595,28.962420276611354,6.732500390474213
4,329,Residue Management (No-Till),2557,,,,,,,False,598.9390040273752,457.69710781523645,26.988607133796275,16.64783501814655,3.3905630841664363
4,590,Nutrient Management,478,,,,,,,False,1866.6995574246985,168.22071953034614,62.34037523295902,56.678880825775714,10.827213148064391
4,329,Residue Management (No-Till),205,,,,,,,False,481.3254707443893,12.47822315679512,1.2564473878913043,1.3478820098461195,0.28802910066696996
4,590,Nutrient Management,215,,,,,,,False,471.98736553593284,228.67792777957828,81.01058303583225,7.238400266349642,1.8353394061886033
4,656,Constructed Wetland,1421,,,,,1.5540461081403807,2.1010431421784803,False,139879.30183651426,28.498082978587007,6.520186335403691,10.202565912768241,3.3762179577964555
4,329,Residue Management (No-Till),867,,,,,,,False,453.04328341478123,305.49146308246634,15.832632044326274,45.66028872943233,8.490225182777491
4,590,Nutrient Management,2149,,,,,,,False,2967.2169127909897,2979.484034007715,889.188732805752,132.80398289411633,31.55089928175683
4,590,Nutrient Management,360,,,,,,,True,1227.540488987717,399.03815306494215,36.519191443791485,13.452019769946867,0.7448887977173311
4,329,Residue Management (No-Till),565,,,,,,,False,726.2914071003092,231.55351588502393,17.24221546010941,5.51534318060949,1.0458483830976917
4,329,Residue Management (No-Till),300,,,,,,,False,584.0912887937395,256.55768395819706,23.564860998878927,60.49763011226974,12.098054522124455
4,590,Nutrient Management,1573,,,,,,,True,983.1272633320408,368.36819951102416,29.283284260359263,32.263671905841676,2.3071625586835425
4,329,Residue Management (No-Till),226,,,,,,,True,2052.987409187003,59.11299539414765,1.1004899994825514,39.78472356414984,2.281421154008823
4,329,Residue Management (No-Till),1847,,,,,,,False,936.7864391368257,1532.2025740368042,150.81980510888704,121.98498745982707,20.702217154168057
4,340,Cover Crop,1116,,,,,,,True,19435.207407694652,6929.362647788704,613.1379169589673,1394.4461382683382,71.55856555952191
4,590,Nutrient Management,1173,,,,,,,True,1842.9495478046913,329.75804797488314,32.28844160799634,22.667462827893324,1.7641831600588171
4,590,Nutrient Management,1689,,,,,,,False,1342.405910300994,535.4892711547841,156.23080165441044,32.796139671544466,9.090111530058127
4,329,Residue Management (No-Till),2538,,,,,,,True,420.27841903004935,149.23890545543637,3.04855700419267,61.85157350485091,3.040065055873921
4,329,Residue Management (No-Till),2301,,,,,,,False,2026.8235546263245,1402.4873987685444,93.1799404270286,39.69994168496236,8.244430934689074
4,329,Residue Management (No-Till),1961,,,,,,,False,835.2110858523642,303.06257445259604,21.293099979968012,114.83983725853935,25.864207229008013
4,590,Nutrient Management,1725,,,,,,,True,2368.903643292937,1046.5932561304853,82.94816579778589,12.582788313570433,0.9344605854428464
4,329,Residue Management (No-Till),2653,,,,,,,True,485.3782713956146,315.450434764657,8.402459093469364,24.01683855923075,1.0788975666636327
4,329,Residue Management (No-Till),656,,,,,,,True,2194.0184182222997,1430.480866904612,18.845054202208107,17.64996337349046,0.7176329467913143
4,329,Residue Management (No-Till),1263,,,,,,,True,1911.1403995302514,2596.9591235514154,48.18188703548553,87.33691177105032,4.163845774615096
4,329,Residue Management (No-Till),2521,,,,,,,True,402.19939413985105,203.92939194575618,3.641810178998771,42.40001201312182,2.2888524185093293
4,329,Residue Management (No-Till),1280,,,,,,,False,336.17874152576655,256.01251348861484,19.612073724205903,9.678028770585774,1.8094182748027474
4,340,Cover Crop,1346,,,,,,,False,686.649562613557,231.81060536438451,72.62349837961115,99.23155932147993,20.245683957831467
4,329,Residue Management (No-Till),1531,,,,,,,False,1235.8273985888206,938.5721267126814,64.00729201030772,27.34726031792064,3.6513387262996067
4,329,Residue Management (No-Till),444,,,,,,,False,434.586103885778,1098.1006662857158,109.82559397031555,12.545671073198019,1.9474287359224147
4,329,Residue Management (No-Till),449,,,,,,,False,977.7641115937587,341.98308559481353,25.053213404117272,28.15601723494122,5.796793707879872
4,340,Cover Crop,1951,,,,,,,False,1711.7531106541858,330.6709876893096,122.40725224043572,54.66124171991583,9.030413986283937
4,340,Cover Crop,1715,,,,,,,True,1197.0600411990722,29.34845260271717,1.8457516867446415,11.491625798491034,0.65858972554469
4,590,Nutrient Management,328,,,,,,,True,1275.9917068564696,562.2036725850974,34.19738350729747,52.06086009107551,3.274099320139988
4,590,Nutrient Management,2276,,,,,,,False,268.3060732242387,189.3216915282888,65.68108483599713,99.74475625788715,28.424329548983312
4,590,Nutrient Management,2007,,,,,,,True,610.661957666528,212.89073550049721,19.83219834411184,7.12955246616144,0.472538180213767
4,329,Residue Management (No-Till),1338,,,,,,,False,351.44283236668963,110.02553858241355,12.211903229661182,3.8581182812868002,0.7030991754258498
4,329,Residue Management (No-Till),2109,,,,,,,True,485.2515457943575,265.40096726728865,7.604365638931286,14.93613528586336,0.7726143282656928
4,340,Cover Crop,1836,,,,,,,False,4577.420658723061,232.03770924124143,85.8132529752443,5.7520984774810024,1.2857270198743889
4,340,Cover Crop,1573,,,,,,,False,1200.0573917608208,339.0849152506649,134.88563374874929,29.956509347158132,4.235003656513388
4,590,Nutrient Management,280,,,,,,,False,1930.8347578341616,960.5896499335017,337.97896045450943,32.87835006941814,7.217981921606083
4,329,Residue Management (No-Till),2522,,,,,,,False,1452.8681324064087,161.4977320482871,17.040081581489623,55.01916505046702,9.956037057146329
4,340,Cover Crop,1685,,,,,,,True,1712.1423223396898,163.97101834994416,17.717705789275367,12.788918753500221,0.56703153347789
4,340,Cover Crop,2118,,,,,,,True,1174.8471798924875,377.3985641628328,32.300668996126284,1.8250188667048086,0.0918797673746297
4,590,Nutrient Management,1881,,,,,,,False,2720.2345896719958,3318.2817628876373,1342.433712833329,69.5936206905025,18.25341795135781
4,329,Residue Management (No-Till),988,,,,,,,False,581.7270986649461,173.15042992366998,14.916914689535748,22.677725001117935,3.3337544699111774
4,590,Nutrient Management,1915,,,,,,,False,1012.5784394911177,332.23176018795357,100.43055179024105,64.1198918311471,18.339676938401155
4,329,Residue Management (No-Till),2608,,,,,,,True,841.7715835894802,693.871893703121,18.663947295574236,36.890925088443616,1.1324266939578291
4,590,Nutrient Management,2175,,,,,,,False,941.5121272984519,531.9205239754525,205.46125629237036,14.402479369900115,4.6387693237756515
4,329,Residue Management (No-Till),585,,,,,,,False,247.46920025271098,246.28478191335427,20.505888184631548,37.7814653777571,7.017189324072444
4,329,Residue Management (No-Till),495,,,,,,,True,2407.734918953051,1456.2710093620317,35.96934216202294,179.2275313894355,6.749895979019525
4,590,Nutrient Management,2159,,,,,,,False,194.87738210752724,621.406595205163,205.82596609119204,0.27452874536266764,0.09565207903893812
4,329,Residue Management (No-Till),2145,,,,,,,False,1120.4507941240154,1217.3090686194541,129.01854605903662,294.6060546311771,52.54545341918938
4,329,Residue Management (No-Till),230,,,,,,,False,246.32401320105353,114.67595385382592,7.781159904899094,20.026623170194235,3.8040642510335214
4,329,Residue Management (No-Till),738,,,,,,,False,507.54991333898283,197.63208178119652,14.670810212238619,4.622108778351382,0.8017566551522717
4,329,Residue Management (No-Till),1071,,,,,,,True,1703.612636256128,5639.665282994956,122.17088933259436,27.856141612254792,1.717580521424128
4,329,Residue Management (No-Till),2390,,,,,,,False,247.43570767395173,178.80171250261827,15.414602759432498,2.4559778480713264,0.5259661086452385
4,329,Residue Management (No-Till),1894,,,,,,,False,1011.2345707294489,1683.599805824586,176.29835905722945,0.035883835562571215,0.006550634895103134
4,340,Cover Crop,258,,,,,,,False,1101.2241520868558,1210.937531980542,297.3057100261515,21.36819522068999,2.803975743068004
4,329,Residue Management (No-Till),1281,,,,,,,False,386.07137130446915,271.68930998401885,24.487413125238067,205.9219152786766,32.71153939826136
4,329,Residue Management (No-Till),1349,,,,,,,False,34.066702338524884,50.20097180451801,4.291727399182966,1.156652608671047,0.18934015223174497
4,590,Nutrient Management,1244,,,,,,,False,618.8044247177565,2368.1247180658993,979.4579199741258,3.667687342102872,1.0741619791839074
4,340,Cover Crop,353,,,,,,,False,4045.9396549021935,929.950516994733,291.9888312490558,30.340015375683322,4.777090076373488
4,329,Residue Management (No-Till),2313,,,,,,,False,1247.786676736135,670.360904519513,75.66242031725409,25.759334554169964,4.20459458890512
4,340,Cover Crop,2082,,,,,,,False,930.4786377500105,204.73394048437166,68.69912652927628,21.949640521449883,3.4753173117896505
4,329,Residue Management (No-Till),251,,,,,,,False,305.1116968955275,150.8256623223542,18.716202816016303,56.03949986026098,9.621656898398655
4,590,Nutrient Management,233,,,,,,,False,317.5528908296433,87.21054053036009,33.65163101052998,1.4640689569821204,0.3930226543106378
4,329,Residue Management (No-Till),2041,,,,,,,False,1520.298939756078,2131.3690585964378,218.49242085865555,222.8926015448597,43.623619042813644
4,590,Nutrient Management,860,,,,,,,False,3406.569013288993,1001.4913818753657,324.6183783724958,68.53223722036765,20.684946224638054
4,329,Residue Management (No-Till),576,,,,,,,True,408.20143976636655,11.491515015954759,0.216403847442678,5.722067519443318,0.23255336480215524
4,340,Cover Crop,2413,,,,,,,False,1307.8735982508008,354.0495608819425,157.89674611913844,39.98393776428896,7.216368774625953
4,590,Nutrient Management,2381,,,,,,,False,393.9517631737485,412.66076706126404,123.45431823395852,51.15412860675015,13.067854511343489
4,590,Nutrient Management,1773,,,,,,,False,322.765514946275,292.6517773637592,106.99913189002599,17.262389819655734,4.366595236903439
4,329,Residue Management (No-Till),1066,,,,,,,False,224.10699203734475,731.3820692926957,33.29132273406858,2.865778663829163,0.4802090433027361
4,329,Residue Management (No-Till),136,,,,,,,False,57.99425734257834,34.824531783280186,2.2488678801941933,2.636647379855018,0.49337472099464946
4,329,Residue Management (No-Till),807,,,,,,,True,425.05051688566505,399.1846816199326,6.506570074655866,176.04077801210627,10.961021893276277
4,340,Cover Crop,1943,,,,,,,False,1445.743173390713,1205.704143652217,411.9632202383943,6.4838323387483765,1.1725452417551383
4,590,Nutrient Management,2267,,,,,,,False,320.73384978206803,418.7370976310504,157.2770669922403,7.62756926868079,1.989672008855916
4,340,Cover Crop,2123,,,,,,,True,5483.479311186874,110.48395163835448,10.65135504644032,92.81340328495303,4.582524538850408
4,329,Residue Management (No-Till),961,,,,,,,False,258.6864472715608,121.12257121361756,10.356417999933795,1.8715443563443797,0.401627838739767
4,340,Cover Crop,519,,,,,,,False,1399.1202599530884,279.9179821948729,64.88483664186498,11.282105912990476,1.067978342609654
4,329,Residue Management (No-Till),2158,,,,,,,False,198.19132247489682,128.02580549354798,14.183474824193828,35.85082739003265,8.086501498611284
4,590,Nutrient Management,2040,,,,,,,False,1017.6898644380649,106.73234619865178,30.69084104247274,58.99204289564956,11.471494288408339
4,329,Residue Management (No-Till),1974,,,,,,,True,1188.5379286802051,254.23714141139007,6.436200583524039,40.70972156083993,1.9847679810600243
4,329,Residue Management (No-Till),1324,,,,,,,False,2331.533438904391,871.2817767748649,63.37694807156646,7.243542190795736,1.2444009769248663
4,340,Cover Crop,484,,,,,,,False,2386.592130408964,400.49247152116374,146.78920692698765,55.74329679219186,13.541249336247757
4,329,Residue Management (No-Till),431,,,,,,,False,489.4058772316255,103.24866370707824,9.046732951915748,13.157975442028041,2.380659100022985
4,329,Residue Management (No-Till),973,,,,,,,False,888.7480784892572,145.06151411483893,9.866204597946178,77.63703681816688,14.965161932261601
4,329,Residue Management (No-Till),704,,,,,,,True,453.4967303734639,212.26667972550294,6.171630944228146,2.9515326584117263,0.1299622789916944
4,329,Residue Management (No-Till),902,,,,,,,False,432.87910940007504,140.64486600020166,11.061454203187392,4.380931841620045,0.9696988195626142
4,329,Residue Management (No-Till),297,,,,,,,False,204.958215312072,110.6190134720668,8.438902742639625,27.743239859077686,6.322029335666014
4,340,Cover Crop,759,,,,,,,True,2492.3672886852255,350.4071853905803,25.392752239729877,18.558570671490482,0.7376779842444194
4,329,Residue Management (No-Till),284,,,,,,,False,440.3209610173469,115.08652916419773,11.396257184073882,8.163636029457201,1.2878547167500183
4,590,Nutrient Management,330,,,,,,,False,1362.2058916462884,251.6392305571711,73.80684722535818,38.34881167294099,10.905571450957053
4,329,Residue Management (No-Till),1628,,,,,,,False,377.42135079074626,375.73686827642985,27.45612043989586,13.274878391929951,2.803478190688279
4,340,Cover Crop,2663,,,,,,,False,792.9895698147611,72.36040569778713,22.182553133417493,7.517488049074922,1.1149466530159322
4,329,Residue Management (No-Till),2388,,,,,,,False,673.0256049700268,1035.0935301302818,117.83907516844157,4.741561824143814,0.6933186386908755
4,590,Nutrient Management,1425,,,,,,,True,1789.4645597509907,552.2327676631295,45.048551439537704,14.19451186870223,1.0417335651946953
4,329,Residue Management (No-Till),113,,,,,,,False,1769.0106040465707,3552.018861615254,304.9572973570551,4.639248976983615,0.8035852903776711
4,590,Nutrient Management,1406,,,,,,,False,458.3587758611443,119.43411925840753,42.11469340565489,7.3925258604107835,2.310109832071877
4,329,Residue Management (No-Till),1880,,,,,,,True,713.2283817285787,7.530610470721215,0.1912797195105378,27.79571263331128,0.7706617571466177
4,329,Residue Management (No-Till),2675,,,,,,,True,189.50171171687523,91.17547668152795,2.5447644569493906,3.7155160174059425,0.1780010872499921
4,329,Residue Management (No-Till),2413,,,,,,,False,329.27847240006,196.15281476280407,9.820516323546768,32.767568989663005,6.001856073453711
4,329,Residue Management (No-Till),1956,,,,,,,True,383.1889860873344,160.9588572388213,4.650609532872476,54.23329700758456,1.7880735932057876
4,590,Nutrient Management,1696,,,,,,,False,2064.2800596044704,586.1271039204379,239.2992936085569,13.775131943612921,2.1823598038004173
4,590,Nutrient Management,156,,,,,,,False,194.90174023345696,331.3448936641169,123.24450343137346,67.63224655939936,19.54216748302715
4,329,Residue Management (No-Till),2182,,,,,,,False,567.2499802142329,1572.236864205213,120.8981443614958,7.7339162648896655,1.7008805969146628
4,329,Residue Management (No-Till),276,,,,,,,True,883.6251255444381,1135.0121599643712,23.7590776683524,40.639958248405705,1.4322265730058514
4,329,Residue Management (No-Till),2419,,,,,,,True,706.4600579958309,243.8865615841936,2.6300027900533136,3.260438110934925,0.1450788843174075
4,329,Residue Management (No-Till),1573,,,,,,,True,350.0473168704025,204.19928150191564,3.0368865391690956,25.721505690644744,1.0765401063208162
4,590,Nutrient Management,828,,,,,,,True,17116.38253868791,4581.987704837075,457.9927259393258,1.6153883362918717,0.08684176679027687
4,590,Nutrient Management,915,,,,,,,True,1111.1943635110947,1499.5080051060502,138.832139498422,87.25663397484378,6.130222723607588
4,329,Residue Management (No-Till),2043,,,,,,,False,424.5868963375137,205.8383374369231,20.732964446605177,0.8472290832766499,0.13491112568360367
4,329,Residue Management (No-Till),672,,,,,,,False,1356.4740549307778,1485.1758110370342,130.84964476772427,34.889101578342874,7.685065037813527
4,329,Residue Management (No-Till),596,,,,,,,False,263.222977405987,268.5085417260826,20.715629286897855,0.20082736028112763,0.033826631807874936
4,329,Residue Management (No-Till),141,,,,,,,False,1062.1125038493417,270.68306912480557,14.41503904327194,51.917121834521524,7.512840286193779
4,329,Residue Management (No-Till),62,,,,,,,False,1571.456060508975,46.94362617588266,5.273125505042331,102.72835638353371,17.645042809744425
4,329,Residue Management (No-Till),1216,,,,,,,False,199.5226767647322,50.611403990505906,6.236219188639813,13.625498718973665,2.474066443903574
4,340,Cover Crop,659,,,,,,,False,521.9176337294696,38.147968988843516,12.968271126805107,0.9547351322449488,0.1498697858940547
4,329,Residue Management (No-Till),2490,,,,,,,False,1369.8388849761434,150.01231371991705,14.056245933462835,0.4509684429253974,0.08256652011272511
4,340,Cover Crop,574,,,,,,,False,2145.0340158784666,1864.678078657778,673.0642482924893,66.76218793656591,8.153892007366666
4,590,Nutrient Management,1096,,,,,,,False,1698.8835731761023,477.75563053138217,149.1125229234454,4.4626009077144335,1.3656476821712662
4,340,Cover Crop,2535,,,,,,,False,1107.3605325864585,326.59954523253015,66.94936691496756,34.6935504290686,4.102793913703385
4,590,Nutrient Management,1629,,,,,,,False,544.1116459618299,102.32425424054173,35.60208672202755,10.733828482771486,3.0318908093938535
4,340,Cover Crop,2003,,,,,,,False,1759.0679085265367,77.6627859222965,24.148778242362575,2.7878467305234556,0.5766157218890223
4,590,Nutrient Management,2133,,,,,,,False,833.9099309232548,202.26706436579835,70.45513124282337,5.2523708265407905,1.1237364053149863
4,590,Nutrient Management,2473,,,,,,,False,274.7533280855117,1160.0001692332341,454.3438817163914,3.8948111768269777,0.7841717246505859
4,329,Residue Management (No-Till),1522,,,,,,,True,2593.3210795878845,1081.207447951839,22.554435841014016,97.12180488290474,5.84557696571829
4,329,Residue Management (No-Till),660,,,,,,,False,159.38766737344048,406.3398882139792,50.00822952722988,1.6814279710201367,0.29164833174523347
4,329,Residue Management (No-Till),679,,,,,,,False,48.394492147548476,40.254181319370765,4.10331958289678,0.495569620233439,0.09855614941418771
4,329,Residue Management (No-Till),877,,,,,,,False,540.6744561045218,714.1591833044265,51.365560640673856,12.609379074971029,1.9080981707109521
4,329,Residue Management (No-Till),1135,,,,,,,False,419.27459717072406,122.2620698093409,14.207376755773247,8.98186452605216,1.5525613353014422
4,329,Residue Management (No-Till),2626,,,,,,,False,412.1680847635384,190.46688215070708,18.88437320988741,1.338147917332372,0.28893822798631114
4,590,Nutrient Management,1939,,,,,,,False,971.3223260824385,148.3973948128851,38.84969917454606,46.42211192439449,14.556660080686727
4,329,Residue Management (No-Till),1975,,,,,,,False,570.997210706479,125.81529319394569,4.221677575449569,0.15679833572142737,0.037287926080521665
4,340,Cover Crop,1445,,,,,,,False,3646.266703599347,1301.5625427992625,532.9829281944621,7.570512341285161,0.9439122175047238
4,329,Residue Management (No-Till),2624,,,,,,,False,266.3430668357662,191.3707717614155,22.256926405204073,18.59623835771609,3.493925912016529
4,340,Cover Crop,1424,,,,,,,False,3661.8387690502523,114.68157105478045,39.011152260678195,0.577844749288041,0.109531194858204
4,329,Residue Management (No-Till),859,,,,,,,False,1735.171923471412,904.7073011108156,70.17421842087543,4.847253283706715,0.7160129652532979
4,329,Residue Management (No-Till),2024,,,,,,,False,1384.924436679064,1124.1970289210824,92.23112244838188,36.16885639876831,5.830680788460068
4,329,Residue Management (No-Till),2465,,,,,,,False,1517.87642300122,167.34758706260118,14.891250735164423,1.2636526963385144,0.20657583695677262
4,590,Nutrient Management,803,,,,,,,True,636.503559237389,258.7929416569928,18.90671770247396,3.857365166960497,0.2942401531446236
4,329,Residue Management (No-Till),1846,,,,,,,True,79.53941529082381,37.933515853764774,0.7075246186714806,2.6125558380635496,0.10675148733406388
4,590,Nutrient Management,167,,,,,,,False,1836.3017242557576,245.61755933034522,89.30809712574438,11.604112130481585,3.544771729411914
4,340,Cover Crop,365,,,,,,,True,2181.613704012877,287.6021651580725,29.37304870938119,62.58526798248762,2.857760792770277
4,329,Residue Management (No-Till),460,,,,,,,True,650.1142539589463,443.19600364721936,7.696307235555259,13.515812633078022,0.4954943936746661
4,329,Residue Management (No-Till),450,,,,,,,False,760.20207229318,682.2991068763441,70.95345723448436,8.936768376143071,1.732356958378689
4,329,Residue Management (No-Till),1162,,,,,,,False,756.7497887968256,466.21994163269585,34.77256963330987,17.140603716214596,2.662210330044684
4,329,Residue Management (No-Till),2115,,,,,,,False,372.6121122318323,86.98589265420313,9.223474213254928,7.046476792208677,1.0874226258017465
4,329,Residue Management (No-Till),959,,,,,,,True,2314.101755052516,2830.1586761382114,44.050441541389475,42.284027330105786,2.3261787889590204
4,340,Cover Crop,2494,,,,,,,False,3800.373140633885,459.98320924560824,156.77693766499982,456.7690524846561,65.5792136378838
4,340,Cover Crop,782,,,,,,,False,2553.4675079760964,371.7890912640904,136.4852867535892,75.30658588569055,18.911057441315283
4,340,Cover Crop,544,,,,,,,False,7034.432852472367,4389.986474665262,1639.5496208999944,24.82668682869227,5.734415019879776
4,590,Nutrient Management,40,,,,,,,True,3574.1635745424137,351.43179685780296,34.675757320214345,135.94526350898929,9.210362251147654
4,329,Residue Management (No-Till),2664,,,,,,,False,460.9495474812795,17.73338878765787,1.6412408318394374,1.3129130432044227,0.1642812742617933
4,590,Nutrient Management,1897,,,,,,,False,709.0663241032419,602.4850586228584,227.83009947728115,70.27605987884675,25.4500748500153
4,329,Residue Management (No-Till),2103,,,,,,,False,323.8829097842784,5.959279064788599,0.5564868600749465,8.05718985026514,1.2224149557897865
4,590,Nutrient Management,2470,,,,,,,False,1628.4793122923866,542.5135899528275,126.60982208996177,35.36352192215122,9.915583578731749
4,340,Cover Crop,882,,,,,,,False,3865.344735417021,3157.276216161164,1127.3768315528223,37.282899027319196,8.095564822106285
4,329,Residue Management (No-Till),1598,,,,,,,False,1686.5169402435286,3881.205084974584,296.8180733488235,648.9221941601908,114.1619590742831
4,590,Nutrient Management,1756,,,,,,,True,582.183256077844,235.47668745745753,23.06351226268013,8.125675761648482,0.5398155854123565
4,340,Cover Crop,2148,,,,,,,False,2205.080350103324,308.4019094220587,109.50244622585791,58.62925175190068,9.5604210009258
4,329,Residue Management (No-Till),1729,,,,,,,True,63.64312258146973,50.61671883730546,1.4443889126804508,4.280603730626837,0.19545179942281987
4,590,Nutrient Management,70,,,,,,,False,2196.9178466638537,1292.2740037500078,381.62461235589745,10.564078248009613,2.9522201135364536
4,590,Nutrient Management,349,,,,,,,False,632.4514762052632,38.33497182519539,13.185787670959407,25.4128562496555,8.073128781352288
4,590,Nutrient Management,1669,,,,,,,False,1098.6875116156987,117.6714634727628,44.71610458551841,29.783257070219804,6.914113211022489
4,340,Cover Crop,515,,,,,,,True,3258.821325013785,510.8132389011042,56.74592382233163,19.150834375140423,0.9689005447353288
4,329,Residue Management (No-Till),491,,,,,,,False,1677.892601188423,4828.20871813495,314.16663339651524,18.20692168015552,2.703312626716236
4,590,Nutrient Management,733,,,,,,,True,470.64376111291404,269.32225379199815,24.888715462821505,52.81904253245298,3.8992895440361677
4,590,Nutrient Management,462,,,,,,,False,273.7478872031764,184.28606860099586,69.6148366006388,2.077357771827218,0.5707846554809743
4,340,Cover Crop,1634,,,,,,,False,8897.093625555439,6567.724419233341,2024.8762275671472,39.265933517121944,7.2860421771969675
4,340,Cover Crop,169,,,,,,,True,5047.689485532474,166.4598278543267,16.46387812024639,44.75936492316864,2.3248650831504865
4,340,Cover Crop,2040,,,,,,,False,1740.692058686469,76.04150515617903,29.5189735833924,47.520548607241224,6.508910427654504
4,590,Nutrient Management,243,,,,,,,False,432.676318575127,54.98001970973782,17.31739299058531,7.993395173687056,1.9793767546079926
4,590,Nutrient Management,1045,,,,,,,False,551.8287095624923,174.57760724627153,68.01231085359241,16.454422518260948,4.813680943249115
4,329,Residue Management (No-Till),1202,,,,,,,False,9.523806772152511,19.012994762106615,1.0938153658406597,0.12615946874802528,0.02776405091451577
4,590,Nutrient Management,2206,,,,,,,False,1365.262534909315,403.7328245503122,135.63932821434898,11.431709952710863,3.3680217613833645
4,329,Residue Management (No-Till),2000,,,,,,,False,621.3778901855819,388.2239276924601,45.854954973029024,293.68533740538874,58.651240986983645
4,340,Cover Crop,1201,,,,,,,True,2489.007318849467,1343.929112580058,116.79066886421339,7.814431244192008,0.3813386037511587
4,590,Nutrient Management,2512,,,,,,,False,1123.8532908775696,1076.7561068845587,363.65231344494094,41.53245446136494,13.679309429581428
4,340,Cover Crop,2527,,,,,,,False,3269.143357190219,1445.926018774931,605.9097008529419,2.1554159540107354,0.587833385199662
4,329,Residue Management (No-Till),1234,,,,,,,False,641.0509251271606,261.60694855615014,21.49022478344626,150.14934567676235,22.5546429496123
4,590,Nutrient Management,1123,,,,,,,False,915.3850191014232,402.9711249149551,148.7058750025691,118.61713645170046,41.6440878901604
4,329,Residue Management (No-Till),277,,,,,,,False,3344.819381871045,2366.5985109422836,282.7755417489255,178.6863807626378,36.94033798729679
4,329,Residue Management (No-Till),1165,,,,,,,True,658.8043154421792,81.87428763293728,2.4605217484527406,9.70677638737967,0.54547560559636
4,329,Residue Management (No-Till),2643,,,,,,,False,655.659650318626,33.74456506945653,3.32892866012596,97.34762698528567,21.358499431279444
4,329,Residue Management (No-Till),520,,,,,,,False,357.0878842508688,274.4549269573558,22.490636629733192,5.367073937767398,1.2110071177047
4,590,Nutrient Management,322,,,,,,,False,546.9717078659899,725.395936653429,252.9223383869207,11.391857096875581,2.8207122445509607
4,340,Cover Crop,53,,,,,,,False,1800.2391656734342,62.80981131560206,18.023171426493217,33.24154552987399,5.976090878418283
4,329,Residue Management (No-Till),1058,,,,,,,True,653.4045674259457,422.98363324765944,7.67307781195564,21.04702817613218,1.1064849235059757
4,329,Residue Management (No-Till),2374,,,,,,,False,322.34788660849904,1185.2712115128318,100.4530843977736,4.548764270084321,1.0583513345614532
4,590,Nutrient Management,1982,,,,,,,True,1527.3123637768317,233.86137986374308,21.270775819167863,243.0175872879547,16.36612524589289
4,340,Cover Crop,2061,,,,,,,False,1329.3002291013368,445.75229574879313,162.31514734018293,52.326165386123485,11.593587954200983
4,329,Residue Management (No-Till),1814,,,,,,,False,941.1924265246212,387.8569788518106,40.62982543222612,17.888466241903892,3.175805007444829
4,590,Nutrient Management,1164,,,,,,,False,3261.123733433617,916.4432279946224,332.0663428050897,366.3066092010742,109.6011905468405
4,590,Nutrient Management,2363,,,,,,,False,2702.3699033599028,839.4536600288969,213.6504043492549,18.704481909029884,5.361856164689315
4,590,Nutrient Management,163,,,,,,,False,3239.606325325448,77.7151759693078,33.36157415354901,183.21516267293305,38.4423093939856
4,329,Residue Management (No-Till),1979,,,,,,,False,355.31992479388856,413.1555907899153,32.9135999181944,4.688856211896182,0.9535905800336989
4,329,Residue Management (No-Till),934,,,,,,,False,2102.1637471274507,335.2914618271768,26.958427027251066,14.21200591404823,2.398427098801367
4,590,Nutrient Management,2522,,,,,,,True,3509.2113966615902,144.45765046679747,13.793608548950058,45.0631279933207,3.7518485219999484
4,590,Nutrient Management,1553,,,,,,,False,459.03276281377106,108.81667146796059,32.74212305858698,153.3214527265375,44.59806341069788
4,329,Residue Management (No-Till),1251,,,,,,,False,1681.0320025924532,714.5833753072624,59.06333544333349,644.813658757955,129.35255715032332
4,329,Residue Management (No-Till),1381,,,,,,,False,202.26540577480606,740.250123602777,68.97767425262924,4.987049988128228,0.9646388116074524
4,590,Nutrient Management,613,,,,,,,True,2549.185596005008,520.3931160303486,45.21324650695461,118.97218072329571,8.03319677740248
4,340,Cover Crop,2098,,,,,,,False,3120.567424235968,379.1082201217232,137.37993335826732,81.33553555512938,21.287497963347008
4,590,Nutrient Management,49,,,,,,,False,645.6656034421532,234.14633219135297,97.44087537654912,5.780638134116619,1.747935669348192
4,590,Nutrient Management,453,,,,,,,True,5691.696555550488,3176.16640997916,244.04699877075132,165.57080723076143,9.876998299139055
4,329,Residue Management (No-Till),2570,,,,,,,False,313.7305911150545,411.39743597774316,44.43753627187451,14.815518360950733,1.9299694965330136
4,590,Nutrient Management,2027,,,,,,,False,1560.1800902278337,530.6070829632192,191.89493190878397,15.588143759116754,4.59184620343727
4,329,Residue Management (No-Till),469,,,,,,,False,1342.2645589788256,228.26789733214645,22.686397078992755,70.3699530188298,13.952416324345469
4,590,Nutrient Management,128,,,,,,,False,2305.5255930743974,1917.636607299215,735.1600379097346,641.9297729724484,125.13320398859578
4,590,Nutrient Management,1894,,,,,,,False,1689.747429428786,1507.3014467673565,542.4038326139786,0.029333200667468078,0.008122031584040838
4,590,Nutrient Management,1402,,,,,,,False,356.7290519501881,842.530877930156,273.59505492210747,7.933122901784845,2.2160349975421303
4,329,Residue Management (No-Till),2483,,,,,,,False,379.84534593590786,950.7346050226178,43.74254933992852,0.2740271267896325,0.04757189240985757
4,590,Nutrient Management,713,,,,,,,False,405.5140367505978,142.83300038783966,49.443010876287964,2.524576150976887,0.7431332511390869
4,329,Residue Management (No-Till),1187,,,,,,,False,758.9185797549042,73.45085483946231,6.002666661900748,7.152565443507879,1.4544210597335079
4,340,Cover Crop,739,,,,,,,False,3841.7211988974564,706.0962692908739,212.67775021267414,21.41547661427175,4.5938406903941225
4,329,Residue Management (No-Till),2253,,,,,,,False,557.2156636708513,650.182097247316,43.72475904162071,25.308674351777835,3.569362965746549
4,329,Residue Management (No-Till),1933,,,,,,,False,82.8002808017591,22.138813037519135,1.6033080529491783,2.0250578304402596,0.43417096608562705
4,329,Residue Management (No-Till),213,,,,,,,False,543.3192719354629,760.8932855943648,57.426485933814384,5.515740969759695,0.8388446144929786
4,329,Residue Management (No-Till),2449,,,,,,,False,415.9308336952545,181.143939562609,13.367398505777324,36.63748735201556,5.896647457449472
4,329,Residue Management (No-Till),1037,,,,,,,False,9499.750363180226,4944.771918733269,487.90876230387477,444.33912392427965,69.33932669015498
4,590,Nutrient Management,794,,,,,,,True,367.4103059429877,97.52043590172636,9.682959250722925,12.40039675423333,0.5834057895405519
4,590,Nutrient Management,282,,,,,,,True,952.0262796502788,821.9555732186782,68.54762726015264,7.483705990435319,0.5595414242219485
4,329,Residue Management (No-Till),634,,,,,,,False,3576.0859336037383,305.16294617326645,29.53229982378174,250.87617979864714,60.34443541280131
4,329,Residue Management (No-Till),826,,,,,,,False,631.0577437435705,1017.9052402296812,78.75146639341456,17.182204849590697,3.0851432192549355
4,340,Cover Crop,962,,,,,,,False,4357.54641354652,628.7051023358019,263.86322162648645,144.24627208444372,22.297008719214247
4,590,Nutrient Management,1772,,,,,,,False,618.3279749151004,508.7173441561346,196.9296921679758,17.61551803023302,5.02089867816571
4,329,Residue Management (No-Till),2312,,,,,,,True,474.5130371781547,200.6371802327676,5.831272443900382,3.608828045249655,0.13665225051313476
4,329,Residue Management (No-Till),2004,,,,,,,False,172.30688871842116,312.63907728174576,25.579453000002744,5.161972391250117,0.8346587966980036
4,329,Residue Management (No-Till),275,,,,,,,False,1524.6793156196156,1255.4134502018399,92.40899451446606,30.754643540527365,5.034485934139354
4,590,Nutrient Management,450,,,,,,,False,1661.4760963844947,611.3456496418597,271.0198947151315,7.2044114177643825,2.011528695875961
4,340,Cover Crop,2163,,,,,,,False,3610.540882404438,178.2015408546641,74.82073006655399,52.622646149413114,9.191298134447205
4,590,Nutrient Management,2098,,,,,,,False,2194.0170669387544,241.7282867634559,74.04105238983614,60.048037591782375,17.082082837636914
4,590,Nutrient Management,689,,,,,,,True,211.8406038955081,70.0689893285245,6.9657897391628145,6.056546199005414,0.45089515887503945
4,329,Residue Management (No-Till),250,,,,,,,True,926.5527478949945,81.84339581058278,1.20735969303701,74.0691053809568,3.0408841862748672
4,590,Nutrient Management,87,,,,,,,False,4029.512705022775,3097.536356216436,1249.9548700415544,63.61113408591754,19.0708079968235
4,329,Residue Management (No-Till),2099,,,,,,,False,1456.0181741829797,550.207330610046,39.57193145888502,14.514654526869464,2.2321144384217475
4,329,Residue Management (No-Till),889,,,,,,,False,270.65097911251604,133.81630515423188,14.307926789809173,10.475482536123913,1.648853474593927
4,590,Nutrient Management,32,,,,,,,False,462.69705559158666,366.16789434395514,141.06928857556602,17.04240131156392,3.805023744945219
4,340,Cover Crop,584,,,,,,,False,8250.850668805486,2343.06066943857,839.689469267852,469.66824026400155,50.82750328136946
4,340,Cover Crop,1673,,,,,,,False,3299.8053349896213,502.28824861713287,197.36268819710713,41.271877790206574,10.17256213379934
4,590,Nutrient Management,2055,,,,,,,False,680.5399414820669,313.3396268317091,108.7917447311051,23.940679105490947,6.894788515300423
4,590,Nutrient Management,276,,,,,,,True,1742.8343336705846,1111.2530822960186,112.0851333838832,39.20773167539985,2.632358808215918
4,590,Nutrient Management,1932,,,,,,,True,1424.624483074746,230.735973524046,20.776580194674153,8.947506312656415,0.5164556679575611
4,340,Cover Crop,1897,,,,,,,True,2583.428105644086,374.6549591455773,21.43326382301446,44.82598502883145,1.6773183972206733
4,590,Nutrient Management,646,,,,,,,False,218.08967384137043,85.43544634738478,31.566864592272925,2.0377700494252906,0.526187709685507
4,329,Residue Management (No-Till),2186,,,,,,,True,1521.2637622465495,401.51014726933465,6.901659312258574,169.9780220070795,7.280684070625725
4,340,Cover Crop,2155,,,,,,,True,995.8455218391372,211.20271158383574,19.228666107901883,5.516801603487608,0.3164079876152237
4,329,Residue Management (No-Till),381,,,,,,,False,1085.4658965628696,462.9976939151399,45.15534180176853,7.237010645056047,1.051303451662293
4,329,Residue Management (No-Till),1296,,,,,,,False,128.27935021286544,119.2947673410183,8.950395436489876,2.1790700196483814,0.3481439793138352
4,329,Residue Management (No-Till),151,,,,,,,False,289.903063632063,474.6263953063915,44.75486284317327,1.5076795100230198,0.24768976298539344
4,590,Nutrient Management,1514,,,,,,,False,772.1954863358307,212.8485865377418,85.02396890300044,25.46295544084218,5.7003442725969675
4,329,Residue Management (No-Till),835,,,,,,,False,1130.8609203021235,2233.7943587129903,205.90307836470697,98.03457838880202,15.635383265484665
4,340,Cover Crop,2636,,,,,,,True,1437.2113520081036,230.62157788531687,22.47679165270513,53.7705105441603,2.311151776521076
4,329,Residue Management (No-Till),604,,,,,,,False,435.55431393814996,222.84620322416805,17.895870405522103,5.986334459374134,1.2560949054282449
4,590,Nutrient Management,1285,,,,,,,False,4005.4827691763253,4623.790912610595,1537.4120043752098,59.6884971452768,14.450902937075393
4,329,Residue Management (No-Till),2226,,,,,,,False,847.8975601337513,569.4979831196729,31.87411937621974,207.07174980646482,52.62948403676062
4,340,Cover Crop,3,,,,,,,False,2180.4975579147954,237.41890811140408,67.71358815656914,12.081475332377844,3.2407953874857265
4,590,Nutrient Management,2213,,,,,,,True,1732.5103494046384,984.2810789151852,85.05804709627712,10.915440788093392,0.6947110920313442
4,329,Residue Management (No-Till),170,,,,,,,False,423.3607731893532,173.45513478593006,18.194023047623737,84.59054177750146,18.35108501273719
4,340,Cover Crop,313,,,,,,,False,11457.769840604647,648.5812781181826,202.083205642235,1231.6367806489056,220.26453792812845
4,329,Residue Management (No-Till),1149,,,,,,,False,1506.600321560023,1386.668025017859,96.22624363389934,295.71858098615894,67.52841952503901
4,329,Residue Management (No-Till),1164,,,,,,,False,1272.1053347610723,584.3768851895328,68.04930653283233,256.7054186542337,48.43177568660505
4,329,Residue Management (No-Till),417,,,,,,,False,1964.698231698881,884.6820616290414,75.85671224227741,70.77991085029268,11.431108961842495
4,590,Nutrient Management,1913,,,,,,,True,707.8380144552896,962.5643714284762,101.57345536436307,14.420196837559233,0.8766257397993182
4,340,Cover Crop,1642,,,,,,,False,251.72622083709277,175.9571283663166,59.75188873291283,2.0447012309474566,0.39888913856293706
4,590,Nutrient Management,823,,,,,,,False,2816.9831944069692,873.8762043939493,334.5871929865564,232.37341224601684,50.05892830755904
4,329,Residue Management (No-Till),1070,,,,,,,False,1012.5024608892237,444.19589723552104,46.965680262713285,17.139103841730925,2.653976695069343
4,590,Nutrient Management,1876,,,,,,,True,1019.204693570749,50.827988130381556,4.237763842159835,9.349006223136447,0.5202425805058181
4,590,Nutrient Management,852,,,,,,,False,261.77036349656254,112.3051982281687,46.24569249677013,64.0496405896011,18.054530082052896
4,329,Residue Management (No-Till),2124,,,,,,,False,242.54746575187764,50.421040578594585,5.833796425340881,6.761360747711861,1.3348563519416812
4,340,Cover Crop,531,,,,,,,False,5731.411343349149,339.9274155260462,133.9334140401029,10.819815559648205,2.132179301034182
4,340,Cover Crop,2449,,,,,,,False,1231.0767431275635,167.77654105683166,67.8200757222253,30.740839894566086,4.190176446457508
4,329,Residue Management (No-Till),1273,,,,,,,False,305.13314928033043,298.85536102359004,17.582731912865444,6.096375178162334,1.2750415342886652
4,329,Residue Management (No-Till),1028,,,,,,,False,1717.372032332258,2160.8291698855824,322.6944410808895,39.02064502208082,6.438314634503899
4,590,Nutrient Management,589,,,,,,,False,602.0623520600836,93.91629855699632,35.02524031818806,9.248357918888793,3.0252653548776944
4,590,Nutrient Management,524,,,,,,,True,3097.8616267442926,211.4519566884266,21.749762941756725,158.35540630956564,11.206848759095168
4,590,Nutrient Management,930,,,,,,,False,1297.4548372857976,699.5753035767872,229.9690127124426,18.71468275147276,5.454849161977177
4,590,Nutrient Management,2140,,,,,,,False,1460.0229903176166,1348.8837051513588,481.6810792117684,52.26814195603563,18.574260130523676
4,340,Cover Crop,2285,,,,,,,False,2492.0213520972948,450.4648519946961,135.26569825534708,3.383793430480677,0.40743020253135614
4,590,Nutrient Management,2060,,,,,,,True,1809.5346467667414,161.64748977501063,15.203051965404429,112.93572190199883,7.0808778618647725
4,340,Cover Crop,1295,,,,,,,False,4965.856692991255,1730.6373141997678,513.9308156839749,11.80241328690886,2.2246150923295605
4,590,Nutrient Management,1931,,,,,,,False,553.0533786728121,356.2209033580947,139.92028253364276,3.633566804336628,0.8286526693672456
4,329,Residue Management (No-Till),1244,,,,,,,False,902.1000149102379,1388.6667980917734,134.8348713381842,2.5935253629189647,0.41228764178822136
4,329,Residue Management (No-Till),2432,,,,,,,False,1346.8728475255423,653.6153117491552,63.580712731993074,3.9848498054539014,0.736649707693784
4,329,Residue Management (No-Till),2190,,,,,,,True,1166.6242585454165,998.7964898348548,15.398818083410832,10.73882573442315,0.3868987541668903
4,590,Nutrient Management,300,,,,,,,False,555.8187002967408,232.99282295931812,69.20365950868575,48.39957559014528,10.162656179163035
4,329,Residue Management (No-Till),2335,,,,,,,False,367.1781943497681,242.86174465296065,27.193098406888947,20.85286442481649,5.122542721092213
4,329,Residue Management (No-Till),1565,,,,,,,False,776.4271025010086,73.45939398534152,6.871474298808401,41.83889970746331,9.826065296692368
4,590,Nutrient Management,660,,,,,,,True,411.4403388173519,356.3316586867493,29.247912611411113,1.3897796392749031,0.09221000530062665
4,340,Cover Crop,105,,,,,,,False,3668.7190021810416,3902.5466913908786,1107.9896859071116,116.71839497644572,16.779508672734615
4,590,Nutrient Management,198,,,,,,,False,1167.3474722309402,36.227822226783594,14.830331660428328,137.28002432793437,35.59737498067775
4,340,Cover Crop,1007,,,,,,,False,2119.0230336811615,560.8766222967747,224.03459961506988,61.59984651534265,11.436345925022694
4,329,Residue Management (No-Till),1848,,,,,,,False,28.98588516174107,30.076294530938515,3.3534700161097994,14.550422939442683,2.8006371192542803
4,590,Nutrient Management,585,,,,,,,True,238.3521222407318,225.77889372872272,21.836056180893323,30.764276053684654,2.177194350684321
4,656,Constructed Wetland,2098,,,,,0.8032559500386434,30.283950377785533,False,67189.61181737066,167.68723437361976,51.17939514972063,42.965954754145464,14.791223838078892
4,329,Residue Management (No-Till),24,,,,,,,True,1021.0643164857923,606.8272916859436,6.469485715662496,30.692550599924978,1.3828663869882534
4,329,Residue Management (No-Till),627,,,,,,,False,929.6494111783148,3804.7780579815303,440.1215919995036,36.98598691021536,6.555025280879831
4,590,Nutrient Management,2173,,,,,,,False,583.1362060851357,203.83910599545683,68.44576569920117,6.5359349092922585,1.534852901681103
4,329,Residue Management (No-Till),880,,,,,,,False,933.0836642566215,261.75633499645306,13.714258661893531,13.578079026044456,2.540316763247927
4,590,Nutrient Management,144,,,,,,,False,2912.9994541697715,2055.9107715870446,620.6296539255936,88.21139676310223,27.403785676291943
4,329,Residue Management (No-Till),1140,,,,,,,False,46.297444438043335,46.6164871120245,4.899660121430226,2.9262202875519163,0.45769706065976967
4,656,Constructed Wetland,2057,,,,,2.8470742753466904,1.7998358482826002,True,485281.5462656384,162.76942891982466,12.58859050588498,33.69165423260258,2.2540786885447064
4,590,Nutrient Management,2434,,,,,,,False,1257.9007955387744,751.3248223481003,297.13262598034186,12.815203936009675,3.3629739812835013
4,329,Residue Management (No-Till),1763,,,,,,,False,705.1863283277548,149.55171155883525,12.56912871269236,55.53534772618562,11.090954154001972
4,590,Nutrient Management,598,,,,,,,True,1125.9827895266205,454.44319818640975,46.35376344774572,9.636184180405026,0.39819507707284413
4,329,Residue Management (No-Till),1559,,,,,,,False,311.6501894275219,347.9082053420129,37.90741872695051,20.78739613224902,4.560347504009308
4,340,Cover Crop,1387,,,,,,,False,1905.5498659913048,239.84364046245375,88.29751911579622,85.60809306653074,18.614765244176997
4,329,Residue Management (No-Till),541,,,,,,,True,257.829998267316,181.15103708301467,5.358790439062272,0.7846536172885566,0.04538957259585313
4,590,Nutrient Management,945,,,,,,,True,209.9772735802168,3.5575766638137476,0.3371696111989563,2.1276376090363707,0.1668702097163303
4,329,Residue Management (No-Till),109,,,,,,,False,867.3084835894122,476.95717443569856,42.87421222803741,31.312020248513445,6.208694206070465
4,329,Residue Management (No-Till),2265,,,,,,,False,1464.7637963472375,520.145990814215,65.14218049039242,31.302385564567516,6.2841769891754735
4,340,Cover Crop,1359,,,,,,,True,4068.324910170855,1052.197574405067,97.73799819216451,9.556318695367974,0.47351550941901505
4,590,Nutrient Management,2321,,,,,,,True,1646.4604908558742,7.905963498829543,0.7238357855919314,2.4857231544795506,0.137966823713522
4,340,Cover Crop,2271,,,,,,,False,2480.1684758947526,358.48253482774766,100.25774270508253,75.10703537387411,12.986677294058786
4,329,Residue Management (No-Till),173,,,,,,,False,287.83295364106476,71.7329795733498,7.011959161161452,35.73730780267109,6.172701346650231
4,329,Residue Management (No-Till),1125,,,,,,,False,1.5600793475183277,1.83317024890314,0.2148246111534668,0.02017660928624518,0.004132690048090735
4,590,Nutrient Management,1633,,,,,,,True,2100.117874670021,2029.1195639049995,182.34338259631699,59.19320222284255,3.544189298805623
4,656,Constructed Wetland,2136,"2136,1134",,,,0.6310366943269134,3.7097724695856207,False,104832.39236321079,97.31069905621402,26.315847389626697,10.744111055308903,2.7079081870216335
4,340,Cover Crop,1924,,,,,,,False,2015.002122995278,438.62382017795704,142.9658232589509,21.01022078877471,3.771818870878496
4,340,Cover Crop,1995,,,,,,,True,1499.851798000092,156.77426506663602,15.804519829752119,33.31830230408937,2.0015939112616246
4,329,Residue Management (No-Till),1929,,,,,,,True,561.8116899923365,232.37525966127453,6.337376130265128,27.04955789854422,1.2149298670514443
4,329,Residue Management (No-Till),2179,,,,,,,True,606.8938385415742,145.94341003668274,2.7768975562212654,26.86253610607553,1.0773256132520295
4,329,Residue Management (No-Till),657,,,,,,,False,1559.3836652311684,747.3123124289523,48.68581073292285,9.444861012959345,1.6680639152448353
4,329,Residue Management (No-Till),1278,,,,,,,False,2378.292204985974,1537.099405254983,93.54945930940491,42.82984309781316,6.726062618334149
4,329,Residue Management (No-Till),2061,,,,,,,False,482.60075362160734,283.4371484086102,13.021156649067203,40.73257743192251,7.349426731806115
4,590,Nutrient Management,793,,,,,,,False,2308.068519703181,674.6501057565939,236.51356382916742,90.90049930659578,30.015754291996608
4,329,Residue Management (No-Till),2548,,,,,,,False,154.2168319058698,47.8666646562373,4.33267660290987,6.180513609362859,0.9377183218209605
4,340,Cover Crop,999,,,,,,,False,1519.7513909427457,49.35902691814833,22.27541625626827,5.000943172683013,0.5192954013398453
4,590,Nutrient Management,932,,,,,,,False,2016.6908888524824,1541.9259835023718,523.6751490087324,108.6293887112079,24.01758334092684
4,340,Cover Crop,796,,,,,,,False,1794.6840292074864,146.6736077667093,70.5230014546468,7.202559004159815,1.2968006057478487
4,329,Residue Management (No-Till),2503,,,,,,,False,421.05039750131397,393.2002814554477,26.72442650138544,10.211703493361723,1.8060558636427553
4,329,Residue Management (No-Till),2651,,,,,,,False,749.0770386669637,365.85273252202165,38.75039300093073,37.10276186323674,7.903181444687453
4,329,Residue Management (No-Till),168,,,,,,,False,415.922321600202,429.82005793201887,36.13897103122032,10.875610620207839,1.8446817923020453
4,590,Nutrient Management,152,,,,,,,False,891.2692370496644,2794.273436334743,1121.157332632009,1.6657063024854795,0.5731466255618958
4,329,Residue Management (No-Till),1654,,,,,,,False,844.0122366845833,176.96862796270923,10.901778972307808,41.54632883288128,7.3598003894193775
4,340,Cover Crop,814,,,,,,,False,1607.671335807269,338.0004933733778,129.88389435786542,11.501604501630451,2.166259693012508
4,329,Residue Management (No-Till),1503,,,,,,,False,1217.9458326709837,1542.4587574009404,158.352953256465,6.351284890870914,1.2466644569367347
4,590,Nutrient Management,933,,,,,,,False,228.7410454009715,7.3858502990750186,2.8898876362453896,2.687077237633801,0.8235251513776567
4,329,Residue Management (No-Till),294,,,,,,,False,210.63289996081622,88.84639919124038,5.496681237367494,32.85478063241984,5.1692655839359904
4,590,Nutrient Management,2617,,,,,,,False,571.4937977353327,291.99763517644067,115.03658935050112,37.485745058100974,10.66765649814797
4,590,Nutrient Management,1652,,,,,,,False,571.8446499293572,179.8739901695656,68.98484940787837,2.307991070865268,0.7001888272008955
4,329,Residue Management (No-Till),2089,,,,,,,True,574.063303472446,899.010650313312,8.822657020725407,226.4053271664205,11.070433365457204
4,329,Residue Management (No-Till),2482,,,,,,,False,768.8647991288248,644.211824843503,58.59637826207078,18.478240104837408,3.5699204893425414
4,340,Cover Crop,2358,,,,,,,False,3134.3405674356923,217.37349134149548,73.83907680754477,30.295046251305536,7.618760415093535
4,590,Nutrient Management,160,,,,,,,True,423.57023893134715,190.47605819200123,17.52974664599224,5.27686185272588,0.26402993602975056
4,590,Nutrient Management,2225,,,,,,,True,3282.897720598861,324.1820622374558,29.771326768896305,344.544490707651,21.032139297096773
4,590,Nutrient Management,1229,,,,,,,False,1918.9971400707211,206.61150166979922,69.06034528940897,21.711338018153818,6.269657345345189
4,590,Nutrient Management,666,,,,,,,True,2321.116927661387,1478.1502337370414,121.98106243178911,19.290313423447493,1.4368791539299175
4,329,Residue Management (No-Till),1505,,,,,,,False,1206.9742168733583,452.0152013188948,52.70343945848514,59.461770911357355,10.240519386959079
4,329,Residue Management (No-Till),1917,,,,,,,True,299.92362151508456,607.4570893050485,12.9162286035043,14.363044060353591,0.7083429658407605
4,329,Residue Management (No-Till),2612,,,,,,,False,166.01958553325335,97.15798857889595,7.406603516940787,1.2615798817094823,0.24060113850796136
4,590,Nutrient Management,1149,,,,,,,False,3019.060338763621,1290.4417813839596,521.0775974772185,228.19016146111994,62.656374160591824
4,590,Nutrient Management,1377,,,,,,,True,597.7954676789822,194.8800282147462,20.633848526144856,10.773349873548037,0.6966490947146866
4,329,Residue Management (No-Till),816,,,,,,,False,507.00855817008295,898.1568177682996,93.54650368395758,48.96228673868087,8.385988845291244
4,329,Residue Management (No-Till),1116,,,,,,,False,3611.9558309700865,6316.2247308297365,613.7944884036505,1322.8875727088162,221.1578366938828
4,590,Nutrient Management,2342,,,,,,,False,1246.1029384207188,1299.716647859436,403.6117311370029,8.114482165177186,2.0043081870703587
4,590,Nutrient Management,317,,,,,,,False,809.9212987675887,421.3834332106258,169.91117794690584,8.196167105238715,2.014695690075824
4,329,Residue Management (No-Till),2580,,,,,,,False,919.3652649890623,947.2427763096575,99.09479518204809,52.654001117837765,7.990674531985114
4,329,Residue Management (No-Till),195,,,,,,,False,779.10269294436,816.0967131899065,52.085081207749305,4.422912579915867,0.8886333628887562
4,590,Nutrient Management,1392,,,,,,,False,2170.207242979876,245.7033874406923,90.81690866923425,44.230106414768805,15.71445344855501
4,590,Nutrient Management,959,,,,,,,False,3075.5757815893853,2786.108234596822,961.6787932756177,39.95784854114677,12.71992560974816
4,590,Nutrient Management,2390,,,,,,,False,489.42955692567705,163.38710974318576,48.02299183402731,1.9300117394260878,0.45744650950020627
4,329,Residue Management (No-Till),896,,,,,,,False,648.8275820818093,163.60750469171242,13.646089795136612,1.4889896656929187,0.28842137617978314
4,590,Nutrient Management,1726,,,,,,,False,3500.771115329452,1682.370744674645,555.6473084908,0.733102768425869,0.22814566770912353
4,340,Cover Crop,1199,,,,,,,False,9192.904566512563,2029.838006266241,832.5787587113641,249.78647637619162,39.641621075924036
4,329,Residue Management (No-Till),1345,,,,,,,False,346.4301923404614,43.97185128684154,4.547319133708969,3.349368675063912,0.6354976929804638
4,329,Residue Management (No-Till),1418,,,,,,,False,118.4695128117094,26.111760998748462,2.7717795462402557,48.04885082268659,5.99810085200333
4,340,Cover Crop,1761,,,,,,,False,1993.593764451131,464.160378867647,149.57316756610467,16.94910092579046,2.859847210442819
4,340,Cover Crop,76,,,,,,,False,1003.2738720292592,284.9132606134219,98.249022711074,16.019102815394064,4.719222216241317
4,329,Residue Management (No-Till),240,,,,,,,False,187.49425451370027,189.6336419524187,17.20864686003129,18.80323183201163,3.396486932049338
4,340,Cover Crop,251,,,,,,,False,1732.3420033505297,132.10945950633788,47.942513229595924,46.41784296186232,9.167820590010107
4,340,Cover Crop,1174,,,,,,,False,1759.9912144768246,2252.6592596094056,718.1979640730398,50.29034694914996,16.852741702385018
4,590,Nutrient Management,1825,,,,,,,False,1643.4525969518477,686.857210709203,195.04147495859976,12.031905669458896,3.252578701460127
4,590,Nutrient Management,2153,,,,,,,False,4489.594849774668,1169.7935863909756,355.5972814633466,52.814566726424125,14.900742506225795
4,340,Cover Crop,2350,,,,,,,False,1287.3744197240685,557.6842593769654,144.45790293558682,31.333782725266516,5.700578829011426
4,590,Nutrient Management,2419,,,,,,,False,1128.4564215454168,241.2565587941403,94.3654236317304,3.1153592266175174,0.6563328985570576
4,340,Cover Crop,1883,,,,,,,True,3107.208128530585,331.33508017594266,33.5268549041703,404.022810371111,16.56519653906511
4,329,Residue Management (No-Till),1537,,,,,,,True,1469.407114487118,683.013262106909,11.418486536294228,27.715823580829735,0.7457822718643243
4,329,Residue Management (No-Till),1229,,,,,,,False,955.9213540398845,137.55115638039024,13.320705571806002,15.441680672808626,2.7430943788496736
4,590,Nutrient Management,2605,,,,,,,False,4863.813005903825,490.6678694013738,147.55612656895786,12.000368210490194,3.577288934866197
4,329,Residue Management (No-Till),914,,,,,,,True,1453.4405118076406,1105.899943960087,21.207609836321712,299.59808756782485,17.632863397549915
4,590,Nutrient Management,1718,,,,,,,False,1525.1547518708467,508.9262997097528,164.51482768084918,1.504247676338632,0.4788202248945209
4,590,Nutrient Management,439,,,,,,,False,526.7126256415911,695.9963001414338,238.3159426291812,12.62228131708236,4.4670043311967795
4,329,Residue Management (No-Till),941,,,,,,,True,897.9150911284767,913.0709649320922,26.80347683434667,172.16782724628237,7.550533754003011
4,590,Nutrient Management,1112,,,,,,,False,4433.5311902351505,6637.7249849986165,2036.7891791848335,49.786870919532284,12.748868002954731
4,329,Residue Management (No-Till),904,,,,,,,False,889.3678960023218,242.67688269668042,10.628973870519232,26.795552879670655,5.06747663460082
4,329,Residue Management (No-Till),1773,,,,,,,False,361.7017929636435,185.6526454737332,21.972983336333748,12.895794582752295,2.2979190571796497
4,329,Residue Management (No-Till),324,,,,,,,False,427.07526479245695,207.4378856797331,15.460790693063165,12.8392242406206,2.2022700916557643
4,329,Residue Management (No-Till),31,,,,,,,False,542.7631953425088,190.26870203706846,22.96920364713942,7.171016611541634,1.589702613957276
4,329,Residue Management (No-Till),1002,,,,,,,False,451.48628131877786,50.03131261068695,4.5669379959853105,14.56957139278162,2.570813924380828
4,340,Cover Crop,1625,,,,,,,True,512.3211888096059,129.1079245723594,9.888957527059908,13.714456977004703,0.5956659702001322
4,340,Cover Crop,2478,,,,,,,True,4825.313022887524,647.3920047933067,63.754465833207355,30.866993389364026,2.3553896687135243
4,590,Nutrient Management,1710,,,,,,,False,624.7599554106905,134.55158809688695,51.838420922761074,7.577732795228361,1.9026395884071723
4,340,Cover Crop,1620,,,,,,,False,1419.587553618287,578.8334292279119,188.07394589701,9.340476735835653,1.8240008170484658
4,340,Cover Crop,1974,,,,,,,True,3126.4185166562247,247.80094082786601,21.944764704574585,38.72495357977991,2.515653477992702
4,590,Nutrient Management,220,,,,,,,False,1188.178398820957,120.45806218408865,42.03157452793516,3.267182379545412,0.6911272436393041
4,329,Residue Management (No-Till),1759,,,,,,,False,432.4295330215697,202.71834007647158,26.97898256246048,6.227380250326344,1.0133801662307613
4,340,Cover Crop,1349,,,,,,,False,180.3724025308856,45.909244405335045,18.649586814367012,0.9673124564393019,0.2561344023849423
4,329,Residue Management (No-Till),489,,,,,,,False,2313.302148299991,2195.9640808182494,142.62301010303182,39.11664425228256,10.059696576911556
4,329,Residue Management (No-Till),2457,,,,,,,False,267.669558103297,267.41043894630064,22.69032559873912,7.102556783802544,1.2039581507417139
4,590,Nutrient Management,1444,,,,,,,False,1019.8352322826843,206.66649749167246,80.23842325072516,32.766351264428295,11.131611589193454
4,590,Nutrient Management,189,,,,,,,False,100.25999641697275,4.143780746379257,1.4729397628265057,16.520086183644892,3.7461876957755766
4,329,Residue Management (No-Till),1877,,,,,,,False,340.5842901723616,325.61167299163,19.93847514316559,30.888508798285617,6.168051801102002
4,329,Residue Management (No-Till),1264,,,,,,,True,549.1717688758979,147.57316584361718,1.6262176336872518,39.3204794577175,1.4432007608937623
4,329,Residue Management (No-Till),2647,,,,,,,False,784.000820540713,526.1400730502925,43.975443024505516,91.44613884424012,14.891497545287432
4,340,Cover Crop,1236,,,,,,,True,1016.0956754442897,94.8526913885487,6.8862152659604146,11.930144542406776,0.5409957636436104
4,340,Cover Crop,1781,,,,,,,False,768.7744882409324,30.002254106372998,10.090284830617124,6.861321305216031,0.93479007437639
4,590,Nutrient Management,196,,,,,,,False,1232.0210140127479,3207.522924586735,1232.5444651573237,34.71960353786633,7.131544601881881
4,329,Residue Management (No-Till),1523,,,,,,,True,219.12318226358408,189.63265033270713,3.0464267727239407,8.3656638739717,0.4354135980834493
4,590,Nutrient Management,2584,,,,,,,False,425.6511357360339,97.93756104967747,32.54335036302843,2.126647913138716,0.627636082840834
4,329,Residue Management (No-Till),1253,,,,,,,True,228.661305342478,117.00678839408835,2.0305092734410413,6.9274122161181815,0.3647813441521598
4,329,Residue Management (No-Till),84,,,,,,,True,395.90287258575137,606.8294750231337,16.788679917354692,0.45849862827120413,0.023923147810124116
4,590,Nutrient Management,2304,,,,,,,False,646.3812598614008,201.3640099100203,57.35980602934135,15.40932216935376,4.295127155789568
4,329,Residue Management (No-Till),1459,,,,,,,False,332.25609362575483,583.4306743537129,40.50398590454364,32.97845261804417,5.568155571727789
4,412,Grassed Waterway,991,,1140.438261367327,1.2166195372266646,0.2980037091649228,,,False,156168.36911415603,15.059130317591698,0.7302993699794086,10.300053894876298,1.7111467664169753
4,590,Nutrient Management,1836,,,,,,,False,1689.5461596948794,146.22445626599713,55.577776334789085,4.466371457606614,1.2635386188986002
4,329,Residue Management (No-Till),1258,,,,,,,False,691.5664978231138,984.6515022538179,101.12278347530749,15.210767166457671,2.7573462005866016
4,590,Nutrient Management,1459,,,,,,,True,336.34274051542855,542.9266884491692,46.29520326359468,27.41029704631638,1.5177671423792718
4,340,Cover Crop,2484,,,,,,,False,1929.5739871017415,380.65278104905695,149.16285774550977,5.654985991402893,1.1130125315568986
4,590,Nutrient Management,843,,,,,,,False,7077.731176034112,5913.310460864519,2491.579652811661,341.0347498565286,83.97930481983212
4,329,Residue Management (No-Till),671,,,,,,,False,345.88792242901957,265.26588950811833,35.06172052292745,29.14457277718187,3.7916531966405884
4,590,Nutrient Management,1835,,,,,,,True,1688.4962497829313,397.5670266743384,31.815445925240528,25.958605374162516,1.2008250769585311
4,590,Nutrient Management,101,,,,,,,True,449.7369508712841,130.45854312044042,10.156491423686909,17.64508871615737,1.2965378649591568
4,329,Residue Management (No-Till),775,,,,,,,False,316.2242190094859,114.07442900988406,12.63356217238325,5.006138109230932,0.700902624680606
4,329,Residue Management (No-Till),2670,,,,,,,False,480.85978043563665,66.755007261917,6.065009070391741,130.02694509069,26.475851975169352
4,590,Nutrient Management,1635,,,,,,,True,6707.627256243724,4548.511278258066,306.56090736027846,24.40251062190926,1.3416204706646484
4,329,Residue Management (No-Till),2536,,,,,,,True,263.7238288198983,524.1206348477343,13.78587456364565,3.5632638569506216,0.18125028092699091
4,329,Residue Management (No-Till),2132,,,,,,,True,1114.393151712688,330.60040094496145,6.83682619255047,13.278182711025757,0.5224126025916396
4,590,Nutrient Management,338,,,,,,,False,1648.1882009088868,728.0933123780388,291.9014792413476,10.258926411293643,2.705400255689095
4,329,Residue Management (No-Till),517,,,,,,,False,332.00105587076354,246.1747428387332,18.8475637206504,42.732065145542464,9.046875928266045
4,329,Residue Management (No-Till),212,,,,,,,False,347.1925599789524,55.39199948113323,3.9354867948551853,32.054253138114156,7.117776166361103
4,590,Nutrient Management,1968,,,,,,,True,898.1949993737886,742.766291940633,71.48474712036428,3.045869521233763,0.1746104078058669
4,329,Residue Management (No-Till),178,,,,,,,False,55.79653250862931,155.3705362324021,9.369203317615304,3.867121904516882,0.7946383270755837
4,590,Nutrient Management,318,,,,,,,False,2359.4928881588094,1892.6803111091465,758.235420453072,53.838152373973415,12.505203598391
4,340,Cover Crop,1055,,,,,,,True,1470.8451585924995,374.66974521340273,31.624641230082727,3.8676853235751034,0.1938215226371669
4,329,Residue Management (No-Till),202,,,,,,,False,1304.2104787652122,448.862625818083,44.30638279985033,34.73950111145859,7.080157093129289
4,329,Residue Management (No-Till),1520,,,,,,,False,278.47583735059874,100.50048725223611,9.318089888086114,26.952556891291113,3.250816513921643
4,590,Nutrient Management,2398,,,,,,,False,1197.3036716582708,513.659401335306,163.6722539846139,11.595988090177322,3.0276808900651506
4,340,Cover Crop,43,,,,,,,False,730.1585822605299,64.53166634822448,23.021133824772615,11.788887848009445,2.1338973349750416
4,329,Residue Management (No-Till),574,,,,,,,True,673.6388663565723,1191.6138303652885,28.922503082189902,58.608295929199244,1.847362172021215
4,340,Cover Crop,1198,,,,,,,False,10366.786957887032,2951.214752950662,1200.7978161786916,79.54070651292751,13.548364144078633
4,590,Nutrient Management,1925,,,,,,,True,1973.2316946221385,380.96629561929745,38.3286421848408,12.548638432284767,1.05644494289931
4,340,Cover Crop,2381,,,,,,,True,1821.9563807713403,289.2064488273055,28.15025749606285,38.08627409540666,0.880714585268621
4,329,Residue Management (No-Till),2002,,,,,,,False,525.3158992467188,1479.6273503799177,59.14942121273924,23.906511017779195,4.124855766735605
4,590,Nutrient Management,1733,,,,,,,False,1241.9419802877683,778.8428138904447,325.22915647488264,17.03926773770893,5.431986602242971
4,590,Nutrient Management,1671,,,,,,,True,1078.8491585582942,163.26698408322,18.470132288833685,10.907705433283764,0.5871105120825864
4,329,Residue Management (No-Till),2028,,,,,,,True,314.4170720273604,53.352008143710044,1.474515443077836,17.75734988031196,1.0124937238491507
4,340,Cover Crop,2363,,,,,,,False,3077.9402734537343,625.8032556796421,249.92379979118792,13.34262574434057,3.431627413518095
4,329,Residue Management (No-Till),2118,,,,,,,False,286.2371043099636,345.09789516670656,22.61919578832249,1.7331390993301787,0.3394355726243845
4,590,Nutrient Management,251,,,,,,,False,339.55570035793386,84.16694627674195,31.200133338157634,37.25002237185222,7.840551145264388
4,340,Cover Crop,2024,,,,,,,False,2947.5239923831655,1031.9659064727007,293.8662970121808,30.338175610308245,6.765135490375743
4,340,Cover Crop,450,,,,,,,False,3227.8992036167724,340.3257549267283,154.45122914800166,5.192882721888422,1.3229455254355502
4,329,Residue Management (No-Till),390,,,,,,,False,8019.238549558557,909.7681521961115,69.53235103527575,51.653394306794716,11.86696307935515
4,329,Residue Management (No-Till),600,,,,,,,False,711.1213593237292,340.36004570622197,31.230036153641993,9.019025856785841,1.855581231290438
4,329,Residue Management (No-Till),78,,,,,,,False,446.3918574732388,255.48131826531954,25.2097380076495,12.47634682647785,1.5666437355132117
4,329,Residue Management (No-Till),304,,,,,,,True,1084.8649945306934,664.5333416753301,11.213902535602221,6.578074605300198,0.2388283406998911
4,340,Cover Crop,977,,,,,,,True,1649.0629735304033,190.59308775932925,15.931109339555235,0.26719918365889517,0.009134114502387011
4,329,Residue Management (No-Till),543,,,,,,,False,448.5812172913201,348.1780180772453,41.406907301578165,1.9248312630825066,0.38591053282184645
4,329,Residue Management (No-Till),866,,,,,,,True,549.6151999581033,748.1195305328663,9.905606359362494,17.248221204621156,0.6251927514546877
4,340,Cover Crop,2568,,,,,,,False,3271.8961046387776,789.5891071930233,278.6597399304116,337.78872380409996,41.87166774785644
4,340,Cover Crop,554,,,,,,,True,473.51519045040675,125.57720554793785,9.733667840371982,4.302909424018117,0.19236766051100623
4,329,Residue Management (No-Till),2441,,,,,,,False,813.3517227720741,456.6105168103176,19.403052048950865,16.006416627316508,2.927979637170714
4,590,Nutrient Management,434,,,,,,,False,2081.503656525971,3.059395876300939,1.1449122727991767,8.207218391847874,1.809867656646908
4,329,Residue Management (No-Till),315,,,,,,,False,682.4665981405855,271.88187950215695,29.132441263387907,33.099009277937796,6.474606489805077
4,590,Nutrient Management,809,,,,,,,False,1295.3145243424965,146.21719477116486,54.33778649062361,103.43888648052872,18.855727892584618
4,329,Residue Management (No-Till),44,,,,,,,False,210.39028508614834,157.5994403496202,11.356802468687196,6.19107248371932,0.7863612929006489
4,340,Cover Crop,685,,,,,,,True,553.5289248168349,140.56500260196236,13.408756004942287,5.113005770602811,0.2689361011969157
4,329,Residue Management (No-Till),2544,,,,,,,False,1218.9377344238083,699.2201775022659,78.87573938763573,25.493029013309123,4.3680855364708195
4,590,Nutrient Management,577,,,,,,,False,2242.721432745904,213.2333378892324,70.16395258106897,37.60900858261324,9.011156018302716
4,329,Residue Management (No-Till),2405,,,,,,,True,1140.277344971596,3134.638040530385,58.6982131059399,19.594605061427032,0.7633441302726939
4,340,Cover Crop,1466,,,,,,,False,1103.5514325642678,181.800188902627,53.11162402308794,63.322039562618926,13.087640546997841
4,329,Residue Management (No-Till),2104,,,,,,,True,327.81631110762123,40.74734265104277,1.1087697721510112,30.60366122632707,1.2226906980037398
