scenario,cps,cps_name,pid,impacted_pids,linear_length_m,buffer_area_ha,portion_treated,wetland_area_ha,catchment_to_wetland_ratio,failed,cost_usd,treated_TN,removed_TN,treated_TP,removed_TP
5,590,Nutrient Management,2128,,,,,,,False,4350.448036621458,647.2794272690667,213.31334748378114,68.32521843859892,20.54596250895155
5,329,Residue Management (No-Till),1722,,,,,,,False,460.53069192158233,498.4750112877851,43.80452182418333,4.50175614872581,0.6678125605302061
5,590,Nutrient Management,2342,,,,,,,False,1591.8777704255037,310.21309395232754,80.48516221963322,18.95987390970713,4.750984684756397
5,340,Cover Crop,2443,,,,,,,False,1150.8334261001025,521.2761613555411,211.70454866800426,16.454297905890883,2.501099882194834
5,590,Nutrient Management,166,,,,,,,False,1842.9324385981647,1185.777147385997,510.1027264544029,13.084039805341877,2.7701636039443502
5,329,Residue Management (No-Till),1789,,,,,,,False,38.404465688754065,32.598967412422915,3.373211893195674,0.16306069649258673,0.02401958594486818
5,590,Nutrient Management,284,,,,,,,False,548.8124236652098,101.14866536927771,41.50817646718934,22.35739312709717,4.925560379296931
5,329,Residue Management (No-Till),589,,,,,,,False,357.9450152408275,368.56805438951613,24.93515502358759,6.69166711360254,1.1579519754902756
5,329,Residue Management (No-Till),522,,,,,,,False,2986.4287204295524,1159.6296765749107,100.88985346757848,127.77555298001958,21.740696928320315
5,329,Residue Management (No-Till),1386,,,,,,,True,192.28710250629575,311.53217632133317,7.926432321288906,2.038136773789285,0.11629149232299206
5,329,Residue Management (No-Till),2355,,,,,,,False,29.12732922310796,25.152660232888604,2.2189424980826864,0.668689853333648,0.14221034211411265
5,590,Nutrient Management,2383,,,,,,,False,612.9032400701318,225.96066341307966,70.46379546877903,2.1921964193667685,0.7565986189970444
5,590,Nutrient Management,826,,,,,,,False,934.917859572797,625.7273414248962,236.8960211250433,347.0553043665845,115.29533538664016
5,590,Nutrient Management,1142,,,,,,,True,232.53886601083164,377.9121258698822,33.58672539299694,3.774578674442579,0.17262091415828898
5,329,Residue Management (No-Till),1771,,,,,,,False,612.5764999858416,88.68230955476295,6.934829503285063,173.73971057417114,28.272130449289723
5,329,Residue Management (No-Till),1038,,,,,,,False,833.5793187696675,530.6470025774288,36.800248625445654,3.655774498840932,0.7207692509816007
5,329,Residue Management (No-Till),1265,,,,,,,False,933.218561394856,1292.0278890064562,70.68398042035608,106.72440412563803,13.938109400824246
5,329,Residue Management (No-Till),767,,,,,,,False,26.997278272255926,83.22205494692106,6.821534498913182,0.46909492663267766,0.07546412348139878
5,329,Residue Management (No-Till),1051,,,,,,,False,395.2444377866129,51.13591803793646,2.232915337501452,10.459667649826347,1.7114648696818013
5,329,Residue Management (No-Till),388,,,,,,,True,221.88675788466327,335.3791738840123,7.570804677880276,4.126238184660704,0.1714977869616315
5,340,Cover Crop,747,,,,,,,True,774.7041369748941,144.64133696449213,15.592285783490313,2.1879910287381015,0.12583623456583692
5,329,Residue Management (No-Till),1206,,,,,,,False,118.55959299638108,45.142717876395935,3.059232768726754,58.111193056958534,8.131392216945594
5,590,Nutrient Management,185,,,,,,,False,1639.9738885547806,333.94614792633206,103.85747762886751,63.41687822140609,25.225823586230568
5,340,Cover Crop,2281,,,,,,,False,9727.533500204632,2439.6145765856304,750.7563942920418,73.2346915555937,9.553315043266204
5,329,Residue Management (No-Till),506,,,,,,,False,1709.3994849878427,821.5629422790173,61.22685362375687,14.752562281318378,3.2923660939076873
5,329,Residue Management (No-Till),1978,,,,,,,False,1940.116060857575,1860.7516995304613,133.4423652765041,60.57770798963662,10.920841773781717
5,590,Nutrient Management,1978,,,,,,,False,4083.5452129243386,1727.309334253957,626.9637118113701,49.65686621585491,15.279648482416047
5,590,Nutrient Management,2296,,,,,,,False,575.6579882903981,306.3848999883427,99.44040807270697,20.349691604579036,4.808325554186197
5,329,Residue Management (No-Till),499,,,,,,,False,363.957731921339,170.58116974384845,10.379309763588527,50.350652895716934,7.372255544107636
5,340,Cover Crop,1347,,,,,,,True,2258.482086471955,659.5972260569469,52.31313120963731,59.98221489487618,3.6989129132960934
5,340,Cover Crop,1672,,,,,,,False,1815.5728527004799,1155.0481270083053,417.88480440840397,15.119397017627705,3.542354860652085
5,590,Nutrient Management,1090,,,,,,,False,2757.768755794795,1908.498443951802,699.2979011212389,153.72949630699665,43.479931326835
5,329,Residue Management (No-Till),1963,,,,,,,False,487.13513911977174,353.31407841130965,30.183299823329218,10.125491910238948,1.4820927577920548
5,329,Residue Management (No-Till),2180,,,,,,,False,1017.8361359880493,382.119570061375,39.83738834236765,57.135788938595326,10.697254873675584
5,329,Residue Management (No-Till),959,,,,,,,False,2306.93086417581,1638.1268027489084,116.68409294048725,435.1835265872347,71.45349916972725
5,590,Nutrient Management,811,,,,,,,False,3413.5647151874578,1853.9844810083732,761.7871915693019,13.642264620531737,3.3499856942778634
5,329,Residue Management (No-Till),1294,,,,,,,True,509.44268940643434,291.5933575447839,6.563091800865247,43.29220586492148,1.770393362818568
5,590,Nutrient Management,2190,,,,,,,True,1404.668953017688,841.8863255562021,79.923002816274,6.309625887277002,0.4277836298128089
5,590,Nutrient Management,1317,,,,,,,True,379.1584761629376,104.42433657355433,10.896308536734752,48.21380783011835,3.8440735175900556
5,590,Nutrient Management,734,,,,,,,False,766.4924517728921,369.34290504563256,162.82278880864996,27.514265436807243,9.405503619582253
5,590,Nutrient Management,2186,,,,,,,False,1281.9776703798898,1699.2069319787945,497.9948579560257,138.98337302299788,29.078695515205858
5,340,Cover Crop,831,,,,,,,True,675.322294320009,3.746676808117914,0.37722502385861983,10.883157248389,0.5476633661188137
5,329,Residue Management (No-Till),317,,,,,,,False,563.8982108583276,27.912951634299823,2.9807301207398997,6.052392905169,0.9557659937459275
5,329,Residue Management (No-Till),1845,,,,,,,False,1357.7463940444115,405.1062959881994,36.21622519999187,256.5386377759356,58.183866430192346
5,329,Residue Management (No-Till),2299,,,,,,,False,341.5681620614849,19.0833922781178,2.2209957466156576,13.8201807205147,2.8432562749759307
5,329,Residue Management (No-Till),2054,,,,,,,False,2864.978340003941,3048.914077202014,343.57104117868545,62.20946608164096,8.88044151766678
5,340,Cover Crop,736,,,,,,,False,1150.2999091780684,136.90513887223918,45.66989635008539,47.14161042206182,8.856085269273795
5,329,Residue Management (No-Till),811,,,,,,,False,2326.3504192704995,1092.1972894390713,78.39696995248578,10.292278926253873,2.213776082098998
5,590,Nutrient Management,620,,,,,,,False,4935.789200541706,1625.8485152024966,611.8384059336337,96.54582146825994,23.388715524207786
5,590,Nutrient Management,968,,,,,,,False,862.5097053769107,658.311112973736,248.1423373684065,4.4604963707318435,1.2538885139137113
5,590,Nutrient Management,168,,,,,,,False,699.5006105881538,193.99902333636965,65.97602289999314,12.187561112548584,3.5776824789919943
5,329,Residue Management (No-Till),2161,,,,,,,False,381.49151662589,174.55119431889597,19.442239834197,2.0548010451947563,0.35923273792289917
5,340,Cover Crop,1987,,,,,,,False,13993.46184581981,3356.537867654378,977.522074844084,256.46460738318297,73.38989927270066
5,590,Nutrient Management,505,,,,,,,False,3866.5635478590184,454.0039986108501,164.4838362885667,106.81781786561878,21.330868326468817
5,329,Residue Management (No-Till),1192,,,,,,,False,635.76099870295,298.08201241171446,21.315355440400626,274.51512457308706,45.84895467299749
5,329,Residue Management (No-Till),1344,,,,,,,True,352.8502159654023,244.95374143293225,2.520920682079703,0.5699622057146212,0.02274123125149796
5,590,Nutrient Management,1170,,,,,,,False,1197.1481584631638,102.70241835856044,46.00095587972646,75.52605257754846,18.717425305046458
5,340,Cover Crop,745,,,,,,,True,209.72931642143618,206.2647622400008,23.292985176426292,1.5138817456630262,0.0677822514602823
5,329,Residue Management (No-Till),116,,,,,,,False,754.0427961940213,693.9767009599173,44.74780947754179,7.099558714600933,1.405594894325074
5,329,Residue Management (No-Till),1521,,,,,,,False,365.1890619492433,142.1699491740852,12.592958309178176,4.2078056459134725,0.8526652227975445
5,329,Residue Management (No-Till),896,,,,,,,True,596.0112625426715,1837.757469597481,46.28222921950369,72.87284987018882,3.731739033651015
5,590,Nutrient Management,2282,,,,,,,False,1144.4010687934497,128.8115960065507,56.98074527735573,22.340002797288214,6.1786057704606545
5,590,Nutrient Management,1812,,,,,,,False,760.7741139265587,2442.394965341755,749.0016129033849,32.29559619083831,8.862466507171629
5,329,Residue Management (No-Till),344,,,,,,,True,227.9309590256366,345.8372066474819,8.470451070666392,3.300985963244466,0.1524452151561392
5,329,Residue Management (No-Till),1358,,,,,,,True,738.7387564243018,858.6244919040804,18.04657785647098,4.511858971684792,0.2577357611169986
5,590,Nutrient Management,2626,,,,,,,False,707.2625727573023,123.78348367035913,46.65996966109971,9.625892819007817,2.136457746558872
5,329,Residue Management (No-Till),931,,,,,,,False,1689.212427941459,286.80735145766295,23.951144756416188,158.11151419439935,28.743640776460563
5,340,Cover Crop,436,,,,,,,False,3071.2123723788814,1290.4737656954671,541.6280116798464,7.5954380611121755,1.4302288010714648
5,329,Residue Management (No-Till),1319,,,,,,,False,237.16485026510165,216.7161539109506,19.780768554252823,4.358619556304997,0.9403414765315472
5,340,Cover Crop,1536,,,,,,,False,2926.4359367539237,2625.5475485982624,898.642595395153,10.068901202961237,2.305382389959603
5,329,Residue Management (No-Till),1826,,,,,,,False,1438.4473367401042,3465.187574821371,265.42985315314206,91.44666729593322,15.166834679689357
5,329,Residue Management (No-Till),611,,,,,,,True,305.8528316616273,351.7684194535192,5.530462047581847,9.742318621188673,0.41305616803274886
5,329,Residue Management (No-Till),2579,,,,,,,False,604.3310870620692,588.5198656332769,50.357908790072834,20.703541856618422,3.322195091440425
5,329,Residue Management (No-Till),1343,,,,,,,False,356.04005757748234,216.50212241673967,17.73138230647694,82.78165763522587,16.23898900526417
5,340,Cover Crop,2301,,,,,,,False,3889.9798100783028,2137.172339199011,863.2198835514297,47.88320339383865,10.267258336382577
5,329,Residue Management (No-Till),1836,,,,,,,False,1164.4323502643608,1564.7334681901696,147.49489093422147,0.17232149696154853,0.03144031732526024
5,329,Residue Management (No-Till),1466,,,,,,,True,357.2392320791924,454.304016427683,14.934067104908275,27.576624871579526,1.452612350570899
5,590,Nutrient Management,740,,,,,,,True,846.6925875734196,203.59552272530667,17.337382500916874,19.495828825981494,1.0763559895829657
5,590,Nutrient Management,154,,,,,,,False,785.0187707566134,700.3085875596437,275.0245677573962,19.67036343284216,6.3175613925143805
5,329,Residue Management (No-Till),2011,,,,,,,False,797.8186117074697,35.37863075632279,3.8214626082078604,38.79550030902174,7.33787108003732
5,329,Residue Management (No-Till),278,,,,,,,True,501.8206930767687,244.84325654393,4.0764027494464115,1.48911936182727,0.07431154709470654
5,590,Nutrient Management,2307,,,,,,,False,1206.093798977829,1395.83416663407,404.0107038310366,18.018162515845987,3.8747144158878553
5,329,Residue Management (No-Till),1455,,,,,,,True,1243.738376388903,546.612132047986,9.402254403123422,5.199703714730179,0.19381332614266622
5,340,Cover Crop,1508,,,,,,,True,4885.0489913889005,4451.477600217046,443.30544277580964,318.0915982323141,18.921369937911553
5,329,Residue Management (No-Till),1072,,,,,,,False,1220.8622780869418,794.05184202451,64.09743486905307,67.1175597653725,12.695620196879604
5,329,Residue Management (No-Till),1132,,,,,,,False,1873.2929683540053,969.5176662175204,90.96416087628681,90.11683848293626,17.03483985913632
5,590,Nutrient Management,2418,,,,,,,False,1090.8805678049832,1374.4204681145172,482.9448601646139,16.38146233220707,4.857862702958974
5,590,Nutrient Management,26,,,,,,,True,21.526661639967173,5.875626477660402,0.4587045118516201,0.35005209236221724,0.0200252965789663
5,590,Nutrient Management,845,,,,,,,True,2547.1667721248264,572.9735880201355,50.64225272636049,57.4036513355419,3.853966853818592
5,590,Nutrient Management,759,,,,,,,True,1843.4365860088444,197.64030329952172,17.762198002279906,13.259867672877677,0.9264027465943571
5,329,Residue Management (No-Till),2448,,,,,,,True,626.230522182058,439.5696095541259,13.279314176294063,13.761068263193211,0.43120152218874874
5,329,Residue Management (No-Till),2326,,,,,,,False,1437.1301927699212,2053.3142252691882,173.3704644786223,191.79881986566033,40.23001704158669
5,590,Nutrient Management,146,,,,,,,False,26.68192814157829,4.9485721042178525,1.555717496810801,0.41289707024269695,0.0638287345354081
5,329,Residue Management (No-Till),2362,,,,,,,False,67.78291863505959,17.20405793574726,1.3140816471560635,0.5978831773196767,0.10105452692658232
5,329,Residue Management (No-Till),808,,,,,,,False,895.0631818468399,406.5394249431374,30.46339181516645,21.61033355232473,3.9218632361355454
5,329,Residue Management (No-Till),1099,,,,,,,False,505.3064976824316,595.0253064358228,47.70798328881519,41.88481500370972,7.196174828104693
5,590,Nutrient Management,538,,,,,,,False,3339.527945220362,1114.8903927821086,468.1330165696119,209.24293792327464,50.348243084258065
5,329,Residue Management (No-Till),2057,,,,,,,True,367.13759895925597,313.63591850991946,3.9862304401474753,4.955549607980001,0.1993506927266311
5,590,Nutrient Management,2,,,,,,,True,0.039163670644704655,0.009124277426787999,0.0009260482413070048,6.974225367541837e-05,4.298658867145813e-06
5,329,Residue Management (No-Till),1080,,,,,,,False,974.5905512329031,247.7227650092466,18.749569079493458,37.81092998523289,6.801507231153325
5,590,Nutrient Management,587,,,,,,,False,497.46937832353774,1275.7529241192567,430.1864612428503,11.167110093647453,2.5081314302354745
5,329,Residue Management (No-Till),2569,,,,,,,False,826.5983590731166,432.092875234759,44.27856677533658,45.763884929371955,9.19102374095307
5,329,Residue Management (No-Till),2320,,,,,,,False,543.5990515435947,247.29801510064235,21.183510984491697,0.15916976066680558,0.02449491767532736
5,590,Nutrient Management,150,,,,,,,True,5178.649765274014,1625.9654044416643,169.8689081879009,78.25137382501474,5.302531663241793
5,329,Residue Management (No-Till),2226,,,,,,,False,1058.0128408576554,487.66459307335333,27.99343805291415,39.33550463669503,6.950051442396211
5,329,Residue Management (No-Till),1906,,,,,,,True,587.8180403396991,390.52640841774473,10.573220765301937,209.40243792593577,11.466911733644885
5,329,Residue Management (No-Till),795,,,,,,,False,182.65635167814324,232.0637700068799,22.11975803594832,1.701803873320052,0.27073664016174365
5,590,Nutrient Management,2215,,,,,,,False,617.099431792719,2285.8923181492705,730.70312216796,42.22336441976588,8.870279970011532
5,329,Residue Management (No-Till),938,,,,,,,False,1.1750212066792585,0.3201976159062116,0.028397719873838663,0.05386382736528878,0.008472144247962264
5,329,Residue Management (No-Till),1219,,,,,,,False,285.15593092147725,61.055270873294646,3.5898998906867075,24.23952385162899,3.9218494178464307
5,340,Cover Crop,229,,,,,,,False,772.729883990396,247.45687660625202,80.2978496590265,12.901454651331411,1.444848414689612
5,329,Residue Management (No-Till),351,,,,,,,True,318.0531212838146,240.18039720690388,6.341961119353662,3.2290335324620427,0.13584078259448454
5,340,Cover Crop,2137,,,,,,,False,3479.131086641856,505.3468400986422,200.8869421914033,80.44442772945322,12.773229230244526
5,329,Residue Management (No-Till),1822,,,,,,,True,640.5214975183583,860.7013796171093,11.536541268677547,195.96877345155576,5.53869372135252
5,329,Residue Management (No-Till),604,,,,,,,False,524.4892658430765,19.266774562240162,1.94838991938473,27.886555707764426,4.45590876570915
5,590,Nutrient Management,1407,,,,,,,False,2176.76255205154,3786.5817993975766,1311.4216192584815,471.0316140752586,93.39293509884408
5,340,Cover Crop,2201,,,,,,,False,4300.511447494695,673.3670111737097,253.08969314492387,98.82148397019917,13.39512276120042
5,329,Residue Management (No-Till),2243,,,,,,,True,89.27006086213773,64.14950490774805,1.9034912137691111,7.2109191480358685,0.3228348413038616
5,590,Nutrient Management,2621,,,,,,,False,1385.9374472832017,1293.6025092203936,442.6251559730211,21.533144629328078,6.009062535327874
5,340,Cover Crop,734,,,,,,,False,1432.9352024414168,206.5201162369826,87.76302366797614,18.108761817224988,4.895710587751163
5,340,Cover Crop,2026,,,,,,,False,2458.240797750269,257.72730525649365,104.38212747761744,0.5084259559568465,0.07457674709100577
5,340,Cover Crop,620,,,,,,,False,9661.388686175853,1014.0101092688628,252.4603207459466,73.15710594405215,15.002585060552319
5,329,Residue Management (No-Till),762,,,,,,,False,1134.710989633625,819.5791760155594,55.739264241349815,7.957563043012644,0.9733882453523006
5,329,Residue Management (No-Till),1624,,,,,,,False,1258.388825630517,97.22352778747896,9.368323224450023,25.93824966374129,5.268886666023896
5,590,Nutrient Management,743,,,,,,,True,1670.270013994924,1221.363123020679,66.0985293772165,19.049687823577877,1.2749393260788047
5,340,Cover Crop,387,,,,,,,False,3144.756034071271,516.3222464119849,224.92042912187011,28.268260942942582,5.327715182740937
5,329,Residue Management (No-Till),1666,,,,,,,False,586.8600040398827,214.43698825057575,15.83751458570178,44.55721371010708,6.681655347029314
5,590,Nutrient Management,1227,,,,,,,True,2001.3275125957887,1396.0423431263557,141.10862969288783,21.65362245791635,1.5670865004976924
5,340,Cover Crop,829,,,,,,,False,5198.12411715027,564.3805555578728,186.43904881813592,131.05940424221507,23.885043365472132
5,590,Nutrient Management,367,,,,,,,False,4009.596911861794,1746.5998335043876,604.07930874294,830.5836971998941,283.2864111534452
5,329,Residue Management (No-Till),1768,,,,,,,False,534.6967991389922,81.2881174040004,5.9076251166075915,7.1698851136299275,1.6804643262972758
5,329,Residue Management (No-Till),1287,,,,,,,False,891.4127284195076,773.753125607688,68.11867744210444,374.7856578337051,62.81364043413436
5,329,Residue Management (No-Till),105,,,,,,,True,837.6180966646602,380.2690049820644,6.193153323262965,30.520129057431998,1.4129557199859026
5,329,Residue Management (No-Till),1913,,,,,,,False,311.5221793570969,858.5990243688259,67.89860557602364,0.40912869798272067,0.05240697540916944
5,329,Residue Management (No-Till),1382,,,,,,,False,897.1849265596018,450.6226611589767,33.90246543585242,126.15273410622554,21.817325295282235
5,590,Nutrient Management,697,,,,,,,False,297.98349403138064,65.88305723445777,22.359247039229416,3.0453224840382007,0.8709459062583192
5,656,Constructed Wetland,2675,,,,,0.2945709941500676,4.533690606622075,False,16978.741792352543,71.57144845275505,23.393981358873713,0.19521438535049493,0.042595289494758715
5,590,Nutrient Management,536,,,,,,,False,692.909373028112,349.87382283635225,130.27063241599748,31.9758456221105,9.681165669282445
5,590,Nutrient Management,328,,,,,,,True,1845.5712802404926,1404.3323965793975,118.14791987811276,129.97287036174023,8.655795810251028
5,590,Nutrient Management,1498,,,,,,,False,941.7673931007647,412.36701242737723,158.50503153830502,11.173944334055193,3.4355047535065073
5,329,Residue Management (No-Till),476,,,,,,,False,612.4047287948933,302.5492185363189,34.37712467916703,17.601675371380384,3.466195088731632
5,329,Residue Management (No-Till),1351,,,,,,,True,1150.6492755302816,2346.782492140584,68.1025997330894,17.879419827290818,0.9097441667016541
5,329,Residue Management (No-Till),2538,,,,,,,False,507.3969826112571,232.99944670159218,29.426157359573835,50.4360052199393,11.389950464306773
5,329,Residue Management (No-Till),612,,,,,,,False,1012.1458930047771,681.586589691626,62.81203132593704,2.4545463376439645,0.5474863677184606
5,340,Cover Crop,1251,,,,,,,False,3602.4727993003785,752.0716827851637,347.08598019835324,22.675309980955525,3.820229345623376
5,590,Nutrient Management,2082,,,,,,,False,370.69292478583884,33.009617096825494,10.707516314559332,12.976652795513345,3.3169478949451876
5,340,Cover Crop,26,,,,,,,True,23.725834836129483,5.416921965808783,0.43483111890462334,0.3300267957832509,0.018090975987626486
5,590,Nutrient Management,794,,,,,,,False,1352.6454923699969,829.5298396297161,280.23668102152675,9.663867028456465,2.6971250134946287
5,329,Residue Management (No-Till),1279,,,,,,,False,725.2531098784193,1063.6876688057605,54.08039480268948,10.140479385442232,2.346316579989984
5,590,Nutrient Management,1758,,,,,,,True,1164.7040177755216,388.45031447732595,35.77903912582835,15.867882204915535,1.002502233865781
5,329,Residue Management (No-Till),2488,,,,,,,False,45.784654068083654,3.503899284227279,0.3281751638562906,1.2699946358787135,0.17769896400444773
5,340,Cover Crop,945,,,,,,,False,545.4146253315906,135.80092223771416,43.446643481967016,50.18818054537076,9.078804415316101
5,329,Residue Management (No-Till),2568,,,,,,,False,862.2328461096665,741.4915834831985,63.11841187377028,265.33296896167536,52.86485844986378
5,329,Residue Management (No-Till),309,,,,,,,True,2211.650793491955,2279.286904784897,50.477936123402756,62.71598556098418,2.4128435912168325
5,590,Nutrient Management,2637,,,,,,,False,1176.1214498385666,412.1100760364171,133.3833307573519,11.739709676246028,3.2106361513469373
5,329,Residue Management (No-Till),1417,,,,,,,False,1049.9724395863257,747.4843734525566,59.45110158929172,61.198946423600354,13.44079758682961
5,329,Residue Management (No-Till),512,,,,,,,True,993.1123705475743,1181.8915420460805,18.009145913207718,9.223486690436953,0.3726763636086377
5,329,Residue Management (No-Till),275,,,,,,,False,1154.2280906971478,578.0806739630007,53.6690744264379,107.51451052924318,20.965141204569644
5,329,Residue Management (No-Till),1788,,,,,,,False,181.7223343349326,70.44120232884391,7.277183269470696,5.738434947939329,1.4412509721131932
5,340,Cover Crop,537,,,,,,,False,763.0956908254501,661.5271679011748,201.73449262784195,0.2967865000295742,0.03730147226376554
5,329,Residue Management (No-Till),2216,,,,,,,False,2004.5125245944666,757.4310005818955,83.68769645591657,52.31311021104224,6.54602452483563
5,590,Nutrient Management,2638,,,,,,,False,382.0258531852845,110.94561636082986,45.78412839854692,15.311792292456373,4.712316790162199
5,590,Nutrient Management,632,,,,,,,True,1260.057668006054,334.9486769804592,36.12457809856288,4.0526976164740685,0.30554861982027925
5,329,Residue Management (No-Till),2407,,,,,,,False,289.1508751915792,1253.0530845360024,93.65202166063463,119.95466253159482,17.691566668721002
5,340,Cover Crop,275,,,,,,,False,3713.6998639413696,524.4115995365628,236.4456656160567,86.54936932467353,9.023654615599101
5,329,Residue Management (No-Till),1504,,,,,,,False,1592.7215695422028,2001.3711809374015,231.15468694973956,23.62498953263005,2.828283612651473
5,329,Residue Management (No-Till),2042,,,,,,,False,289.0540807686216,263.624038972324,13.18555921713935,2.247710361309718,0.2833901283562037
5,329,Residue Management (No-Till),1532,,,,,,,True,128.1256193166548,489.57646790221594,11.71559370308722,1.1926313759197795,0.05691137038948633
5,340,Cover Crop,2597,,,,,,,True,1383.9825087487186,553.7994427479435,53.08000045203364,0.3324329788022644,0.011870558052353016
5,590,Nutrient Management,1735,,,,,,,False,1022.4843027947832,738.1939669797321,272.78175683302504,10.689212172645723,2.8823531748378546
5,590,Nutrient Management,2180,,,,,,,False,992.8145589985542,342.2821817190074,119.89954443349859,46.438534064919736,15.740068173950348
5,340,Cover Crop,372,,,,,,,False,715.2585751186156,1048.1040952599355,388.4702862703035,22.436511934180736,4.570556849551811
5,329,Residue Management (No-Till),422,,,,,,,False,321.73738068619195,218.15857823485698,24.09891662315635,6.010002973138,0.9725971294369241
5,329,Residue Management (No-Till),1791,,,,,,,False,368.01537131998407,342.7557554891203,23.06069070710501,3.675218556406277,0.7270408255402484
5,329,Residue Management (No-Till),2184,,,,,,,True,1355.9722449613482,857.8725643911171,10.359744343379058,34.3934416523128,1.8460165567353437
5,329,Residue Management (No-Till),2518,,,,,,,False,875.0869577417908,2033.067725740657,107.54559190260117,50.3816215583584,7.853028552735115
5,340,Cover Crop,1964,,,,,,,False,3494.1494335192106,729.9090377332226,238.77333351159365,75.5603978181404,15.278385337142995
5,329,Residue Management (No-Till),870,,,,,,,True,6955.659912913393,4856.9116462176025,70.50425017007218,150.99774973759054,8.04016459107473
5,329,Residue Management (No-Till),41,,,,,,,False,333.72703081540845,535.1288304259956,45.84592623435428,5.993623261250267,0.966563391123254
5,329,Residue Management (No-Till),1241,,,,,,,False,454.0246675783891,660.0418291535128,50.75408232719504,157.59658812937357,33.795155010254646
5,329,Residue Management (No-Till),99,,,,,,,False,577.381810816949,588.6581936152878,43.363744775043656,155.26835714168416,30.13257416562715
5,340,Cover Crop,2407,,,,,,,False,823.9395782002894,1159.4010628753676,420.830975556276,102.26309586287383,17.331716505875374
5,590,Nutrient Management,1600,,,,,,,False,640.9655105795478,160.06599399264206,55.086351906277415,29.210349614055342,7.887709243538617
5,340,Cover Crop,393,,,,,,,False,2149.033592895402,202.24635805917598,86.82564412260294,31.863942135065635,4.049183448370753
5,590,Nutrient Management,2018,,,,,,,False,1202.9538694022478,1467.0173406386684,554.9424383815837,26.81253602445591,6.601573660698976
5,590,Nutrient Management,2053,,,,,,,False,885.0970272358021,78.09049850744067,29.672672652481083,28.092064090323717,9.793947370681012
5,329,Residue Management (No-Till),1041,,,,,,,False,2544.043186882787,1856.7036034128944,194.55672711019764,49.841210305410016,9.162592799375485
5,329,Residue Management (No-Till),1673,,,,,,,False,913.8338576054368,806.7995923970595,69.51609962069116,48.81204446179231,9.527624785834952
5,340,Cover Crop,491,,,,,,,False,5668.790252980937,745.4342004094207,374.13890071578913,523.7433807160187,110.99493755269408
5,329,Residue Management (No-Till),437,,,,,,,False,622.2314096448026,16.383886187475728,1.9112139706046136,7.337769731185836,1.5871995632888862
5,590,Nutrient Management,808,,,,,,,True,863.2913631705437,376.0760331279709,25.992061470261085,17.688470316189182,1.2089448905167879
5,590,Nutrient Management,1082,,,,,,,True,869.3304310375994,1805.638621897321,172.91030831194115,25.75180846256102,1.9824889651323745
5,590,Nutrient Management,2399,,,,,,,True,811.6345743706871,334.21715954715523,25.357378590402195,10.180554999595671,0.8567859846736595
5,590,Nutrient Management,1120,,,,,,,False,120.29384566589498,174.47252423702344,70.98458222856712,3.443973166791101,0.8020530074429525
5,590,Nutrient Management,1507,,,,,,,True,1810.1842566821301,762.1362309920636,83.74513704427406,11.175093349074928,0.9256310825680114
5,329,Residue Management (No-Till),871,,,,,,,False,825.5794225433732,286.2409738194764,22.595704949010635,55.34913087523252,8.478326407064161
5,329,Residue Management (No-Till),188,,,,,,,False,2573.6868230348173,1113.5160621655648,97.25848323727905,1.3144857036684272,0.2616751045453433
5,590,Nutrient Management,913,,,,,,,True,51.50006217891632,50.20441055882646,4.461707239317503,1.0004971807695624,0.09215466533109898
5,329,Residue Management (No-Till),2541,,,,,,,False,364.82499288543823,106.04781033683099,13.317362257752714,17.398634831652412,2.538934500671802
5,329,Residue Management (No-Till),2527,,,,,,,False,979.663258787806,543.7414386343156,34.86805050092834,405.5479907025541,78.11683838146034
5,329,Residue Management (No-Till),233,,,,,,,False,210.80110910715302,38.33549100933857,3.0241724807562065,3.195865757329367,0.48397746106239187
5,329,Residue Management (No-Till),1018,,,,,,,True,210.7683813785283,347.2074293559022,4.750565950091199,79.81799723438576,2.863150111846921
5,340,Cover Crop,1369,,,,,,,True,4555.2096870809,1640.2000592201455,118.45134189809283,0.03678057814261943,0.0012658234674207038
5,329,Residue Management (No-Till),690,,,,,,,False,1461.7515535826308,344.74039526156514,30.970988002794368,665.1197128834258,101.09061379856624
5,329,Residue Management (No-Till),759,,,,,,,False,630.8787256793398,179.8781052972418,19.58269332436435,12.333464926283318,2.893490306725123
5,340,Cover Crop,906,,,,,,,True,1499.1342626680962,379.65658127868835,33.94983305846479,6.040347396727093,0.24674417508391072
5,590,Nutrient Management,1315,,,,,,,True,1708.9553282132304,523.9748067434153,46.81300246600238,9.04806629556535,0.672163032046727
5,329,Residue Management (No-Till),2681,,,,,,,False,32.35757146394833,20.084165998463614,1.8945032141908358,0.7658769828796792,0.12315291003217432
5,590,Nutrient Management,2650,,,,,,,False,1558.2666133008452,1545.6059978164594,466.7151411176073,21.96634935612869,5.0715321118125996
5,340,Cover Crop,787,,,,,,,False,7342.1142707623785,1959.7010264485725,565.3166402567514,43.93135138153768,5.315682748136564
5,340,Cover Crop,2314,,,,,,,True,2506.9750027677787,2565.9958323388105,194.01509835604327,10.950637813848628,0.2974226374789498
5,340,Cover Crop,290,,,,,,,False,1034.7332856488886,64.28351653648352,22.8913645843502,4.239958196210009,0.6560009393002528
5,329,Residue Management (No-Till),213,,,,,,,False,867.8928680120041,37.612887401467304,3.607959974746293,82.52330007482004,16.860615699927198
5,590,Nutrient Management,2176,,,,,,,True,1160.0905855920023,24.19326815061944,2.43845163433463,51.21204396553933,2.324001884782872
5,590,Nutrient Management,365,,,,,,,False,559.6820955145226,74.35232158322786,28.31975889944422,19.6807240490908,4.812499023046646
5,329,Residue Management (No-Till),837,,,,,,,False,522.1415687318649,591.0565322168446,50.900954278738816,8.948771835995759,1.7547024507439888
5,340,Cover Crop,224,,,,,,,False,2177.811466770545,94.66370191480448,39.29964681767655,3.9786288691814855,0.4737138783443385
5,590,Nutrient Management,2552,,,,,,,False,2469.983180467521,955.4891939744057,329.51122235830707,32.51251853673415,6.882166303881397
5,340,Cover Crop,1831,,,,,,,False,1600.4366236370793,181.26843393073057,60.80157778476627,51.99239543559617,13.126581439491025
5,329,Residue Management (No-Till),575,,,,,,,False,982.572426668707,699.771605937088,33.142026349121416,9.766611763860999,1.5873286593405789
5,329,Residue Management (No-Till),1778,,,,,,,False,519.5432240341087,245.98728397429667,21.749101629665624,16.316832750588393,2.6542102104240857
5,329,Residue Management (No-Till),364,,,,,,,False,633.1424534293961,98.17631697793684,5.415146807238713,111.03787757641943,21.76992907140874
5,329,Residue Management (No-Till),466,,,,,,,False,530.0782690875243,1543.4183683516399,159.98347577692599,13.411334729716733,2.6533151611352843
5,590,Nutrient Management,2431,,,,,,,False,813.1549956882586,239.69739215471208,108.77658816221171,139.67812568395811,31.049447441667798
5,329,Residue Management (No-Till),523,,,,,,,False,1009.3634746560607,1768.163538921335,163.04432060199892,29.97022636614399,4.096015681185125
5,340,Cover Crop,2028,,,,,,,False,1149.467091915954,224.730429657424,75.6404476203847,19.018101057486493,4.1094889971125275
5,340,Cover Crop,182,,,,,,,False,1382.1807420071973,288.642001135913,119.51077215046202,24.244053621503987,5.146143721888894
5,329,Residue Management (No-Till),2040,,,,,,,False,689.7994222869604,99.19394470383405,7.430902786542398,4.089088104325054,0.8771577062098214
5,340,Cover Crop,352,,,,,,,False,3004.5162515394613,128.41922186339508,53.08823736611274,30.390299973845014,5.391138556530891
5,329,Residue Management (No-Till),1716,,,,,,,False,562.0753898366754,386.29944029886366,26.329114695515752,140.29586633507787,23.52779873193332
5,329,Residue Management (No-Till),2534,,,,,,,False,610.0020584313445,677.3280224929649,44.054178074461035,8.781781713117782,1.5352447127447217
5,340,Cover Crop,953,,,,,,,False,2429.913964061802,444.1793360491268,147.21014644577411,11.67474663160507,1.6988248831724313
5,329,Residue Management (No-Till),2630,,,,,,,True,638.2963031057652,1041.1422967539677,21.320667365213442,6.370656311892231,0.317299722415029
5,590,Nutrient Management,1225,,,,,,,False,1225.5820912079778,925.7249473921166,332.21268432339457,9.996462164100643,1.8632558982879295
5,340,Cover Crop,1721,,,,,,,False,1340.9874652115434,336.535904961863,140.36375317683869,27.6936030225639,5.481198428266712
5,590,Nutrient Management,2096,,,,,,,True,844.5027094759589,232.07781178481122,13.99734275022455,7.039783330713234,0.48924200373461096
5,329,Residue Management (No-Till),96,,,,,,,False,272.8619988435866,426.65272806068236,32.00520957768674,3.568609562093647,0.671490608855648
5,329,Residue Management (No-Till),2107,,,,,,,False,157.75216493302693,727.9677913301936,79.92666690982564,4.152790613146504,0.9102626959373964
5,329,Residue Management (No-Till),1799,,,,,,,True,1831.8310217000087,1250.3131999798973,31.979952373949406,95.84392304292011,4.7129374926928325
5,329,Residue Management (No-Till),780,,,,,,,True,2017.0031487473732,206.31474280660842,3.9136220336828216,30.32272499161159,1.5133642016506346
5,340,Cover Crop,845,,,,,,,True,3995.9962371960773,522.3313352937749,45.728109524950405,53.549684481723304,2.477363062819894
5,590,Nutrient Management,1288,,,,,,,False,1726.8463666795162,461.50018350652675,161.34894455448077,7.775055021164878,2.266065776093694
5,590,Nutrient Management,2633,,,,,,,True,1060.6844379027302,343.00878207639187,30.647537005725777,12.079004973304853,0.6293294785259911
5,329,Residue Management (No-Till),676,,,,,,,True,668.6150198795934,470.80133230459876,9.512334822021177,109.98070707440762,5.274097809520426
5,590,Nutrient Management,1279,,,,,,,False,1417.8467870274378,1009.607274003071,413.73656196475156,7.794162805452247,2.364138776816748
5,329,Residue Management (No-Till),1315,,,,,,,False,557.1490295625466,477.16180427741295,43.245952302967865,8.375903263518625,1.3742767069361137
5,329,Residue Management (No-Till),2612,,,,,,,True,121.14008407027548,228.86636237262212,5.9853600086151015,4.027711460935431,0.19509876072512053
5,590,Nutrient Management,2150,,,,,,,False,1080.2667901307098,320.4205635773157,124.8205742720494,11.131945551313578,2.68440088245036
5,340,Cover Crop,1934,,,,,,,False,2242.7394448410787,790.9086869941533,229.92102506693686,23.71139686503389,5.5953478467942634
5,340,Cover Crop,1315,,,,,,,False,2097.785277412709,433.9158519744451,118.38754866756217,7.001626556582511,1.201743605476731
5,329,Residue Management (No-Till),1151,,,,,,,False,305.97298817957943,195.46255077173797,18.522895051363694,19.696465214421025,3.566839577832411
5,590,Nutrient Management,2563,,,,,,,False,1636.6758016307856,945.3177841739737,346.81021294733404,35.16962192149436,9.958367750703754
5,590,Nutrient Management,373,,,,,,,False,1030.335669017789,415.0085728266291,130.01463986716516,48.10513370703579,15.739019736199594
5,590,Nutrient Management,545,,,,,,,True,409.7329707147276,231.7660212267562,20.431137407615278,104.3043601266548,8.013394555042332
5,329,Residue Management (No-Till),224,,,,,,,False,637.8172899664738,55.36405509712792,4.288888829088607,3.5049149908371473,0.39064392388951363
5,329,Residue Management (No-Till),1149,,,,,,,False,1468.4235113576028,447.82950251248405,32.50886004865643,52.789576751664036,9.742662239808553
5,590,Nutrient Management,1039,,,,,,,False,1608.4497345561383,171.5740555507644,48.3031290329746,18.267815092086394,6.063580088756243
5,329,Residue Management (No-Till),943,,,,,,,False,479.1240992197787,240.30734361045006,15.458245020849029,3.420856371440234,0.7064296683309623
5,329,Residue Management (No-Till),1950,,,,,,,False,501.0180721496961,454.4534015501411,45.56057627935473,64.85936498769534,12.683892562638475
5,340,Cover Crop,401,,,,,,,True,1989.4025705622519,246.8006466820076,23.30945055857205,136.8853316456118,4.788761803817483
5,329,Residue Management (No-Till),2585,,,,,,,False,960.8947002396919,596.554068267278,41.13895674673344,78.12520097250504,16.91050402595533
5,329,Residue Management (No-Till),602,,,,,,,False,690.6590097400965,1054.3304300774857,123.87043635659008,13.496423966843535,2.164437114739628
5,329,Residue Management (No-Till),1186,,,,,,,False,829.3524316954192,481.9665996246339,24.483103473289162,87.82468637941048,16.40500157046044
5,340,Cover Crop,1511,,,,,,,True,2958.8841513955,634.2794805884708,45.59994427649806,36.508225113909845,2.344355984893913
5,329,Residue Management (No-Till),2530,,,,,,,False,97.76683932268746,125.08849028774482,11.797928206795339,2.040251320659195,0.31759548544097754
5,329,Residue Management (No-Till),104,,,,,,,True,516.3402516782102,284.4361355777208,6.025198521442781,61.41591540231979,3.4955268210527923
5,329,Residue Management (No-Till),477,,,,,,,True,6539.247057180833,26482.404680615182,578.262182452961,3557.1874970688887,119.41233039028477
5,329,Residue Management (No-Till),1216,,,,,,,False,295.9609743739398,46.15868444575379,4.528050166158949,70.91543700413673,10.960451684197034
5,590,Nutrient Management,396,,,,,,,False,2671.1679428081347,108.59615776260239,38.8492308092269,24.515069183073038,6.222615764368671
5,329,Residue Management (No-Till),568,,,,,,,False,285.7237969128269,962.1182102643044,88.77699929483424,22.879877494923775,2.882132703397949
5,329,Residue Management (No-Till),1597,,,,,,,False,1551.0777212152911,1396.470150339686,136.95914495676004,454.65877796502156,71.44139275018277
5,590,Nutrient Management,1584,,,,,,,True,1421.043370794752,228.6750824757066,18.760908298424912,0.8078938744605676,0.0410088538613309
5,329,Residue Management (No-Till),2171,,,,,,,False,196.56100820253616,55.68458380116679,6.603469872388798,1.3405447845346397,0.2444780592343836
5,329,Residue Management (No-Till),303,,,,,,,True,330.5305399150259,663.3697511650178,15.446528402721754,21.613512424740243,0.6885524518764964
5,329,Residue Management (No-Till),448,,,,,,,False,137.88273111931417,29.833383527855123,3.1300810276323903,41.28226088151007,9.026126039653404
5,340,Cover Crop,1207,,,,,,,True,2919.3333434272727,716.3208284461144,52.68267102726554,62.06840319455619,2.8686116403845623
5,329,Residue Management (No-Till),6,,,,,,,False,1818.1110833334128,846.6674576078833,95.09802640034798,20.26688202023786,4.327533093661554
5,329,Residue Management (No-Till),1088,,,,,,,False,1454.42247408157,330.35600809322636,37.606376644105126,35.07841376828541,5.702101672405367
5,340,Cover Crop,2589,,,,,,,True,1342.8325051821962,38.67824973562803,3.099719082600816,9.985484542585349,0.5186216037213934
5,329,Residue Management (No-Till),520,,,,,,,False,314.3180162286809,391.4965078103631,23.056983762522886,3.4134757557697775,0.5416646038242839
5,590,Nutrient Management,2229,,,,,,,False,3996.748172780765,2897.919179565548,1201.06034902568,28.761073289933396,8.203770903859285
5,329,Residue Management (No-Till),592,,,,,,,False,3257.938651256396,2367.9491778354563,262.51198826660396,39.101489910755014,5.461178653503093
5,329,Residue Management (No-Till),2483,,,,,,,False,393.14361723548484,113.65498414513141,15.96568307037299,14.010962381322495,2.5893883060224505
5,329,Residue Management (No-Till),1060,,,,,,,True,1822.5636803069565,1949.5960698022488,33.96539485650002,20.94525005011416,0.7777011127188769
5,340,Cover Crop,479,,,,,,,True,1058.6513282085984,302.2800423445997,26.99782307676515,3.2173644365686496,0.1365553605052046
5,590,Nutrient Management,395,,,,,,,False,1261.1122917660725,42.75541695351733,13.145027001192934,6.460077655379698,1.3933528213456956
5,340,Cover Crop,1082,,,,,,,False,2851.2499346844584,1632.7283135853797,512.1852835720036,23.769319497428643,5.8684745103452745
5,590,Nutrient Management,1794,,,,,,,False,913.2067921756554,574.5718257066625,166.7468880640491,19.188969052614187,5.069359573173497
5,590,Nutrient Management,2568,,,,,,,True,2610.764444638922,678.3731716094283,58.33389009040227,212.46811051181157,15.146564175216215
5,590,Nutrient Management,2601,,,,,,,False,31.94129315850082,11.366309431619511,3.8740367736485504,0.2391262000455827,0.06342935493692604
5,329,Residue Management (No-Till),1694,,,,,,,False,263.2979338547328,489.0478398130024,32.25187485886048,92.90095550088071,18.34418906882356
5,340,Cover Crop,862,,,,,,,True,1265.7591017633779,527.3819526079084,44.86215674445538,32.83394974724631,1.111186127354942
5,329,Residue Management (No-Till),1613,,,,,,,True,425.37119607934943,270.68461208550707,8.159091497564315,32.12579320390117,1.140331808965247
5,329,Residue Management (No-Till),678,,,,,,,True,382.28217317248533,254.95002577915736,5.866807237929766,9.983434082158334,0.3605258233102461
5,329,Residue Management (No-Till),162,,,,,,,False,587.6181234565635,1587.8890893729708,127.10325770654407,4.235785332369285,0.8608091077892289
5,590,Nutrient Management,1423,,,,,,,True,451.6562673682403,120.174838360436,10.635533272979828,6.753165948334052,0.38148514738860156
5,329,Residue Management (No-Till),654,,,,,,,False,38.44095130758133,18.088524484667595,1.2485284534534271,5.625234759125017,1.151966680905623
5,329,Residue Management (No-Till),2642,,,,,,,False,216.26014544551282,31.688117017864652,2.232968555912655,22.67151495715493,4.958883088292377
5,590,Nutrient Management,424,,,,,,,False,845.7938720509616,348.43067103741777,121.39275564827872,15.07463072914789,4.976958734905469
5,329,Residue Management (No-Till),878,,,,,,,True,722.6532642973436,1644.0937977804233,26.650840293061513,1.429075842246428,0.05315711587666505
5,329,Residue Management (No-Till),1839,,,,,,,False,247.5105268023336,81.37449550910786,8.020118041282167,8.346545247290784,1.4437672491638074
5,340,Cover Crop,188,,,,,,,False,5974.939752100161,1016.2575789282859,445.24502732127536,1.052810599123084,0.13947025921391373
5,590,Nutrient Management,2460,,,,,,,False,1791.314225207621,129.43346596916433,37.87310575718597,4.18292017781143,1.3535241855576254
5,340,Cover Crop,1326,,,,,,,True,2895.3909204585584,1929.3545700106577,179.41122606746072,56.21163842529008,4.027740737712336
5,329,Residue Management (No-Till),721,,,,,,,False,885.9843643990288,1526.3140744678838,120.31205411686928,13.036484857766014,1.86895952099355
5,590,Nutrient Management,942,,,,,,,True,799.234194717104,2032.5461376163448,164.54824076144914,13.046940818550407,0.8739947304227272
5,329,Residue Management (No-Till),2528,,,,,,,False,1604.2050954313395,5352.622845455395,527.9909886308872,287.56955334910157,58.21282349606147
5,340,Cover Crop,535,,,,,,,False,709.3591253320034,111.04156948640582,33.24057032874413,7.274337964018013,0.6391230921707212
5,329,Residue Management (No-Till),742,,,,,,,False,1041.668493524027,1387.1346189354745,96.46985588709853,120.95165149437608,27.204262166386986
5,329,Residue Management (No-Till),1321,,,,,,,False,1553.7510063592908,627.4568902484406,42.9031718759588,281.6478471219925,50.67988736501628
5,329,Residue Management (No-Till),1949,,,,,,,False,1280.4599097437836,406.123668329717,26.31813497330911,450.7379284910039,88.29004805685408
5,590,Nutrient Management,2362,,,,,,,False,132.79060409266637,15.8899762885912,5.006402588992921,0.4968286503930943,0.09120905410076961
5,340,Cover Crop,348,,,,,,,False,4266.870644006759,1630.611948503335,491.7503804017544,33.384953558515164,6.508204398139953
5,590,Nutrient Management,2509,,,,,,,False,1792.2527979700242,479.01336796674633,171.24024275566032,61.84236588412309,22.934540707346073
5,329,Residue Management (No-Till),253,,,,,,,False,290.91246360863755,375.1915676429057,16.330196097203242,7.320074738938159,0.9701655610915956
5,590,Nutrient Management,433,,,,,,,True,1328.397161443378,673.8204547039093,54.63895103290246,72.24562073311876,5.537340207217504
5,329,Residue Management (No-Till),898,,,,,,,False,121.50421194310448,43.042116888089716,5.026058405576971,51.044508369393064,10.786459447560542
5,340,Cover Crop,1679,,,,,,,False,4072.5530693844,589.1126602433555,228.72820933169885,23.27615560323874,5.147364088397199
5,329,Residue Management (No-Till),1608,,,,,,,False,1227.572626240966,1218.1409191869618,171.59444993518377,466.5810056240533,99.61209609643724
5,329,Residue Management (No-Till),2489,,,,,,,False,1451.5197960198159,1018.2043353440334,91.80816599533611,119.93312053118727,20.717372335246843
5,590,Nutrient Management,2084,,,,,,,False,816.0195974913909,419.85954957588706,152.9392588752193,26.9701622534112,9.281761505149603
5,590,Nutrient Management,1474,,,,,,,False,3342.509507222816,1041.2979161613152,300.6622937339546,20.50103521575658,5.067906468859402
5,590,Nutrient Management,1614,,,,,,,True,2061.5398720470525,336.798210078697,33.65209993683949,110.38464413142614,5.960401904886706
5,329,Residue Management (No-Till),2478,,,,,,,True,2257.8172785918337,232.74072486579595,5.159118292753044,4.025754074485832,0.16077811698554523
5,590,Nutrient Management,1487,,,,,,,False,381.34526156136076,204.38431934737036,61.258832498606175,12.330469239151952,2.322924960713711
5,340,Cover Crop,706,,,,,,,False,2562.3295290693136,848.5900870140924,361.1913545561119,21.006757034509445,2.5521341766716583
5,329,Residue Management (No-Till),2045,,,,,,,False,119.5167916539554,118.90253806484363,5.069291510654312,2.3555977262898433,0.29667642813450285
5,590,Nutrient Management,878,,,,,,,False,550.4454980618768,1617.4429574873618,603.435883525478,1.375918726369763,0.2267840524711095
5,329,Residue Management (No-Till),970,,,,,,,True,861.4087917944511,440.64082877477836,7.333023465999395,21.09081179571153,0.7897695544457476
5,329,Residue Management (No-Till),1667,,,,,,,True,377.99662305176935,165.77555070548033,4.758672298974037,8.647570034379923,0.49757247229944923
5,329,Residue Management (No-Till),264,,,,,,,False,932.5765837018496,1143.2958760555582,76.22700638946917,114.20605477923968,20.294646692773338
5,329,Residue Management (No-Till),1020,,,,,,,False,2242.5599051567265,1995.6393977549867,137.66620498216488,33.207181181114315,6.9923085561632625
5,590,Nutrient Management,2047,,,,,,,False,5767.959793054676,1522.356584058372,586.9145869635828,40.613970347616586,13.114193878166528
5,329,Residue Management (No-Till),1752,,,,,,,False,443.96354888041196,261.08374739842645,23.735571952129252,7.53478075799432,1.2316101214795276
5,329,Residue Management (No-Till),770,,,,,,,True,118.04130055919389,163.6242491126808,4.832251711225774,1.7996697430847601,0.08495701676365879
5,590,Nutrient Management,2627,,,,,,,True,776.6322214251637,375.1070128851501,35.997070719600686,0.9364607431080695,0.04076740713110465
5,329,Residue Management (No-Till),254,,,,,,,False,404.9071117971678,454.7248166898324,22.019993298839687,25.381110850048323,5.929181153744963
5,329,Residue Management (No-Till),2619,,,,,,,False,723.2210455155342,307.33085977916375,34.568413895949156,39.01354155256973,6.702858942643745
5,329,Residue Management (No-Till),1377,,,,,,,False,460.26551738885064,194.98937488393295,11.509109299127388,12.921449643309582,1.4490874769302524
5,590,Nutrient Management,189,,,,,,,False,121.47219294718941,29.640087027367567,10.529910151380122,12.633123950038547,3.754044210656421
5,340,Cover Crop,2238,,,,,,,False,5003.075872632969,4273.965313453227,1695.8677618696065,9.032907228574228,1.230167738201311
5,329,Residue Management (No-Till),1153,,,,,,,False,380.4432720669156,487.20609931414225,47.246611699573066,8.986844467130958,1.3029463758861688
5,329,Residue Management (No-Till),1100,,,,,,,False,1361.0654854325876,457.33449872571356,30.282155238069166,4.53762652218588,1.050612251535019
5,329,Residue Management (No-Till),1029,,,,,,,False,634.0379471572116,675.2472192081075,53.76426862932055,38.469515474598865,6.50408613207025
5,329,Residue Management (No-Till),1684,,,,,,,False,465.11435116280717,601.785943547541,65.12015344135509,5.87134167685629,0.8262916194864088
5,329,Residue Management (No-Till),2467,,,,,,,True,641.0146495262197,91.58723772629872,1.960431686489666,13.27705047830943,0.5754500031463655
5,590,Nutrient Management,1618,,,,,,,False,2979.4146912192186,1063.5026068448421,385.65696084435905,39.32058004481301,11.429880723191541
5,590,Nutrient Management,2005,,,,,,,False,1515.7456009301552,370.1857978881012,150.68801738438972,245.5999188127241,73.01581416418097
5,590,Nutrient Management,1880,,,,,,,False,1155.0385074367325,238.7619841839872,93.96352616082933,16.41434424566642,4.064479366093695
5,329,Residue Management (No-Till),1451,,,,,,,False,447.66139856037904,124.918754849164,12.825561539062225,3.7891428622975005,0.7407765807158402
5,329,Residue Management (No-Till),265,,,,,,,False,958.5666137390424,1248.263072716169,95.89791384755922,11.395474945142853,2.4973293981678717
5,590,Nutrient Management,2598,,,,,,,False,1586.816850919607,61.057847179338324,22.068429530119374,26.044267203493195,9.485567006250246
5,590,Nutrient Management,711,,,,,,,False,859.5523398409471,511.9669240084958,153.9247070440142,3.2429516373912883,0.8901824982714057
5,590,Nutrient Management,1188,,,,,,,False,2188.1581748069752,1128.9356200003995,477.6908612608839,87.97364495344402,27.304999923303917
5,329,Residue Management (No-Till),2173,,,,,,,False,373.56045042512517,251.8711753875712,11.947590620320453,13.846417767244196,3.2812878528259066
5,329,Residue Management (No-Till),2339,,,,,,,True,976.9803984049809,2764.1508488094196,39.16394973892863,23.249215068750882,1.1613048085825077
5,340,Cover Crop,2679,,,,,,,False,0.6156128264648103,0.1169634626049436,0.03652854045405528,0.07670473708971152,0.010658052073242507
5,329,Residue Management (No-Till),1086,,,,,,,False,827.1202321537262,1533.2312779190374,148.38531240675832,1.8766621150550646,0.35018672568844394
5,590,Nutrient Management,2024,,,,,,,True,3427.4589377349635,655.466990309634,59.539279084062095,278.639698677465,19.53018651989065
5,329,Residue Management (No-Till),1812,,,,,,,False,886.5758679231985,1693.39335243837,189.2200108081432,23.433129683666685,4.501701433014749
5,340,Cover Crop,837,,,,,,,True,2105.598964685731,540.1555779381058,50.37460753714462,7.19406938525177,0.35270443338052004
5,329,Residue Management (No-Till),500,,,,,,,False,11416.81057560327,25799.205591759222,1959.9599790030377,321.5099261951655,58.301802475865614
5,329,Residue Management (No-Till),1457,,,,,,,True,441.784318718619,1615.621352821302,45.62013419077966,12.16925646335328,0.5106899391416059
5,590,Nutrient Management,1062,,,,,,,False,3309.019718155364,1133.6503376605842,354.23814277085444,169.8112909226705,41.541808223651024
5,590,Nutrient Management,2425,,,,,,,False,443.31792394041423,74.54198817634955,25.912243086691145,0.9711527667033364,0.23254237321537932
5,340,Cover Crop,871,,,,,,,False,1712.5619424808108,263.64526887046577,57.58302447135074,46.87080446816836,11.009406082371326
5,329,Residue Management (No-Till),32,,,,,,,False,323.5012697076846,113.98189280348392,11.213098982131605,60.24254091226343,12.983138277099654
5,590,Nutrient Management,1343,,,,,,,False,553.4856444695351,198.77074011026272,64.57455751237406,66.5426686299617,19.61319496294509
5,340,Cover Crop,1503,,,,,,,True,4042.751660778478,1019.9453477642502,88.51400391587981,12.64637824459819,0.617168500925398
5,340,Cover Crop,1814,,,,,,,False,2306.2308177428977,1576.2335417001032,565.0923969766194,85.62656993958859,14.087231403339922
5,340,Cover Crop,1051,,,,,,,False,941.2816551870382,48.90300270043502,16.098885127026524,8.748202780144545,1.6985810876966017
5,590,Nutrient Management,1778,,,,,,,False,611.7883587022525,224.23818234463104,79.81225045236934,13.662622540164309,3.4695925155500498
5,329,Residue Management (No-Till),2577,,,,,,,False,475.59132787755505,692.7727766386897,55.81828522327717,14.00113684875506,1.92083896706626
5,329,Residue Management (No-Till),616,,,,,,,False,404.5543025384911,377.03417331996906,36.50553664047908,12.764157642520654,1.9451085150417722
5,329,Residue Management (No-Till),1025,,,,,,,False,4.69421910964165,3.0734231909749874,0.2597912185457318,0.5080531151410018,0.08887292084681589
5,329,Residue Management (No-Till),998,,,,,,,True,508.33853279799155,273.7437159659872,5.1063831124281975,33.66159174376039,1.5807854969731687
5,590,Nutrient Management,482,,,,,,,False,1412.654275802879,30.473641740235486,10.049482263973198,44.70305464474051,8.511111422180306
5,329,Residue Management (No-Till),1390,,,,,,,False,321.37079190685637,527.6153699793774,57.81962423333173,10.166611025522446,1.767876270089021
5,329,Residue Management (No-Till),2237,,,,,,,False,751.0437656522017,263.0417729380885,19.364279495988818,22.521434727780463,4.0706911114738595
5,329,Residue Management (No-Till),270,,,,,,,False,396.6222031581734,302.64728047261,33.20977023575809,13.37494011523126,2.8431838217587573
5,340,Cover Crop,1398,,,,,,,False,711.0447641179147,563.1358545216207,169.59635251900022,19.48224988374784,3.5590113686501157
5,329,Residue Management (No-Till),880,,,,,,,False,801.4418098212293,494.8784129658187,63.61920553454226,50.93644571789388,10.06877659502365
5,329,Residue Management (No-Till),2119,,,,,,,False,1880.2802894497443,827.4972344296341,63.01621542965222,609.0979763495549,129.38590190850684
5,329,Residue Management (No-Till),3,,,,,,,False,779.0118531314433,890.3787267380799,117.2003046768681,36.45881580005031,7.055333000545931
5,329,Residue Management (No-Till),123,,,,,,,False,721.9034349018684,656.2812139624401,59.26721355072469,77.0786470863639,18.397744783691184
5,329,Residue Management (No-Till),495,,,,,,,False,2609.466434390534,5003.68290874417,325.03088670852503,121.58282164403198,29.796919461069777
5,340,Cover Crop,2624,,,,,,,False,1090.7757699684018,100.47986131411118,45.050123266636184,127.30957381569257,22.148097178378254
5,340,Cover Crop,1564,,,,,,,False,1193.3799886057063,282.662227563575,122.95922618002783,13.688447395193027,3.2264677244315143
5,329,Residue Management (No-Till),2106,,,,,,,True,244.96799228956127,167.37091888075196,4.058181161430378,13.430835965416536,0.43344036467937525
5,329,Residue Management (No-Till),97,,,,,,,False,159.1629337359136,72.48086401861599,5.5408866669617565,13.667676144011407,3.2394490904779136
5,329,Residue Management (No-Till),1805,,,,,,,False,260.64392786347435,108.0632961769126,13.450043051360815,4.020970598977451,0.7809626807290021
5,329,Residue Management (No-Till),868,,,,,,,False,887.6352731807159,417.3463365248333,43.70331915881795,59.43152402785205,14.813145797605575
5,590,Nutrient Management,304,,,,,,,False,2584.620980365966,106.04030136512493,34.93830740546,47.53207728466819,11.172413400279956
5,329,Residue Management (No-Till),982,,,,,,,False,249.9615219459464,253.84771084243542,19.193665050470518,6.9696205669000815,1.4082280194410048
5,590,Nutrient Management,983,,,,,,,False,568.5504167030334,312.80733585114746,108.20119666436682,21.568757951356393,6.639294631602307
5,340,Cover Crop,994,,,,,,,True,1544.7884083987437,172.8575127742174,12.895280238127544,52.527777794503955,2.4556994272044532
5,329,Residue Management (No-Till),2091,,,,,,,True,677.4954417658867,850.5610993975953,19.587172161881334,125.83121214349046,6.147528736488354
5,340,Cover Crop,1836,,,,,,,False,4415.012150074153,1417.238577255948,543.9714631260936,0.1408811796362883,0.026170538611904125
5,329,Residue Management (No-Till),2064,,,,,,,True,167.41550866451584,193.7755751938333,3.4397276482134416,14.922810525340193,0.6014335550779548
5,329,Residue Management (No-Till),1465,,,,,,,False,677.7512413788596,146.33087042463097,9.910895641382496,24.450202791349888,4.543602239940911
5,329,Residue Management (No-Till),90,,,,,,,False,357.04936242007756,224.7741706869129,24.996209378994713,12.841054457265548,1.6831185752885642
5,329,Residue Management (No-Till),727,,,,,,,True,1172.1667339269418,706.5730102352745,20.593598034436944,458.1032042686026,26.565264419332642
5,329,Residue Management (No-Till),180,,,,,,,True,819.4919943560984,184.829440362596,4.613726406805723,109.01157550997014,4.625098219690095
5,590,Nutrient Management,2040,,,,,,,False,794.3026838207676,91.76304191729166,27.45207289319914,3.2119303981152325,0.8332072033428528
5,329,Residue Management (No-Till),1182,,,,,,,True,1555.3538379737558,12.447443987613369,0.36698536204532956,3.039110763149603,0.11705148254629912
5,329,Residue Management (No-Till),1421,,,,,,,False,159.70063944101986,159.72739992512248,12.84267147249333,4.487568485464129,0.6300792919133406
5,329,Residue Management (No-Till),1472,,,,,,,False,581.0780051301278,203.6282241537742,12.119957087682192,20.80720208762855,5.143085278134258
5,329,Residue Management (No-Till),2094,,,,,,,True,2832.3163190309074,909.351637583103,27.67134557257846,194.69006923363705,9.422170628177241
5,590,Nutrient Management,548,,,,,,,False,1781.389488924208,24.929504310392225,7.87919045499225,210.8542641067855,56.35152963083122
5,329,Residue Management (No-Till),2124,,,,,,,False,363.32153271939455,42.34138054898154,2.535710511962852,4.790516769302415,0.8164007707763281
5,590,Nutrient Management,2178,,,,,,,False,344.4983033949333,95.58433706304601,40.230515672777074,6.647034279805991,2.1085671695415504
5,329,Residue Management (No-Till),877,,,,,,,False,673.0468139349177,839.1784833105128,86.29801196241473,20.570446760697006,3.3283165236466075
5,590,Nutrient Management,1054,,,,,,,True,1772.7495031079666,165.4443230056211,15.236581977421542,1.7748190720965218,0.10087754829038138
5,590,Nutrient Management,1192,,,,,,,False,1969.337072236048,276.7666569713138,93.03055925444718,228.66616990008956,61.42994365166434
5,590,Nutrient Management,822,,,,,,,False,834.0375564330394,431.6547167551513,158.31276793169363,38.013011332536124,8.925831420549155
5,329,Residue Management (No-Till),83,,,,,,,False,604.5777738383136,375.84111432003454,20.172582224519388,4.337033376569488,0.735800487867217
5,329,Residue Management (No-Till),1059,,,,,,,False,346.98910308585886,510.42749556559727,44.27380089602678,29.823831412120395,5.853739666322248
5,340,Cover Crop,1875,,,,,,,True,2122.20727606021,506.8579381735862,44.69130714927104,22.31787241371463,0.7998132317824994
5,329,Residue Management (No-Till),1055,,,,,,,False,335.75179472849265,210.4219236085549,21.173042399692573,7.48671610242453,1.047863982177496
5,340,Cover Crop,2318,,,,,,,False,822.1504134544846,213.22369603358467,63.10968926432162,6.1912074232647205,1.0065233893292627
5,590,Nutrient Management,1151,,,,,,,False,726.700108246895,176.93965572037428,65.55241180382595,16.129625636588614,5.250313440513724
5,590,Nutrient Management,985,,,,,,,False,772.0928158514273,18.773925744756838,7.390991452245362,6.948799505422974,1.8279322007041183
5,590,Nutrient Management,1768,,,,,,,False,775.7687625456293,75.38049228739281,24.947921378026003,5.489420787332652,1.2675947556330107
5,590,Nutrient Management,2386,,,,,,,False,1431.5245713473505,1292.9898608186797,435.2150048086904,22.258508780685645,5.104862105718616
5,329,Residue Management (No-Till),1407,,,,,,,True,1231.2363288722963,2475.160180139095,40.03024111044158,377.63867897641444,16.370786394055337
5,340,Cover Crop,904,,,,,,,False,2172.3972197258217,274.84859923202293,96.68302749595392,8.687805352955873,1.7401362357405346
5,340,Cover Crop,774,,,,,,,False,2726.595657353058,236.63879056138174,80.2096165450677,15.787499553813117,4.337885023365118
5,340,Cover Crop,1633,,,,,,,False,3472.0083581527006,807.1623179682155,237.36345234972194,23.77193532796332,6.139106599387399
5,590,Nutrient Management,2341,,,,,,,False,3630.4349590818147,986.9338239082541,389.5460875797444,1027.729107156264,252.67629068372176
5,590,Nutrient Management,89,,,,,,,False,4833.286401474882,613.7594465428398,224.7352473551632,55.06855995563361,17.20348621323491
5,329,Residue Management (No-Till),2409,,,,,,,False,1259.1506464406516,651.7145978558377,50.07472460939274,8.731437357501758,1.338020623765982
5,329,Residue Management (No-Till),1561,,,,,,,True,776.8184791318217,191.85426113719816,4.0145154578979865,0.5729139491163885,0.022853180469026336
5,329,Residue Management (No-Till),380,,,,,,,True,949.8218714902367,309.06355696623507,6.104136993450756,130.70746247681566,4.197525474071921
5,590,Nutrient Management,2107,,,,,,,False,511.9611925600755,648.041124420368,205.0345475404165,3.2425279172091077,0.6989665422297315
5,329,Residue Management (No-Till),328,,,,,,,True,881.023581015019,1286.1844767012847,34.13189697517534,121.3170745514892,4.514760455789906
5,329,Residue Management (No-Till),2090,,,,,,,False,896.68839398369,3900.3761925425742,378.2542664210123,27.640114279192396,5.267941979273896
5,329,Residue Management (No-Till),218,,,,,,,False,1487.09857938478,1165.8060801870447,113.77156747509062,196.9611965650172,29.02225002556149
5,329,Residue Management (No-Till),2249,,,,,,,True,1931.1981931725325,2378.270481376431,47.38967316089051,4.941161771322479,0.2218364768504777
5,340,Cover Crop,811,,,,,,,True,9313.126135471648,1013.8003194865854,98.72363054030048,8.078502844154876,0.23863981918381738
5,340,Cover Crop,1088,,,,,,,True,4445.87351675021,292.7496314491213,29.96033041541006,29.376312095880035,1.4345918914547349
5,590,Nutrient Management,2437,,,,,,,False,521.100719283996,348.63246887201797,132.95217962301302,9.291860922275193,2.8257608441764734
5,590,Nutrient Management,1817,,,,,,,False,1710.2929346133724,3324.7896744061027,1316.6729553795003,97.03198512396396,27.09481225889472
5,340,Cover Crop,613,,,,,,,True,4080.5909411681705,341.8813731140403,29.592365232515863,8.624040947866636,0.3807704332426767
5,329,Residue Management (No-Till),907,,,,,,,True,575.4726407703646,379.178811610278,7.273290783018608,34.24818054475097,1.645535423129176
5,329,Residue Management (No-Till),1614,,,,,,,False,1017.1766363237322,303.14611014185755,21.207911168371268,104.42424222653942,21.493673714055788
5,329,Residue Management (No-Till),510,,,,,,,False,1578.1801911094365,250.68195211479446,13.179211545518402,525.432075016152,111.13629585932728
5,329,Residue Management (No-Till),1864,,,,,,,False,186.33358947472243,320.2367849611067,34.73418255788498,3.703349580775972,0.6522324703289671
5,329,Residue Management (No-Till),882,,,,,,,False,837.380475600344,1404.2182732390875,151.06210348731133,30.753764115278432,4.218550493395093
5,340,Cover Crop,1361,,,,,,,False,1568.6792161097696,88.82897807377752,31.79486322658685,14.707296291572465,3.097812029020861
5,329,Residue Management (No-Till),1720,,,,,,,False,102.00246065883213,201.69295574723856,13.112197829750968,2.1226746349865353,0.3106302559918729
5,340,Cover Crop,450,,,,,,,False,3276.7183105410704,102.64886955560371,30.828760497524247,28.067428771668904,5.663608582091411
5,590,Nutrient Management,1258,,,,,,,False,1556.7292940142722,402.3188219542958,149.86405901797644,3.183675485636455,0.804746901309406
5,590,Nutrient Management,156,,,,,,,False,394.6243918109945,52.98069429580567,16.96069608026278,3.219436454535687,0.7167057833152954
5,329,Residue Management (No-Till),1598,,,,,,,False,1867.0288060034768,817.0951274842732,53.29609274453573,103.69751113246528,26.4097378890384
5,590,Nutrient Management,1168,,,,,,,False,699.4312099237653,95.63733446515307,22.69601030900272,73.54569575658188,20.425732800991955
5,590,Nutrient Management,326,,,,,,,True,5300.295049929117,892.6265221432017,79.64497523328467,677.2941029832483,59.8855461029143
5,590,Nutrient Management,1329,,,,,,,False,446.2511197067641,493.2914732053019,173.94056399345638,42.394636499694755,13.720882559905203
5,329,Residue Management (No-Till),178,,,,,,,False,72.96772355723196,31.18603678964642,2.1920818065151724,27.26820445145961,4.356092268949565
5,590,Nutrient Management,1199,,,,,,,False,6383.635398860409,2266.8204273028764,899.7943141279818,84.546001371024,18.62019331254794
5,329,Residue Management (No-Till),2134,,,,,,,True,987.3611304242185,292.75758588195026,9.37090224930559,17.009420766239128,0.6904358577950366
5,340,Cover Crop,1296,,,,,,,False,567.2734382334473,96.6158465605312,36.081207216171904,14.0934119269254,1.9851788863708462
5,329,Residue Management (No-Till),2395,,,,,,,False,1275.7457600170394,997.39092935697,71.43181143427881,70.86207872825793,9.8193475138191
5,340,Cover Crop,2004,,,,,,,False,930.5242029416237,179.2892586242863,59.91141852296972,10.521030857558708,1.9179980357416444
5,590,Nutrient Management,988,,,,,,,False,697.8401963390079,376.84062863392785,161.93734904118296,59.581580333386306,13.416371592420305
5,340,Cover Crop,833,,,,,,,False,1427.3210667018752,332.0651054414003,109.02594474751328,5.9587379982259305,1.623776775113658
5,590,Nutrient Management,2385,,,,,,,True,654.7786571340221,441.3429529623308,42.54410418225376,163.33467696241033,12.935887552103425
5,590,Nutrient Management,162,,,,,,,False,1747.460142918793,1460.785831666427,511.52145395515345,3.374976224580056,0.6849346548904629
5,340,Cover Crop,687,,,,,,,False,185.54566158727957,51.40934750790252,17.16149019872028,4.744933014970686,0.982372212713632
5,329,Residue Management (No-Till),362,,,,,,,True,633.4307228803289,477.2118096224109,9.622674076434768,201.01826394460008,10.877873465353993
5,340,Cover Crop,1362,,,,,,,False,1293.0126428774472,166.56213675543856,64.94766785836013,70.78798820852812,16.662191201155334
5,329,Residue Management (No-Till),1669,,,,,,,False,467.08877845526223,394.52933371491616,32.37748712646016,189.02326230273403,49.568837875112884
5,590,Nutrient Management,2388,,,,,,,False,1738.1129758938462,88.77816137421384,29.082047986846746,6.273259881011976,1.824282280290602
5,329,Residue Management (No-Till),89,,,,,,,False,1908.2881995599341,389.0241991876765,44.31310570018264,37.8650737423987,5.046564716580932
5,329,Residue Management (No-Till),625,,,,,,,False,1405.6484998693625,224.8021359745629,15.917475924711335,17.570745571949402,2.418491941239345
5,329,Residue Management (No-Till),784,,,,,,,True,695.7197128262796,264.67542602259215,3.9808917668032304,2.886223355246001,0.13283122677064005
5,590,Nutrient Management,1207,,,,,,,False,1479.956256588351,663.6381574188489,252.48881595069605,59.199791554171625,15.509529251967846
5,329,Residue Management (No-Till),1185,,,,,,,False,667.9026029582683,459.48948128750385,31.12496390497496,29.857918415130342,5.0653195885361075
5,329,Residue Management (No-Till),1102,,,,,,,False,796.403335383109,108.15213555326405,5.42339664958717,127.47795412591326,22.189681710012525
5,329,Residue Management (No-Till),2083,,,,,,,False,833.8240391988004,676.9914169906996,71.1303488652008,75.02117087295332,14.936098091768292
5,340,Cover Crop,410,,,,,,,True,3533.189307616698,272.5640252604789,19.41558686695407,184.5982880281591,10.338820111201962
5,590,Nutrient Management,675,,,,,,,False,1652.6301207417994,721.942882922164,269.39151547315595,7.361783924747783,2.398332022264787
5,329,Residue Management (No-Till),160,,,,,,,False,515.0116047435143,184.67076933077482,20.75261915636222,143.1152761675324,26.705668727978164
5,329,Residue Management (No-Till),963,,,,,,,True,1055.6100650308144,2875.224348211434,58.02439703420025,19.79078991075042,0.7054599485873213
5,329,Residue Management (No-Till),695,,,,,,,False,937.3784985685371,221.39522860497306,23.36859707641757,15.478859375991911,3.564803529537194
5,590,Nutrient Management,2046,,,,,,,True,8010.449256229726,1172.4787329273631,100.26951620485322,6.96660055491625,0.5660646273589339
5,590,Nutrient Management,868,,,,,,,True,1212.0658830619225,373.64301736601533,28.216897131047503,44.61837823024648,3.214308415501769
5,590,Nutrient Management,1549,,,,,,,False,1193.4748123701563,645.2533345194873,207.32188511258667,1.1687535559864548,0.33195375472356964
5,329,Residue Management (No-Till),1418,,,,,,,False,155.17998295784636,34.92807570759556,3.5666457918235466,7.138915469620769,1.0550964331749313
5,329,Residue Management (No-Till),1101,,,,,,,False,481.2661269520091,40.14869741964121,4.978994415699046,13.160753713190804,1.9247472211625438
5,329,Residue Management (No-Till),182,,,,,,,False,367.4187007264525,169.131228985451,11.208904036889608,19.097909899615093,3.005938217549823
5,590,Nutrient Management,339,,,,,,,True,1270.6449164225417,136.46836237044323,10.638247906823608,0.32881068641397615,0.023170314233581738
5,329,Residue Management (No-Till),2301,,,,,,,False,1576.5824715502629,1273.952455647581,88.6451057834372,37.615945057456074,7.790653012931578
5,656,Constructed Wetland,488,"488,467",,,,3.5249124481659395,17.129387954465717,False,522029.61688273994,5332.115201654886,1453.2952420030354,110.03260706723081,32.880118026169754
5,340,Cover Crop,742,,,,,,,False,3303.630269666419,1290.664763048376,371.20734945829935,93.74738932798908,20.109325463109556
5,329,Residue Management (No-Till),2005,,,,,,,False,750.1246465440556,219.49778050371145,18.125878423317918,172.58410464854316,31.681614279089988
5,340,Cover Crop,395,,,,,,,True,2227.2992937181716,29.6103899523244,3.1501871268768413,5.066724834034002,0.24492120081880808
5,590,Nutrient Management,2395,,,,,,,False,3841.8263150683697,925.9591179226912,224.2390283787411,61.042731214438824,13.544198643942217
5,590,Nutrient Management,937,,,,,,,False,401.1792878199295,112.97858703709102,34.240786087645695,117.89523520289154,33.68256425221295
5,340,Cover Crop,1339,,,,,,,False,11935.453147499285,7299.590873030002,2448.347164578475,547.5949378102417,87.27983576270181
5,590,Nutrient Management,715,,,,,,,False,1138.893691736792,118.03508217127539,44.03829123604579,148.83804240930615,49.50917430749398
5,329,Residue Management (No-Till),1493,,,,,,,True,452.3788551056139,1174.5411830401804,22.340405677051656,10.406211365499843,0.3965507300438694
5,590,Nutrient Management,2151,,,,,,,False,9149.243112971768,4723.628246197708,1873.3843108945211,74.25570138107021,21.523469384555675
5,590,Nutrient Management,1361,,,,,,,False,879.7809033401229,57.03411484719068,24.320846728524096,11.609484262551604,3.969517713869089
5,329,Residue Management (No-Till),61,,,,,,,False,1097.5959347522692,1502.092927027525,135.12340740312962,154.5287450210976,28.376087841824464
5,329,Residue Management (No-Till),647,,,,,,,True,643.8619611300561,1706.1452075562731,33.203416856414755,332.17406707206334,14.689956055679573
5,590,Nutrient Management,887,,,,,,,True,401.0182678378302,377.0369953034116,37.24093903746608,14.021290320425996,0.7538266622469956
5,590,Nutrient Management,2235,,,,,,,False,362.8071517142478,214.9791426796351,68.91527972788133,6.953668605587813,1.6949408190706061
5,329,Residue Management (No-Till),1821,,,,,,,False,373.34688459721264,249.211771588184,24.014211430289315,8.390661876672457,1.0090752343706375
5,329,Residue Management (No-Till),1941,,,,,,,False,604.1934789685262,356.1140238508724,47.17922890331439,107.27860846077371,21.01482309220781
5,329,Residue Management (No-Till),1054,,,,,,,False,927.5259465677767,150.20774102819954,10.862123063120276,1.6739415238061404,0.29432355665501336
5,329,Residue Management (No-Till),1567,,,,,,,False,635.129800981447,68.66805616029187,5.869483179619673,139.44019133897388,19.481988793234567
5,329,Residue Management (No-Till),1225,,,,,,,False,850.1373993001212,593.5122630687221,42.7295679370077,8.133206265812715,2.0180422318976525
5,329,Residue Management (No-Till),1353,,,,,,,False,272.5460324866997,153.59141183290774,14.314527329340383,4.962485959023123,1.0798413504607982
5,590,Nutrient Management,958,,,,,,,False,4639.636559322059,3009.6569517710323,1101.7708285918666,57.2698856658199,13.459165994748316
5,329,Residue Management (No-Till),462,,,,,,,False,320.56782522419417,243.36748790483412,23.522598517925758,7.645122510188081,1.4930271461602311
5,590,Nutrient Management,1671,,,,,,,False,858.1881107344975,82.48719598114846,32.48081459999245,10.970511793520282,2.6167851349231954
5,340,Cover Crop,1067,,,,,,,True,5321.515568386657,635.3844526555079,53.64882706656265,23.668949577214338,1.1026317746299508
5,340,Cover Crop,193,,,,,,,False,1641.8720516147905,645.782259364749,166.99445076847815,1.6595558714636547,0.4211015261475476
5,329,Residue Management (No-Till),515,,,,,,,False,684.8674770693582,1360.085756953271,175.07242811376372,15.957368306490478,3.6673140701426385
5,329,Residue Management (No-Till),375,,,,,,,False,830.4639044553617,698.3222053459593,71.4659053721692,16.852290629202052,3.3230975048052
5,329,Residue Management (No-Till),150,,,,,,,False,2691.9188931685158,1456.0964962537635,107.86003870085972,72.94884216177294,16.758331076653107
5,329,Residue Management (No-Till),234,,,,,,,True,774.9273091469396,154.6168586077986,3.9426766659727708,51.95684641585107,2.31991295907457
5,590,Nutrient Management,276,,,,,,,False,2104.8043192069463,211.12554841401223,79.31791624954786,100.79454768883038,22.3376999767487
5,329,Residue Management (No-Till),200,,,,,,,True,1938.3577675565443,1854.1224769977737,25.712690477880724,137.96539575083244,5.00021710247366
5,590,Nutrient Management,164,,,,,,,False,3837.958736549018,650.4909877002198,245.4201072785796,66.39464745877135,19.279294715017254
5,329,Residue Management (No-Till),1272,,,,,,,False,589.7877642722087,1248.1301469481743,68.14506171080205,12.178299092077076,2.584727093261976
5,329,Residue Management (No-Till),615,,,,,,,True,381.08833687065686,317.72621059926126,10.839581080760304,8.335679351526318,0.3503994622559619
5,340,Cover Crop,1229,,,,,,,False,2229.7983509067953,26.312900510860075,10.95323281064913,319.10959184953333,63.30989290962362
5,329,Residue Management (No-Till),242,,,,,,,True,1912.7886249834548,1592.324864453687,21.728517459795608,0.12522407418726955,0.00527652913047032
5,329,Residue Management (No-Till),1425,,,,,,,True,838.0404316937833,1032.9998714969884,25.294113743823818,3.3181964694049295,0.1864784500539703
5,340,Cover Crop,1302,,,,,,,False,4624.325899697596,717.2614435647889,252.99945311519056,175.40544362140935,26.69578721346783
5,590,Nutrient Management,358,,,,,,,False,94.57506879743832,8.148604655094791,2.5832132139746595,0.510223830906343,0.19285099732337435
5,590,Nutrient Management,1051,,,,,,,False,733.0176969253845,32.80411757340849,14.638907398941356,7.049621692447944,2.5163196279979614
5,329,Residue Management (No-Till),190,,,,,,,False,228.67997597783733,72.56074414115278,5.294014518132246,2.2134908749672904,0.28422017267252525
5,329,Residue Management (No-Till),149,,,,,,,True,2229.968752185663,8789.621983629324,153.59926798933753,42.52882243909422,1.7509709821216648
5,329,Residue Management (No-Till),990,,,,,,,False,247.6483232074137,377.1292898991081,28.95281247906709,1.0761852380210695,0.1607830813128724
5,329,Residue Management (No-Till),1733,,,,,,,True,391.15474307202777,288.24213310023487,7.69758653424228,36.561334243093896,2.1502138124586003
5,590,Nutrient Management,1777,,,,,,,False,676.0238395245276,141.24791139107165,40.60766470108726,7.4865262955650405,1.7851765012130185
5,590,Nutrient Management,1685,,,,,,,True,1138.0179731363917,247.53906186948873,21.1168863113849,146.01125753782932,10.952792848241831
5,340,Cover Crop,989,,,,,,,True,4724.5355638212095,824.7274815432755,60.30921646720352,15.228345755819866,0.6438256622086258
5,340,Cover Crop,2069,,,,,,,False,1548.5606375093187,224.22616896433613,66.82370152305126,78.76566906850344,13.454453908962135
5,329,Residue Management (No-Till),2645,,,,,,,False,327.82760423639786,205.70305109680805,11.802320220041825,57.12725790761894,12.492072385630108
5,590,Nutrient Management,1451,,,,,,,False,999.8332020876584,112.09319331010178,35.6808339858542,3.04836628158166,0.997181754262583
5,590,Nutrient Management,1230,,,,,,,True,583.713146246055,334.109755455566,27.843130697532295,21.532141461961032,1.779125156140592
5,340,Cover Crop,576,,,,,,,True,1564.547578869741,557.8764681705719,53.016467417530805,1.4655911018984284,0.07074322924759117
5,590,Nutrient Management,1424,,,,,,,False,1731.8611554760475,325.2121001323899,133.80759897099256,15.003291573306294,3.3819006401192757
5,329,Residue Management (No-Till),119,,,,,,,False,263.6414705568476,276.9263917565776,32.53037180384961,1.6102124390644015,0.2789022548776441
5,590,Nutrient Management,709,,,,,,,False,3847.777315929675,1330.4162085740556,503.31633881015404,1.7908979979263338,0.6584837758352928
5,329,Residue Management (No-Till),1422,,,,,,,False,729.2321480574496,1611.8939368383217,127.80454407940877,47.41261655061555,9.278738648998191
5,329,Residue Management (No-Till),30,,,,,,,False,746.7631049022397,335.6145979394487,34.02086529250995,60.71384891759415,12.369849207121284
5,340,Cover Crop,886,,,,,,,False,868.3293266246442,119.99566840757235,44.51965708694776,5.95673213109042,1.3287562398169048
5,340,Cover Crop,978,,,,,,,True,629.6084290914218,810.8567134063339,58.646716756989264,19.352792412000767,0.9666756615269273
5,590,Nutrient Management,1834,,,,,,,True,1913.9299503999507,299.95064062629467,22.807905255378664,43.621715091688095,3.3428845164246157
5,590,Nutrient Management,401,,,,,,,False,636.9643443197349,223.49119612343554,83.71373003763166,132.09656984179432,37.63566677675822
5,329,Residue Management (No-Till),810,,,,,,,True,1102.1982312444834,272.4862795792416,5.7317413526601,23.721951697757312,0.8265883851636144
5,590,Nutrient Management,1826,,,,,,,False,1484.5222335765222,3199.757721668229,1295.6291210852955,76.27983261624387,24.41438363715612
5,329,Residue Management (No-Till),1882,,,,,,,False,793.6567372290143,1053.6757795074996,54.49406072949127,11.66827412940643,1.6578858413952184
5,340,Cover Crop,2229,,,,,,,False,4314.4238829110745,1696.858830539868,436.55893167821296,20.55730238607411,4.717058124555381
5,590,Nutrient Management,204,,,,,,,False,1988.7280271489699,481.0810727493365,151.2808127777281,87.68052600183377,16.73498246541121
5,329,Residue Management (No-Till),2212,,,,,,,False,422.84804370499205,358.98311152331985,33.82465457043337,5.101305966001815,0.700556211510511
5,340,Cover Crop,795,,,,,,,False,637.2952062047569,209.94401197093157,66.1128243467156,1.4310672331583083,0.29873521842321177
5,329,Residue Management (No-Till),1506,,,,,,,True,607.3799776270456,560.008179686644,7.406116297940638,9.411745549430822,0.5625961687010691
5,329,Residue Management (No-Till),62,,,,,,,False,2341.712038717385,153.7345612949157,12.787587861023866,78.04358316734204,15.768118580911569
5,329,Residue Management (No-Till),2170,,,,,,,False,227.34361382667066,232.28456333186816,21.34146189447463,9.746568214138975,1.3117766377004645
5,340,Cover Crop,35,,,,,,,False,715.5500299272408,10.951663964560112,3.968630627536006,0.9586009807012843,0.23882329124062854
5,590,Nutrient Management,510,,,,,,,False,3338.8493018660556,237.50274056927606,83.97348336827068,414.2957791568247,108.63906533683077
5,329,Residue Management (No-Till),426,,,,,,,False,384.8783946201319,220.29280776589852,17.859319869552717,49.29261498484876,8.351205040761123
5,329,Residue Management (No-Till),1921,,,,,,,False,1542.519031592842,773.2057185319563,84.45874835481943,46.61696593605908,9.270634336465745
5,590,Nutrient Management,1919,,,,,,,False,587.1829885372119,626.5545399452392,219.1743840978028,15.168260126252298,4.76482488295525
5,329,Residue Management (No-Till),135,,,,,,,False,1437.8996297382,1164.8582570922904,107.08449129021207,353.99598710430445,51.338727787638426
5,329,Residue Management (No-Till),599,,,,,,,False,924.7620094793459,3775.624047642398,445.56328586814146,31.173100730038048,5.674173125177122
5,329,Residue Management (No-Till),2558,,,,,,,False,456.4566113559355,96.31399674527364,4.290875400209858,39.08693812729989,5.947731260745435
5,590,Nutrient Management,1683,,,,,,,True,1691.485477194884,470.025529919439,44.949844984077735,272.31748898011676,15.472268323448931
5,329,Residue Management (No-Till),967,,,,,,,False,503.3784163726333,297.688555713077,34.107755389463335,4.001995832734054,0.4487446368004053
5,329,Residue Management (No-Till),866,,,,,,,False,601.1572445489452,244.71721507234346,27.672000671116198,37.142480111145666,6.630191095054378
5,329,Residue Management (No-Till),1798,,,,,,,False,510.3049702341722,788.965935721617,94.27048388348597,260.3976913190238,53.8350296901236
5,340,Cover Crop,1457,,,,,,,False,1315.3389867224164,1570.0012186305223,537.2742067403206,11.658566524211675,2.523087647887172
5,329,Residue Management (No-Till),1307,,,,,,,False,4201.732044891172,10882.6691623349,1366.3741333949517,61.37388037638381,12.850697981991612
5,329,Residue Management (No-Till),1995,,,,,,,False,689.9955050744023,609.2428997200684,45.104423901655586,73.29624305736141,15.444245752930168
5,590,Nutrient Management,619,,,,,,,False,3390.3100962624767,2482.3567841556946,733.2882873705205,90.38874950728312,20.08733872320457
5,340,Cover Crop,476,,,,,,,False,3075.3382675489784,268.1720938571519,104.45876504260815,14.135480282648754,1.919104916567363
5,329,Residue Management (No-Till),2519,,,,,,,False,337.70722697285106,74.83139971822798,7.542829477038144,4.902921929598723,0.9883669704205378
5,329,Residue Management (No-Till),1527,,,,,,,True,2226.2398593813473,665.0753880895746,18.335160936215647,729.3085735321381,33.091475083365054
5,340,Cover Crop,1636,,,,,,,False,1188.9647965362683,404.30689026382277,160.2547755731792,25.840544563369864,3.2019283973020243
5,329,Residue Management (No-Till),1508,,,,,,,False,1045.5258478059425,4008.1721574412354,378.3710435045481,299.17022829440253,55.83118226967251
5,329,Residue Management (No-Till),2028,,,,,,,False,347.70010736923956,149.0899820370393,13.931210675062987,14.908612060373967,3.1673668121889342
5,590,Nutrient Management,2558,,,,,,,False,491.416084319689,92.02312134506379,29.922287066730004,33.13920686655445,6.427284243001401
5,329,Residue Management (No-Till),847,,,,,,,True,434.2523524520501,194.02324568015746,4.451451601670671,9.302837190328216,0.36834523961716586
5,590,Nutrient Management,64,,,,,,,False,1200.5809097057975,1733.4108143440635,526.2556823665813,24.978062977663953,6.845738695652973
5,340,Cover Crop,931,,,,,,,False,6257.518270756656,262.8562067012468,89.1092703480327,129.3678734179388,17.98708180251794
5,329,Residue Management (No-Till),2114,,,,,,,False,442.9871339555775,3.4927761864449267,0.3773637695720766,4.322539692137422,0.7273897177745686
5,590,Nutrient Management,264,,,,,,,False,1427.4273659101823,1067.068869666089,437.24987728114064,93.91140808646635,18.861017364917643
5,340,Cover Crop,2145,,,,,,,False,5673.67920302681,3351.9943239316717,1174.4900554095489,190.28099343587022,29.893154243907226
5,340,Cover Crop,107,,,,,,,False,408.30809020326296,62.58164255778555,22.299932499004157,7.8138631626907395,1.3907529242975714
5,329,Residue Management (No-Till),2092,,,,,,,False,1357.9260722301365,1231.7951664217396,83.78539867728968,56.16108999653419,8.839556891922715
5,329,Residue Management (No-Till),543,,,,,,,True,503.82642019939453,163.51484643501735,4.0432991438337815,24.86223103961884,1.013701951523494
5,329,Residue Management (No-Till),787,,,,,,,False,1648.274314250924,1394.384386191821,105.68427168454177,38.615668633401114,7.080005154253583
5,329,Residue Management (No-Till),2639,,,,,,,False,364.3752865238686,101.66763743403146,10.17876132620936,20.829212769171242,2.714410337376836
5,590,Nutrient Management,1843,,,,,,,False,1570.2157215569373,1190.8868013087074,528.7774445244569,81.84555583403025,18.888402605393175
5,590,Nutrient Management,1874,,,,,,,False,24.774354101486374,36.926126908600374,13.262549919492594,0.7711970552106805,0.21936817254148838
5,590,Nutrient Management,1771,,,,,,,False,860.6313012292273,81.7474800514779,24.27196945167159,145.4675801248814,34.604417059150336
5,590,Nutrient Management,1076,,,,,,,True,3278.12958747267,1133.7899563630704,89.0765137056424,114.33776634338074,10.109849458001449
5,329,Residue Management (No-Till),2425,,,,,,,False,115.53452272283694,48.6297450896584,4.525661083238318,0.7386103934879571,0.14709888675460148
5,340,Cover Crop,48,,,,,,,True,1598.5672528648997,147.2625276696532,13.187941094267792,21.88322188771607,0.9912418301366575
5,329,Residue Management (No-Till),1494,,,,,,,True,324.36634757172646,499.37491315099174,15.601597231437388,36.0365611990709,1.8685263658176972
5,329,Residue Management (No-Till),1898,,,,,,,True,826.9750619777479,238.55137049764207,7.562547676344798,60.98251138955285,3.4592362241555916
5,590,Nutrient Management,1673,,,,,,,True,2862.4535013330838,737.2834927763685,72.9855628532455,39.28441967595736,3.0702657082974802
5,590,Nutrient Management,381,,,,,,,False,1535.4863196276162,1048.7179385894183,354.90008818383035,103.72935390836786,27.96910570736808
5,329,Residue Management (No-Till),633,,,,,,,False,418.72135268281335,630.4152184133334,39.123203402873315,13.946546704013638,2.9716278444286033
5,340,Cover Crop,116,,,,,,,False,2514.0480623987273,649.2288914823755,227.80752757925282,5.69396382027586,1.0314972101125945
5,329,Residue Management (No-Till),108,,,,,,,True,5407.088422399936,3336.723386163688,41.63653980247234,187.8141447568632,9.312373071276623
5,329,Residue Management (No-Till),1169,,,,,,,False,1312.8586372782818,889.9010388301723,82.82401704813059,1.5291520423175131,0.25529774786959714
5,590,Nutrient Management,314,,,,,,,False,2758.020544076841,468.0284897474601,155.51329757361262,12.224647112513974,3.116500784540525
5,329,Residue Management (No-Till),846,,,,,,,False,322.9661570463498,68.83897199910734,5.400995638663212,44.14486733267399,7.748305270305602
5,329,Residue Management (No-Till),2252,,,,,,,False,1416.246694497978,662.6590488920573,42.72318330227563,14.98974105926303,3.0799073508421406
5,329,Residue Management (No-Till),490,,,,,,,False,749.9164847853972,564.7971619754255,43.007474145196106,236.96869369640336,39.59504872157475
5,590,Nutrient Management,362,,,,,,,False,768.1741581108382,467.5891355459761,184.92585131150986,190.14039047924607,60.391405925371764
5,590,Nutrient Management,2406,,,,,,,False,363.2783846026074,305.9652575571162,83.4783997649886,36.98352379316578,10.164442527643002
5,656,Constructed Wetland,526,,,,,0.35002741361034784,1.084746216951026,False,26495.70055028732,61.79762732078037,22.982166495675568,2.0178060509687996,0.625750107799235
5,340,Cover Crop,1242,,,,,,,False,3953.8154827159265,818.0772240621197,317.8151870562836,26.184976733340253,5.103914733101873
5,340,Cover Crop,1867,,,,,,,True,1403.3477604919817,96.19628043763134,11.020246075723776,54.809264703898364,2.1472779543868215
5,590,Nutrient Management,442,,,,,,,False,5450.386425359684,8714.39887179916,3023.000367912194,93.89119923433562,24.438024877694517
5,329,Residue Management (No-Till),2456,,,,,,,True,349.7518054839535,221.7262698100984,5.598769648681126,2.257340035383002,0.058849237841620654
5,329,Residue Management (No-Till),2327,,,,,,,True,921.0184981422121,435.01033406957254,9.043380172028048,9.124727712660578,0.4447931509278202
5,329,Residue Management (No-Till),1283,,,,,,,False,890.0386198872663,790.5294293709146,46.62430034455421,54.59130589939386,10.676861627086184
5,590,Nutrient Management,294,,,,,,,False,443.66495622429443,22.619092817203743,7.4196310543765795,0.20730021265928944,0.0579923121899816
5,590,Nutrient Management,2597,,,,,,,True,748.0154071074887,500.71944229590997,40.90365842168276,0.32056242074991137,0.022621714659236857
5,590,Nutrient Management,1009,,,,,,,False,282.042618379241,97.57579672986951,29.966617435398664,7.3620302447092145,2.336937167855776
5,590,Nutrient Management,631,,,,,,,False,1551.8306609068443,113.59104476191729,35.71712497431921,4.310957692663665,1.1469726143745265
5,340,Cover Crop,130,,,,,,,False,847.1892521094089,659.0457240011193,164.5594760110015,16.92227916054411,2.6203730026545986
5,590,Nutrient Management,2456,,,,,,,False,438.77662686754314,216.12750016141726,85.53375549928356,2.1984907975413814,0.588200781859283
5,340,Cover Crop,2639,,,,,,,False,1440.9994467114202,91.4888761078221,35.86630995048925,18.114802431794406,3.806608123032531
5,340,Cover Crop,759,,,,,,,True,1595.7120754813513,160.29541197287747,12.389254452869825,9.439974619558194,0.3988246354830233
5,329,Residue Management (No-Till),686,,,,,,,False,204.2988346313228,82.44649385546877,4.660268223320233,2.3497565617556098,0.33072151707304387
5,340,Cover Crop,2237,,,,,,,False,2832.7648848552844,243.67749344209972,81.64724077135158,18.450743616306603,3.181470556492635
5,329,Residue Management (No-Till),2388,,,,,,,False,690.4496071433508,59.696113387367085,6.244699520851186,4.448977600721373,0.8630386610813219
5,590,Nutrient Management,347,,,,,,,False,1010.863104642882,704.664176398097,215.27106607677968,48.833019377929205,14.041340906443068
5,590,Nutrient Management,1659,,,,,,,True,860.2614822817998,307.613600547093,27.061660879702814,8.896314713572728,0.7224225989846663
5,329,Residue Management (No-Till),1512,,,,,,,True,354.38146111859555,198.82160113488743,4.567304205955803,8.517527825889761,0.4859504524875743
5,590,Nutrient Management,1369,,,,,,,False,1211.0181667803622,1521.7487173220525,408.4950028667074,0.035514754675198726,0.011640788065052303
5,329,Residue Management (No-Till),2673,,,,,,,False,304.8133819558408,251.88769385073365,14.400558621565859,3.7570676142410164,0.6064276751690982
5,329,Residue Management (No-Till),1146,,,,,,,False,2193.664455563315,1659.9266855112962,206.08484377373387,20.642581122450956,3.2028198941362223
5,329,Residue Management (No-Till),1965,,,,,,,False,2241.37716220325,2101.7373128187023,203.9947242328524,50.48304209220849,8.56492178289112
5,329,Residue Management (No-Till),2291,,,,,,,False,1443.0943688009359,1095.7603225322875,67.45566943398912,30.99910022263879,6.504785140643923
5,590,Nutrient Management,1301,,,,,,,False,2864.8909302134916,727.4067906688734,223.16301416294812,124.07606056011457,34.24301985908562
5,329,Residue Management (No-Till),621,,,,,,,False,545.2369482952605,301.9758743238368,33.71140036411445,24.48821826992602,4.524074618677055
5,329,Residue Management (No-Till),748,,,,,,,False,934.2417266970209,684.1058602474235,72.88219297519117,11.646950929701962,2.491001424501894
5,340,Cover Crop,1567,,,,,,,True,2370.726018868968,62.7985729806722,6.365758938967174,119.95820254573933,7.339744772951912
5,329,Residue Management (No-Till),2344,,,,,,,False,14.00609479057145,7.567269928998393,0.6325587337799682,0.24080261215053514,0.04192795030325286
5,329,Residue Management (No-Till),296,,,,,,,True,532.8176043742673,207.74721323251177,3.7980017680207117,3.3097287959547153,0.12392137933539643
5,329,Residue Management (No-Till),293,,,,,,,False,774.4167353020699,251.2527377775004,16.854138917774563,275.26212227748147,60.64323083732984
5,340,Cover Crop,242,,,,,,,False,7425.90878483146,1570.5963469938915,683.9475348727099,0.11994754505679925,0.018316021917009942
5,329,Residue Management (No-Till),1438,,,,,,,True,111.53545610387168,431.392768129827,7.32881765337395,5.686875968177049,0.29981614807789464
5,340,Cover Crop,1569,,,,,,,False,1350.6480283462924,86.84146517816716,26.45173989538565,10.14336953230785,2.0305743391049234
5,340,Cover Crop,512,,,,,,,False,2139.0027336083326,1163.8823961328728,417.0231916116036,8.850810326828315,1.960477365084075
5,590,Nutrient Management,1333,,,,,,,False,951.2473049357026,193.2078527814144,54.80087455045652,26.39211252116836,7.795133256344786
5,329,Residue Management (No-Till),2167,,,,,,,True,376.8778697359557,11.8112490698334,0.36127951425746774,6.466520418525818,0.2863515876657154
5,590,Nutrient Management,1191,,,,,,,False,554.8326504909576,43.27064614659649,12.801651098637441,15.065591989418968,3.9109716679596946
5,329,Residue Management (No-Till),947,,,,,,,False,625.4538894671564,2377.646999901862,233.39874150963323,40.19211842239519,9.439008039312878
5,329,Residue Management (No-Till),312,,,,,,,False,1754.605955903344,780.3712129746314,80.4683236117931,125.7898459772795,21.03519374772414
5,329,Residue Management (No-Till),572,,,,,,,False,811.0467041726257,950.1245557110203,100.6267736613534,1.6433383006866367,0.21331134542419802
5,329,Residue Management (No-Till),843,,,,,,,False,4101.171258686884,1075.1686154700026,93.91705961301352,176.8861325988926,37.34502521542724
5,329,Residue Management (No-Till),834,,,,,,,False,271.6713847205685,96.19809787976605,10.99446469944121,9.412430851398375,2.008051623559703
5,590,Nutrient Management,1907,,,,,,,False,552.2865437306189,123.22227002762152,41.450664920977246,40.13770059260681,8.478616196442212
5,329,Residue Management (No-Till),1896,,,,,,,True,600.9818922807308,633.2152292439508,17.390912347702937,32.78055468134814,1.071592664477906
5,590,Nutrient Management,2527,,,,,,,True,2555.06855595842,508.8733881333873,43.64931905890506,327.4311523210938,15.881885411898603
5,329,Residue Management (No-Till),1776,,,,,,,True,425.6039617511785,192.77409467804148,4.132331809376415,1.8106860437761907,0.09074662648692206
5,329,Residue Management (No-Till),903,,,,,,,False,262.9164894429548,723.0666121348909,63.14990593100064,87.45916591650055,14.955051206932692
5,590,Nutrient Management,2054,,,,,,,False,8358.135654014517,2705.3430360233288,1077.8875936749698,53.32902456397418,12.785435571478555
5,590,Nutrient Management,2455,,,,,,,False,4748.029080138736,1078.3048111386665,385.91268812630716,276.73667501211867,87.05549100236203
5,340,Cover Crop,2096,,,,,,,True,2778.9103243660466,218.08046903458666,14.504556593056385,6.550541326978624,0.375991416937713
5,340,Cover Crop,382,,,,,,,False,1251.0419066698405,209.25554022626517,67.6231315086896,171.7391139017971,28.06402576481592
5,590,Nutrient Management,1452,,,,,,,False,1008.2134512750614,83.625192865811,25.26319073044588,2.027404484516203,0.46830043059868187
5,329,Residue Management (No-Till),1397,,,,,,,False,240.9794121983176,73.58670537206909,7.0065007501305026,15.523394229929774,3.0367186177883787
5,329,Residue Management (No-Till),525,,,,,,,False,1721.2084157027107,352.5755525258781,18.139201920403984,22.92559151751407,3.307567953539639
5,329,Residue Management (No-Till),1848,,,,,,,False,35.38623803173224,3.571895390338231,0.2908667214002145,1.1596881564369352,0.23376646833790043
5,590,Nutrient Management,1222,,,,,,,True,674.9258534241969,249.3559415622122,21.1250495746154,38.15235277880277,2.6250536115943
5,340,Cover Crop,1830,,,,,,,False,1251.9353715744703,246.94140620591034,101.14754137463757,16.230916395355255,2.7747528732650335
5,329,Residue Management (No-Till),274,,,,,,,False,388.1722003143248,146.24185549935274,12.634252266074098,31.28261598244502,7.02159235763486
5,329,Residue Management (No-Till),2022,,,,,,,True,466.2776154552748,375.80438310978644,9.493618425481351,16.217587112078697,0.6661309110449101
5,590,Nutrient Management,2348,,,,,,,True,1178.8342722107232,622.929454662344,38.87041707814809,51.992179567887355,3.2969155603708495
5,590,Nutrient Management,762,,,,,,,False,2108.332710662132,763.8399117742097,256.6833094359821,6.9841747976603425,1.595750936102682
5,329,Residue Management (No-Till),210,,,,,,,False,352.3440000820846,255.07071710286021,13.928801780049278,8.191819619996648,1.480109843152387
5,590,Nutrient Management,220,,,,,,,False,1089.738320695762,887.9552775966037,333.1535674773552,100.89437013092244,28.7890166115317
5,329,Residue Management (No-Till),662,,,,,,,True,86.28266924392202,56.91347334762026,1.0904345730175478,9.893171737411526,0.48870482997556314
5,329,Residue Management (No-Till),493,,,,,,,True,54.35727640909563,32.53719225983177,0.4805152980469664,3.17462524547756,0.13916410916767544
5,329,Residue Management (No-Till),2398,,,,,,,True,488.1106188776355,235.91023785068643,4.687813409048236,7.715170241309141,0.5389806386939112
5,329,Residue Management (No-Till),255,,,,,,,True,695.8227553446025,664.8060131470047,13.679438491251627,15.525710737782719,0.7019372142160621
5,340,Cover Crop,489,,,,,,,False,6568.692419428889,5893.438044073578,2353.405774611304,273.8748469042503,53.544327496213306
5,329,Residue Management (No-Till),783,,,,,,,False,760.379196372846,346.59940575244997,24.76610237399238,11.031358132130116,1.9697003387715162
5,329,Residue Management (No-Till),70,,,,,,,False,2499.7833758543334,1486.4089495094695,111.00161367416194,40.26560308131385,8.278583992235397
5,590,Nutrient Management,2319,,,,,,,True,672.9386144995243,112.90244799931304,8.186997993203335,4.810419943727846,0.3637707329513173
5,329,Residue Management (No-Till),1168,,,,,,,False,654.4043105197345,72.94132415615037,6.6512972980631,53.119962955589926,11.028881971800372
5,590,Nutrient Management,2169,,,,,,,False,1159.4831234024,461.6377685600499,169.82620637747533,48.45412170740569,17.10089998032498
5,329,Residue Management (No-Till),873,,,,,,,True,492.3469189174525,495.46571689153086,10.040229152481144,313.4479618089187,14.492770818735966
5,329,Residue Management (No-Till),73,,,,,,,True,1857.1101443437121,1073.5037026600965,30.992815537947585,21.32341635807197,0.7612164517007018
5,329,Residue Management (No-Till),1247,,,,,,,False,874.3573232149355,606.0786667365592,45.48672146556938,210.27882785137146,45.190234035526835
5,329,Residue Management (No-Till),1144,,,,,,,False,400.2013520294912,509.9864628178218,38.38277028700451,8.490249268799138,1.8034047580398038
5,590,Nutrient Management,2142,,,,,,,True,1273.7533611002789,422.87434399386353,27.912965128742645,9.641851057112811,0.7977584939760337
5,340,Cover Crop,867,,,,,,,False,1125.5789189344316,81.64002279461855,28.792147894216264,11.58917598825868,2.06150629935709
5,340,Cover Crop,1317,,,,,,,False,933.8344078128456,93.52802803681958,26.74480596508162,44.369734312528294,11.698241708189697
5,340,Cover Crop,2310,,,,,,,False,945.4080869340344,424.18408601244914,167.85606415808456,86.06102398780617,12.12186709271869
5,329,Residue Management (No-Till),168,,,,,,,False,652.8016653687527,128.0230004363765,7.196220335457355,8.609878633556589,1.8503045025525857
5,590,Nutrient Management,1216,,,,,,,False,291.3619003353832,41.630634279594844,17.189705684445055,59.95498531993969,14.34285283479071
5,329,Residue Management (No-Till),464,,,,,,,False,553.2305709533782,384.51231724598114,37.00332164733041,65.53054583210749,10.632842412564619
5,340,Cover Crop,1973,,,,,,,False,2229.7673563144635,257.6053690733703,111.92339804151588,117.91574783747656,15.28343925188422
5,329,Residue Management (No-Till),419,,,,,,,False,243.22784732069516,9.4556214011025,0.9393898043340025,6.039140501432132,1.3642721988932192
5,329,Residue Management (No-Till),2241,,,,,,,False,264.82252337294966,223.99642186251063,21.87601061946496,104.29387309737969,20.691231089534657
5,340,Cover Crop,1708,,,,,,,True,2490.9405095031384,1492.4181974736382,114.87618003423103,38.69014260391338,1.2069160505004355
5,329,Residue Management (No-Till),838,,,,,,,False,835.2124316220073,447.35642601286384,47.25365228902595,39.38467675012278,7.486908698782665
5,340,Cover Crop,1192,,,,,,,False,3261.6131952783435,183.73609771686665,48.8465052665635,167.23622624842523,27.39426322802135
5,340,Cover Crop,2307,,,,,,,False,3781.180849459978,991.8234628030334,349.40826081467264,14.143448099958128,2.4373235344028323
5,329,Residue Management (No-Till),844,,,,,,,False,530.3735258972513,166.19609310653462,18.50408574199221,66.49615295552755,9.374645236302554
5,329,Residue Management (No-Till),1833,,,,,,,False,269.6468503919991,77.78746221689754,10.17706209722006,5.4469418368249745,0.7816453080850138
5,590,Nutrient Management,571,,,,,,,False,565.2904028968577,1082.6474303324817,285.70213283837376,30.51428172371706,6.350378384636567
5,329,Residue Management (No-Till),1635,,,,,,,False,2005.9930399021891,1293.3861480724836,94.9365007794881,96.04248775865189,17.189471315367275
5,590,Nutrient Management,831,,,,,,,False,670.6664517800464,3.3694517842592937,1.0341379282897751,10.335493882270187,2.260912245466469
5,329,Residue Management (No-Till),482,,,,,,,False,493.708978952021,20.42415947626229,1.585574375956112,36.19194322256021,6.252913631888083
5,340,Cover Crop,276,,,,,,,True,2472.4700432781547,131.80763216446437,12.384335246925465,78.45684771208168,3.2587229255560843
5,590,Nutrient Management,376,,,,,,,True,979.6123251782636,470.55337122768043,44.20975695725821,50.75158940379201,3.1698186111995494
5,329,Residue Management (No-Till),739,,,,,,,False,897.1280132302494,413.17207506719785,30.031977206052435,12.150135417082895,1.9234601479175757
5,329,Residue Management (No-Till),1998,,,,,,,False,610.0850735209208,42.38104094784713,4.984953433299679,8.299541595536008,1.2831179178500813
5,340,Cover Crop,1859,,,,,,,False,721.9945708554994,54.96814850684533,22.60730715178134,2.9731386443086034,0.6692496104391005
5,340,Cover Crop,338,,,,,,,False,2518.205143855017,1449.357056410574,506.52625096118925,60.81913792406468,14.711127817967535
5,329,Residue Management (No-Till),1811,,,,,,,False,1067.466264552434,3691.5817481905633,498.3897877039426,26.410431207706903,4.28440255920253
5,329,Residue Management (No-Till),1273,,,,,,,False,376.6048301552283,204.7358173050207,15.084084306697287,12.531886477098842,2.075252360865774
5,590,Nutrient Management,2671,,,,,,,False,3828.3612457447775,2726.06820190655,945.1058076631538,113.27993377908167,22.99932375935434
5,329,Residue Management (No-Till),516,,,,,,,False,317.23405235406193,644.139589824,40.0114675655849,75.48104056314438,9.432278161714553
5,329,Residue Management (No-Till),2318,,,,,,,True,259.0481317857819,150.11400676926306,3.2976532684593494,5.184684033935457,0.24175756986745203
5,329,Residue Management (No-Till),2261,,,,,,,False,1307.2490041618737,745.1184478979536,68.61068224509339,206.69359550523518,42.15190096560865
5,329,Residue Management (No-Till),1724,,,,,,,False,921.651252572514,652.9621812636287,47.2530062932143,35.52482080646,5.660542473431452
5,329,Residue Management (No-Till),1718,,,,,,,False,584.5127229645077,55.75116550972262,4.518304990741812,98.04087649310372,18.422327257849926
5,590,Nutrient Management,1228,,,,,,,False,1833.879315006575,1080.0068768579188,327.4072093475016,322.7788091433558,84.23242780281193
5,329,Residue Management (No-Till),869,,,,,,,True,993.7893156223438,49.51239448337539,1.2537641484530864,57.683273992970186,2.752050151206365
5,329,Residue Management (No-Till),169,,,,,,,False,1661.657208055507,2228.1505324058708,130.01717112286096,88.44042195850697,19.982062024534006
5,340,Cover Crop,2392,,,,,,,False,7841.253872400924,1090.5937479730194,496.40277804353065,54.266102754923075,9.68041878580126
5,590,Nutrient Management,235,,,,,,,False,469.9477934900482,83.01393939958336,34.91299492954253,7.8224412850863265,2.585975002945579
5,590,Nutrient Management,585,,,,,,,True,241.58017871933967,57.42187502078114,5.457667158774701,0.1309893935001755,0.009272409092799106
5,329,Residue Management (No-Till),55,,,,,,,False,26.05933517537535,13.192071569553187,0.9755984703340627,0.6629838213415452,0.10951930027721708
5,340,Cover Crop,844,,,,,,,False,1452.2243930950706,147.6920073645424,46.61776818615693,57.121507719225,13.101305107181359
5,329,Residue Management (No-Till),1016,,,,,,,False,266.46720698959666,112.34658668058483,6.884943591515842,3.024333129024957,0.4950061715129891
5,329,Residue Management (No-Till),2115,,,,,,,False,267.65676512947795,253.56109472120696,21.483724837828806,19.851926160227144,3.1909324539029194
5,329,Residue Management (No-Till),327,,,,,,,False,836.0407171819528,3613.089127860061,473.0182674324956,25.109611444635345,4.880458608022061
5,329,Residue Management (No-Till),1824,,,,,,,False,576.8999931011472,268.41127718418454,18.698908181977888,8.968478910039885,1.637028613563352
5,329,Residue Management (No-Till),1175,,,,,,,False,902.7028321588995,459.8931506362696,46.709547238676834,32.82168451015337,5.684771764968522
5,590,Nutrient Management,14,,,,,,,False,8016.300518198953,806.5457892962992,312.59033326364136,1568.1040955009328,366.5300976823242
5,329,Residue Management (No-Till),661,,,,,,,False,412.5989551677671,155.04937070533728,12.602256902166001,11.173224800481888,2.273725259201671
5,340,Cover Crop,314,,,,,,,False,9769.99604527491,312.5151921738475,130.67178988393806,9.108146327973449,2.1583539867430503
5,329,Residue Management (No-Till),1449,,,,,,,False,831.2034853607539,1650.040861974723,191.7595787679222,97.86365262270658,18.472847999996798
5,329,Residue Management (No-Till),1464,,,,,,,False,899.4748708730831,955.5158415547448,50.73180617004475,23.04520529944834,4.381848897103607
5,329,Residue Management (No-Till),1634,,,,,,,True,1839.6969683618522,970.3504332881981,19.83401498685355,49.85586004250556,2.041196682459196
5,329,Residue Management (No-Till),2616,,,,,,,False,377.3592530191689,141.75970843805248,14.542022466906586,4.705254331461847,0.8962916651625443
5,329,Residue Management (No-Till),2507,,,,,,,True,658.7504368551903,1852.199073660478,32.78233652374666,49.144392926682904,1.929086286749304
5,590,Nutrient Management,1945,,,,,,,False,139.97494352950986,154.68324569279446,52.70727490287336,15.593232547916918,3.7965377150354502
5,590,Nutrient Management,952,,,,,,,True,145.29623928191924,95.96047811831527,8.086451333911885,5.436190372125835,0.3451942803600127
5,329,Residue Management (No-Till),247,,,,,,,True,204.65227973349002,144.08694927281937,2.267872536926501,6.968693209851623,0.2446860959569814
5,590,Nutrient Management,1468,,,,,,,False,1474.631516122494,1270.0000290925495,467.436556504654,10.869058413071679,2.782041901582265
5,329,Residue Management (No-Till),2453,,,,,,,True,208.14778466351615,79.39255306125402,1.4707870931237588,2.2818590270126307,0.10556884110877017
5,340,Cover Crop,2568,,,,,,,False,2606.2302652729527,620.039281519026,221.02872204507418,197.32154633659533,40.98205799480569
5,340,Cover Crop,322,,,,,,,False,1072.6136170047741,1463.5317903988034,584.0099653496673,13.602744011708607,2.716453104828893
5,329,Residue Management (No-Till),831,,,,,,,False,302.42611143385045,2.3353138559695186,0.19826377823354502,8.074581636803718,1.9362540629145604
5,329,Residue Management (No-Till),1985,,,,,,,False,0.36267199394534555,0.23168969675287862,0.012637163947811704,0.01851041623284385,0.0019994719023102136
5,340,Cover Crop,495,,,,,,,False,14407.879316173165,4678.652022035645,1858.1693021145566,91.7859021829622,11.600488932723797
5,590,Nutrient Management,795,,,,,,,False,314.76640579327244,143.83118762421597,55.09258432829616,1.1323320147350964,0.30292732430159386
5,329,Residue Management (No-Till),1907,,,,,,,False,475.46215924739363,81.77160510664427,5.451552171889549,31.659084396164598,6.960915690742177
5,329,Residue Management (No-Till),813,,,,,,,False,913.6094926183118,443.4445695935007,39.686916338362785,22.857479499633293,4.163139368253179
5,590,Nutrient Management,604,,,,,,,False,531.3002115073956,17.31838464285543,6.354659329847577,23.430646942055276,6.74256778155033
5,329,Residue Management (No-Till),1696,,,,,,,False,721.8602304191836,615.8284434704334,51.24821077610438,50.12033951465893,8.306617209400192
5,329,Residue Management (No-Till),440,,,,,,,False,293.9788417918754,107.82353773162164,10.782061757348394,4.0011873735269905,0.7245833010008956
5,329,Residue Management (No-Till),916,,,,,,,False,2177.0013756687067,520.9246526423134,49.71699560067161,22.82971047532868,3.754702276683221
5,329,Residue Management (No-Till),1305,,,,,,,False,1695.2839744369883,2139.556044142768,282.49425018488864,20.763301024872458,3.283020205796344
5,590,Nutrient Management,1896,,,,,,,False,1565.8508232874942,615.824316896248,217.24463072964798,31.708962016870238,8.176115152914866
5,590,Nutrient Management,301,,,,,,,False,3783.416841210081,541.9153976832475,183.60427695642522,667.9208123332985,161.63031621091878
5,340,Cover Crop,320,,,,,,,False,377.40703647937687,15.708769729553532,5.472583885177634,0.7156669098883833,0.15554440884501525
5,590,Nutrient Management,101,,,,,,,True,957.735380596009,119.68641910416642,12.248937032208723,10.837020394733536,0.7638062750448767
5,329,Residue Management (No-Till),2655,,,,,,,False,209.66711682143907,46.05824302423773,4.449608273020193,20.039660288701818,4.211366296462497
5,329,Residue Management (No-Till),2279,,,,,,,True,1222.0360969789615,4055.511120935912,84.08515460481856,11.5766310920833,0.5712104139061308
5,329,Residue Management (No-Till),751,,,,,,,True,769.2559157017517,257.90467216603236,6.806902283873919,56.110644496676485,2.816263325924411
5,329,Residue Management (No-Till),144,,,,,,,False,1271.2934020157204,871.3401152656496,68.24643978126565,63.070084396804766,12.484488541539815
5,329,Residue Management (No-Till),1803,,,,,,,False,1807.5718375714514,519.339546253064,41.88649409072033,151.2422793273986,38.30311829736411
5,590,Nutrient Management,2359,,,,,,,False,406.6272442107138,157.31061659748408,56.31905517674174,44.112140989754835,12.280553522480346
5,329,Residue Management (No-Till),2271,,,,,,,False,692.4230103011954,80.53170882707305,6.5231458355422,24.949433298975244,4.457720085216742
5,329,Residue Management (No-Till),179,,,,,,,False,251.88484557106287,256.70887941847946,22.974366376697066,4.812233065182103,1.0604948546670367
5,590,Nutrient Management,1286,,,,,,,False,705.5980523579199,69.69107374453925,19.761416976944254,23.865725076324633,6.416224320093569
5,340,Cover Crop,1719,,,,,,,False,2524.47727837844,217.4386063761871,81.59576704191088,49.96294853491556,8.962786680597134
5,340,Cover Crop,272,,,,,,,False,805.5176093694303,7.967113083088818,2.4408397953505276,2.704524267638371,0.4373486118774748
5,329,Residue Management (No-Till),1092,,,,,,,True,1592.2176996352107,5213.478355375057,51.20985814466928,16.25823927859287,1.0542892671103603
5,590,Nutrient Management,2236,,,,,,,False,267.10647804878323,204.0125339948263,76.17556515786772,15.256323213676131,4.398343044289955
5,590,Nutrient Management,1564,,,,,,,False,1140.5538181376207,159.7030013835472,53.90010888232536,10.461979670761512,2.764524017146364
5,329,Residue Management (No-Till),610,,,,,,,False,484.7395415971572,401.98465426298696,20.14179346837212,33.47446986624823,7.108534144707945
5,329,Residue Management (No-Till),2117,,,,,,,False,2142.362477476539,1797.7225387891299,164.39889297428735,3.1844477893055134,0.4732100883818844
5,329,Residue Management (No-Till),164,,,,,,,False,1866.4643343257405,405.07088042164014,33.197876644156494,47.115352743754094,8.4878734455323
5,590,Nutrient Management,1650,,,,,,,False,1369.185847359622,1690.0794081242295,564.766568899141,66.7304778452312,17.92402102073078
5,590,Nutrient Management,2376,,,,,,,False,1086.970207434401,976.0978308132825,349.7412775085517,106.37788107344578,23.997790671196444
5,329,Residue Management (No-Till),1033,,,,,,,False,157.86602886631866,235.35922393798916,17.607987984736916,0.8664623208006973,0.1570039112586656
5,329,Residue Management (No-Till),1089,,,,,,,False,542.4067428144616,897.023345735874,115.91412825306759,7.520169798557503,1.2297714784932545
5,329,Residue Management (No-Till),1816,,,,,,,False,268.38203225042315,294.670423719036,13.882073542561411,4.717102104076344,0.6290172296186716
5,329,Residue Management (No-Till),1289,,,,,,,False,899.1439903585525,706.4954774527355,41.09609791184198,16.754788003928834,2.1516486249144613
5,329,Residue Management (No-Till),2608,,,,,,,True,790.4321790314438,550.6229628111075,8.770208585107097,61.590342133350134,2.9271932866043975
5,590,Nutrient Management,93,,,,,,,True,2066.0573747074063,1474.9557132893833,131.18959188492056,69.66637088179316,5.647751900971869
5,329,Residue Management (No-Till),450,,,,,,,False,918.4037579120618,71.82010905807945,8.842092329059126,22.40382018957749,3.4143383092593447
5,340,Cover Crop,1912,,,,,,,True,1350.3849029761077,1589.4764141456826,148.3805928431942,5.09321473811872,0.2518904646801568
5,329,Residue Management (No-Till),2087,,,,,,,False,303.720369698002,525.9746222774228,25.82878302120278,9.043547761590956,2.0366105937209995
5,329,Residue Management (No-Till),2571,,,,,,,True,920.048870158306,541.9679321893597,14.482882616388316,29.45851708669205,1.48409669489394
5,340,Cover Crop,568,,,,,,,False,802.7314271384695,873.3412109694701,335.2109309930392,19.99774479152583,5.710516880774692
5,590,Nutrient Management,996,,,,,,,False,4074.0224309551877,1384.9435077837222,420.76707915615395,834.7353734944395,193.63969157317948
5,590,Nutrient Management,2087,,,,,,,False,338.9899770047805,500.14583925622,145.39516044104653,7.006937167869956,2.1211353568576694
5,590,Nutrient Management,1805,,,,,,,False,321.191166762484,94.61325312555178,43.583422793323315,3.240007918248449,0.7334885917067175
5,590,Nutrient Management,817,,,,,,,False,354.1712323610553,408.9756459557138,118.94332568279299,1.4282982160269282,0.5424805742252845
5,340,Cover Crop,143,,,,,,,False,579.9198319801106,579.3004398863258,210.86233829821825,5.964138539434176,0.9575037738738491
5,329,Residue Management (No-Till),2225,,,,,,,False,1427.894242013125,388.2669487570271,28.64638123782177,17.309886749671985,4.03111476958916
5,340,Cover Crop,2681,,,,,,,False,107.79568770764091,18.189662784272777,7.936776197136606,0.6427240728475048,0.10057086156387832
5,329,Residue Management (No-Till),1479,,,,,,,False,427.8365991301908,121.6707682810658,6.829741916247136,9.726878748273483,1.7435295698621798
5,329,Residue Management (No-Till),2554,,,,,,,False,518.6993891748469,533.9795095050976,49.73480864159814,4.323543337803631,0.7957782702842213
5,340,Cover Crop,1425,,,,,,,False,3247.953715557181,1007.7057577531646,413.004775638583,3.131718019350959,0.40958621719676463
5,329,Residue Management (No-Till),2603,,,,,,,True,745.0351212942761,883.6297548322525,18.63156951409339,14.889816565358567,0.8639009444606434
5,329,Residue Management (No-Till),1430,,,,,,,False,793.5222666897282,157.34479225516014,12.991897194890521,17.502955825570023,2.2887194499630388
5,340,Cover Crop,1090,,,,,,,False,8999.83288693412,1209.2005428305633,387.1558384338995,110.24956498016167,22.94009221098548
5,590,Nutrient Management,1182,,,,,,,False,4015.8017905394418,12.08045862556804,3.1965229206394112,2.922059280603304,0.7479242325785294
5,329,Residue Management (No-Till),1572,,,,,,,False,1566.9254258394765,1335.0634369757508,65.21878279853105,155.64154902723567,30.79919695061611
5,340,Cover Crop,2269,,,,,,,False,2769.0699730000074,164.72842321201264,66.81578865012891,59.80982699787551,7.46159583997955
5,590,Nutrient Management,1858,,,,,,,False,1553.5908908343492,1384.231284276558,562.5959066774041,8.02486476415858,2.229723180155626
5,590,Nutrient Management,2124,,,,,,,False,633.630919884951,39.805670037018686,10.702292126049217,3.974115998526086,1.2083829979757545
5,590,Nutrient Management,1429,,,,,,,False,1371.9284265576725,1663.4429058804988,575.8910827622262,20.79658783134014,5.857497006879221
5,340,Cover Crop,325,,,,,,,True,4645.470139427368,1136.8069603701192,133.9541493538454,50.898890523765445,1.4359457900750063
5,329,Residue Management (No-Till),800,,,,,,,False,1847.348100707452,3103.652511175913,241.32140079115607,75.26905716078619,15.30881731635333
5,590,Nutrient Management,1435,,,,,,,False,413.5136420808395,24.464877057951448,7.486565025625491,2.491880791590964,0.6386442303598179
5,340,Cover Crop,2648,,,,,,,False,3636.531762755101,592.4978811447064,263.9087028410899,20.132414340321002,3.394719443978209
5,329,Residue Management (No-Till),1725,,,,,,,False,945.6618546210527,768.5202479203213,51.36044629476195,48.16474768968536,7.431339545429231
5,340,Cover Crop,2242,,,,,,,False,919.3101578715581,213.34849382275405,85.54239191990152,21.10142879651688,5.344858138115932
5,590,Nutrient Management,1447,,,,,,,False,2077.412560564785,261.3649940346801,78.42256027751993,61.15954068363334,14.44403219312187
5,329,Residue Management (No-Till),908,,,,,,,False,523.9613623380264,603.8752984818291,73.20133668877297,13.661924134984497,1.9068276864998825
5,329,Residue Management (No-Till),1339,,,,,,,False,2496.4910840643697,4851.243708451527,311.83454270899136,460.31510204754,106.19127351829545
5,329,Residue Management (No-Till),1712,,,,,,,False,513.0109999025701,107.4926626763552,11.008556093486641,9.211965197419177,1.377653670988042
5,340,Cover Crop,1390,,,,,,,False,1430.097690834027,469.7957457460457,184.00661928988217,8.398734755433425,1.391671463754723
5,590,Nutrient Management,1472,,,,,,,False,1191.2714892755407,191.508267066092,54.863529954117446,15.664116809494294,3.8740376950564137
5,590,Nutrient Management,824,,,,,,,False,422.89234182540616,260.0053965334494,79.06036648461873,30.653609472864794,9.763834559755425
5,329,Residue Management (No-Till),1579,,,,,,,True,1121.8683179148154,596.7628712852343,17.27373489503105,123.01135688000781,5.1457131672241525
5,590,Nutrient Management,2526,,,,,,,False,2069.3687689489475,864.8343676418596,291.28799461953025,62.623763351029424,14.845021775821094
5,590,Nutrient Management,309,,,,,,,False,3532.996287749849,2228.8089686614944,851.0563539006292,60.303141969767346,10.586101691529603
5,329,Residue Management (No-Till),1014,,,,,,,False,397.24026049523417,516.7746953228387,44.036224303513556,4.382003218751441,0.9186482634498924
5,329,Residue Management (No-Till),373,,,,,,,True,644.4957712891094,284.99393295946396,4.766082034883942,32.366113970836196,1.4141473228557444
5,329,Residue Management (No-Till),2012,,,,,,,False,187.1112657356228,251.54143935628923,22.31190571631969,3.4853725429195133,0.6514632209148358
5,340,Cover Crop,1673,,,,,,,True,3132.84579987113,664.297929923123,79.66079875263249,36.214153967659875,1.317101253375844
5,340,Cover Crop,901,,,,,,,False,2040.8897821170397,55.262729371144815,22.745555227783044,11.620492291979632,2.688478273140529
5,329,Residue Management (No-Till),1703,,,,,,,True,600.4667012283181,1948.6844625677543,45.33651848650017,41.11789288659016,2.354410268642797
5,590,Nutrient Management,1074,,,,,,,False,820.679213705654,1872.5477688065798,742.8124650455493,0.6902588203860827,0.11941184626154021
5,590,Nutrient Management,572,,,,,,,False,1047.1489060674733,849.497782049667,304.6217043721575,1.4300269552624387,0.3033510026529206
5,590,Nutrient Management,2478,,,,,,,False,5081.4286772689065,227.5816065730429,75.04500096251061,3.864975957500287,1.0001039967240235
5,590,Nutrient Management,1734,,,,,,,True,1221.1477834960017,363.06402749706115,34.845677400631914,8.664735270598873,0.4344891027857563
5,329,Residue Management (No-Till),918,,,,,,,False,211.7496844168185,83.64200947306483,7.646643260272424,3.5386986336719057,0.521418750340354
5,329,Residue Management (No-Till),830,,,,,,,False,22.832713934111105,18.51809844710244,2.0968561197736046,2.036449462667025,0.36925478433427006
5,340,Cover Crop,1883,,,,,,,True,3804.3823806702144,233.23776552891357,26.58915323300288,84.66469575785712,5.722306305699342
5,590,Nutrient Management,149,,,,,,,False,3549.129158217142,8636.022715639987,2668.678436284606,40.777851456972556,8.662976842671428
5,329,Residue Management (No-Till),1085,,,,,,,False,374.71547042560917,90.42652931040244,12.941539952983904,9.416911703409694,1.1865209176658518
5,590,Nutrient Management,180,,,,,,,True,1065.500517740472,180.21571395579028,17.59119762461269,104.38647729028006,6.6432118347233375
5,590,Nutrient Management,2387,,,,,,,False,3018.178249008847,651.4721574731279,226.26193960241147,23.325708451962544,6.668209654996412
5,590,Nutrient Management,2177,,,,,,,False,576.3417380914113,173.4223408199024,53.727213547662295,0.6978232393630291,0.17277613044099244
5,590,Nutrient Management,69,,,,,,,False,464.07485408273243,188.2115971852428,70.21731819121622,5.854484072029198,1.4280966293709871
5,590,Nutrient Management,728,,,,,,,True,347.58897427810587,185.42137447116156,19.262762536144606,1.1178045258470772,0.08399215476107122
5,590,Nutrient Management,525,,,,,,,False,2699.4921177359774,334.4363506054741,134.86377019246632,19.61802356397443,5.414558413987943
5,329,Residue Management (No-Till),1685,,,,,,,False,525.670750432599,226.42217555810385,10.854653195594139,135.05846468958748,26.94775588042747
5,329,Residue Management (No-Till),1922,,,,,,,True,573.5180758886977,238.22051233017729,4.051722410551255,15.742296112928953,0.7872834674850369
5,590,Nutrient Management,105,,,,,,,False,1583.4654097806579,374.0758516588014,157.22775348619356,29.107173337446095,7.401918604215046
5,590,Nutrient Management,1975,,,,,,,False,713.0684569523354,437.8575145079806,140.82594328382478,24.355099505077284,5.915594575919013
5,329,Residue Management (No-Till),551,,,,,,,False,442.20153517863656,374.4020540722057,34.30217162023527,1.9830317756778444,0.39083321506109353
5,329,Residue Management (No-Till),937,,,,,,,False,404.535590700661,78.73780094944533,4.878700215129027,84.21267095067859,18.784962990302063
5,590,Nutrient Management,331,,,,,,,False,478.76272749489556,58.22610080629087,24.061601580326865,14.02879410983287,3.8061430092164676
5,329,Residue Management (No-Till),385,,,,,,,False,1043.5418320594915,504.5594336615572,24.901867835969774,54.03598752597836,9.620814431256024
5,590,Nutrient Management,1292,,,,,,,False,728.0800605590712,63.1619102949093,22.35574043830788,9.349278139429716,2.0720073873762894
5,329,Residue Management (No-Till),2096,,,,,,,False,939.1474746257222,203.57591244153028,14.464820564441617,6.174549910040911,1.2173607778206985
5,590,Nutrient Management,2466,,,,,,,False,0.7653845383654666,0.05336636955594496,0.020208228195110617,0.005453318854501191,0.0015524179837588874
5,329,Residue Management (No-Till),366,,,,,,,False,3571.3515928244346,3524.6807347781437,309.83190260297454,1037.8529767130499,237.02132661143477
5,590,Nutrient Management,882,,,,,,,False,1503.8046912529999,1253.1561697517761,442.4965552532387,26.53521362188334,7.282228732310655
5,329,Residue Management (No-Till),1487,,,,,,,False,519.0232708722488,143.1254868487642,11.516985028437448,10.007544278438242,1.8131507899113921
5,590,Nutrient Management,2066,,,,,,,False,1422.9352815961565,551.6106371966529,180.6835834618213,0.43132505162576523,0.11624255801940572
5,590,Nutrient Management,1819,,,,,,,True,451.3097325657883,112.74919572999663,10.111023428598937,8.737680703373245,0.6198130073723199
5,329,Residue Management (No-Till),1024,,,,,,,False,453.27530043341983,418.0051513712541,43.88093062567272,4.725903645420954,0.8876444316677409
5,340,Cover Crop,1559,,,,,,,False,1106.8971369028577,135.16286304917097,46.59027568588715,12.285224084271931,2.527898977140833
5,340,Cover Crop,2564,,,,,,,False,2656.4781287621313,165.0875966894634,79.2870932766958,6.515557986855916,0.8103136363182102
5,340,Cover Crop,2488,,,,,,,False,183.193855322958,3.175724120370989,0.9860552521183419,1.0922956718742658,0.11826426709570949
5,340,Cover Crop,2521,,,,,,,True,1351.9436889647743,295.4985007247695,28.92570042701699,24.08197779334881,0.8893933255312308
5,329,Residue Management (No-Till),2026,,,,,,,False,731.0913712395331,153.34517777887618,10.0375907531097,0.43384920886584066,0.070723039028162
5,340,Cover Crop,2618,,,,,,,False,874.8401654443995,84.10945512851406,32.95608609305364,3.203827474486673,0.9754593016033568
5,340,Cover Crop,775,,,,,,,False,862.4036335058277,29.286922093668277,7.923756528273112,26.906698836910053,5.389311628285587
5,590,Nutrient Management,816,,,,,,,True,813.9552256898997,416.347826315002,35.85529334674239,35.72370684413466,2.628664352459622
5,590,Nutrient Management,158,,,,,,,False,988.1601552611876,357.03714619003233,131.33153663462292,34.6404722694507,8.736838311758383
5,329,Residue Management (No-Till),596,,,,,,,True,337.5555625615128,167.1986806120864,3.7070002769348234,21.208622136644912,0.9916581441655432
5,340,Cover Crop,883,,,,,,,False,16733.620797804353,1891.280830326485,686.0621211221716,1656.0901676471256,386.68050801554483
5,590,Nutrient Management,1374,,,,,,,True,1590.5038617921102,273.6545140106872,23.611776171413688,23.255356444966516,1.1095962349522714
5,340,Cover Crop,549,,,,,,,False,7737.1143858803425,636.5956527625311,204.35461004264417,16.269861336602915,3.735303898779601
5,590,Nutrient Management,2480,,,,,,,True,1042.701176116924,552.4742183819986,50.13450029619153,76.21593168259088,5.411348974648188
5,329,Residue Management (No-Till),331,,,,,,,True,190.79031097371595,34.16449922596401,0.9292379994073248,10.222651100616401,0.37870499411116293
5,590,Nutrient Management,2170,,,,,,,False,337.0778907724195,210.94310143739352,76.05059640787859,8.43479157643851,2.230047163330001
5,329,Residue Management (No-Till),1075,,,,,,,False,620.3314863383832,278.310958176009,18.02224368495764,59.36791333899188,7.350689760340889
5,340,Cover Crop,1732,,,,,,,False,3264.2031016748074,854.2624957613431,328.82962738757834,22.881190606180095,4.106450624867747
5,590,Nutrient Management,1152,,,,,,,False,1303.24021974721,4035.9680072323804,1386.1793298576417,75.60827912635783,15.246177149962358
5,329,Residue Management (No-Till),1037,,,,,,,False,7914.860051732526,3372.198518197938,260.4663347872071,1010.2118640523349,154.59208553639735
5,340,Cover Crop,309,,,,,,,False,5596.675868019854,1377.752614760865,321.8482925631459,49.71704027823775,7.149480717689991
5,329,Residue Management (No-Till),987,,,,,,,False,2074.777071288056,1902.1723902972349,92.14139417277953,95.50475782438427,17.750348075616444
5,340,Cover Crop,2018,,,,,,,False,2488.9737145512013,912.0749022570848,357.829782289833,20.210962363756934,2.73494535093511
5,329,Residue Management (No-Till),750,,,,,,,False,886.9100267779136,433.96025141613814,33.85817539545016,52.96323843291035,9.426731677789352
5,340,Cover Crop,2270,,,,,,,False,4378.362848421105,874.2841852516729,302.9088262594543,13.143731644434242,3.136521231710926
5,590,Nutrient Management,2611,,,,,,,False,2687.120129215843,2169.851520134121,811.5869870798301,9.013343082916272,1.8350108938448486
5,329,Residue Management (No-Till),1563,,,,,,,True,775.625103344721,1291.7191171320333,22.611004066885055,39.239493517468965,2.283940367340412
5,590,Nutrient Management,609,,,,,,,False,568.0354016417234,208.52080625124495,58.98609634617065,3.7009487450617495,1.122647840499597
5,590,Nutrient Management,1713,,,,,,,False,950.4433336134008,1381.4375044181706,421.01655738108457,27.333505310391807,9.793129622906987
5,329,Residue Management (No-Till),2151,,,,,,,True,4048.558212310587,2850.243935303187,55.42091312856129,52.732231996514535,2.77869658253136
5,590,Nutrient Management,1056,,,,,,,False,1760.6745574885342,742.1285862230515,283.55697135933843,31.578214827617032,10.940903502295338
5,590,Nutrient Management,1593,,,,,,,False,1660.138054967011,531.1117386873752,156.74409459703185,14.984975535276364,3.8618873302116317
5,329,Residue Management (No-Till),688,,,,,,,False,743.7395795597897,3111.144478023372,323.86207226178755,26.880505145783534,6.347887411180785
5,590,Nutrient Management,260,,,,,,,False,814.4305256075214,122.02865353717064,49.58898114885944,6.5337761645874535,1.4857447488911752
5,590,Nutrient Management,2457,,,,,,,False,356.5154575976415,133.84146819739757,42.10273845456718,18.93793409558073,5.033692852424697
5,590,Nutrient Management,685,,,,,,,False,549.7295118102472,128.35076451081363,38.13356855285479,5.298904613116281,0.7615053321421802
5,329,Residue Management (No-Till),2275,,,,,,,False,1821.307781762498,1040.1655758591326,112.5595554642055,496.52046178154933,106.5155285825562
5,590,Nutrient Management,1208,,,,,,,True,413.52772706904744,144.79283425525065,10.114948314338017,28.1282529297489,2.3558074485901908
5,329,Residue Management (No-Till),1150,,,,,,,False,433.95666589749123,475.79083356041986,40.225474888468895,15.910549303033301,3.3546848152913524
5,329,Residue Management (No-Till),1031,,,,,,,False,2043.9547869009493,954.4888135827613,90.91859736687465,279.3399738446305,41.648765606599554
5,656,Constructed Wetland,1669,,,,,0.5576925331141773,1.9001674077278516,False,109601.79038671574,41.81377698697396,13.51006030896452,16.10130186493225,3.168252397121745
5,329,Residue Management (No-Till),432,,,,,,,False,849.2112837327275,300.1314863443484,18.734008334764464,20.92431621449456,4.723861634578044
5,329,Residue Management (No-Till),1052,,,,,,,False,119.37630878799486,103.99504506206539,9.795062976595398,2.3532043790619115,0.36405845648883994
5,590,Nutrient Management,2262,,,,,,,False,764.6116667387545,581.8383557885901,187.37533907996465,6.459910168144893,1.6964345794723035
5,329,Residue Management (No-Till),1011,,,,,,,False,836.981800894954,338.17000856691436,28.7094779853902,5.769489514623013,1.3807509546800385
5,340,Cover Crop,104,,,,,,,True,3020.732546359438,278.41093705627804,23.478646814837617,57.920388581267,2.636746699585849
5,329,Residue Management (No-Till),2303,,,,,,,False,571.5092591075644,172.9480952260624,12.56866537870241,22.89907125787244,4.171458678586952
5,329,Residue Management (No-Till),2276,,,,,,,False,293.85879521169625,293.3280411837667,28.168318370028643,28.01722877826944,6.204816972026189
5,329,Residue Management (No-Till),359,,,,,,,True,670.3550129869758,2357.9018869941083,73.19645917114603,20.091555277041532,0.9726797834801759
5,329,Residue Management (No-Till),2373,,,,,,,False,39.15347048952084,34.352106022742554,3.9068980077268805,4.879076282059919,1.1043187161337709
5,590,Nutrient Management,1167,,,,,,,False,331.5600604175726,38.84352322519963,10.780682414525565,87.31340497708715,25.336923834362334
5,329,Residue Management (No-Till),1920,,,,,,,False,1583.3966200146588,1105.873863353432,132.2389372597075,42.09516711855038,9.061149743979522
5,590,Nutrient Management,473,,,,,,,False,1320.4542396892778,226.3082058387076,97.26074798891949,74.89848780407242,22.752135343787124
5,329,Residue Management (No-Till),2247,,,,,,,False,1101.8131930824181,76.61685270399677,6.974578196220166,33.39646321550901,6.127277564638499
5,590,Nutrient Management,1850,,,,,,,False,349.0844798615271,59.36129392989188,17.85628794781065,3.0088093260784343,0.7830084319447539
5,590,Nutrient Management,871,,,,,,,False,1375.9458435310596,206.062244399115,82.48001294033025,35.86139838579703,7.325207950282118
5,329,Residue Management (No-Till),640,,,,,,,False,975.4600664604369,2544.8672883158206,215.955198495901,61.49207568851904,10.853973001885956
5,590,Nutrient Management,179,,,,,,,False,433.42504578561784,233.73451304178238,94.04893291124458,3.7517382105150663,1.127911850348782
5,590,Nutrient Management,1466,,,,,,,True,800.2583387855982,439.3699493227747,35.84081143231435,26.124012521008627,1.9907450015557628
5,340,Cover Crop,2327,,,,,,,False,2493.4698324305373,425.9669538975445,100.68579511889,8.679934561732756,1.4022763768217055
5,329,Residue Management (No-Till),1155,,,,,,,False,462.3346408989639,38.93046008598266,4.285131602269149,5.710450300315555,1.046030450255552
5,329,Residue Management (No-Till),2363,,,,,,,False,1212.3435550666356,730.951147896548,58.06907215661464,129.5142559892751,24.096977407455032
5,590,Nutrient Management,1753,,,,,,,False,481.74886146500717,54.48077984816406,19.223098765878305,9.866813433087936,2.768477127463599
5,590,Nutrient Management,1425,,,,,,,False,1922.5029161386626,594.7009821145815,163.19049607902852,2.7221318021541943,0.8147620470973671
5,329,Residue Management (No-Till),1677,,,,,,,False,573.3256623204544,36.812213405705194,3.002299340764487,19.493937008453532,4.567823871034713
5,590,Nutrient Management,1336,,,,,,,False,1328.3134748963412,431.3430054838624,168.98986166698558,8.126657496351582,2.143514809228453
5,590,Nutrient Management,261,,,,,,,False,516.9921502858617,274.71417731386754,116.55769434945198,27.67853089949261,8.10127726102582
5,340,Cover Crop,1478,,,,,,,False,1543.858450995843,492.3830276319159,170.75905297913593,15.602173232499634,2.5530239966767936
5,340,Cover Crop,2087,,,,,,,False,1095.2369945976384,354.7506788151734,108.20457938748918,4.8858018110122865,1.0548799380237899
5,590,Nutrient Management,466,,,,,,,False,1715.133733590288,1383.4348925747138,512.1881826961146,10.75801956858145,3.0017208537874884
5,329,Residue Management (No-Till),441,,,,,,,False,1370.7825384080752,1037.3147892188658,116.24338242994651,73.04551227843933,17.963486477835758
5,329,Residue Management (No-Till),679,,,,,,,False,32.19538488726309,53.60455715650296,4.895390062642129,0.4387029331678414,0.06423504810574732
5,340,Cover Crop,662,,,,,,,False,243.97891057873375,55.823038774602715,23.105754376954092,9.404466907435964,1.6301540654527829
5,329,Residue Management (No-Till),1891,,,,,,,False,419.25324701138265,133.4010413692214,5.652729638189211,121.6891657008225,18.943715521639376
5,340,Cover Crop,1580,,,,,,,False,1324.9779464461685,18.86399649290037,6.728045512717199,58.70840726823362,12.455030800328599
5,329,Residue Management (No-Till),279,,,,,,,False,1255.2374166671116,3277.206207778439,241.96481844360298,0.9470244572383804,0.17103505287427817
5,329,Residue Management (No-Till),687,,,,,,,False,90.74351896861319,34.24785730918224,2.7564914875727258,3.762560802257054,0.7500071640485866
5,329,Residue Management (No-Till),1854,,,,,,,True,914.1801236441078,242.91767062123813,4.500541984567131,101.5952680503028,4.112880161109936
5,590,Nutrient Management,2158,,,,,,,True,500.90421899302754,164.94457571891408,13.916167853010723,14.468321407232647,0.8419905360017791
5,590,Nutrient Management,1079,,,,,,,False,645.3580475495858,156.28431277090561,55.62908809399459,2.950407546305829,1.0527478284220344
5,340,Cover Crop,683,,,,,,,False,1215.063808016535,26.675201286802157,10.04495178635238,6.933194064745367,0.9908630856155387
5,590,Nutrient Management,1440,,,,,,,False,452.8824413412486,247.5436258226435,57.53444914334728,77.81134397132168,19.506007720310084
5,329,Residue Management (No-Till),2068,,,,,,,False,404.47172322600153,502.0253341077554,53.88279423592775,9.810792390357985,2.1374770787110697
5,340,Cover Crop,2426,,,,,,,True,1148.9095337148185,214.00239928407595,23.001448238979165,4.174956989860197,0.1551759917387533
5,590,Nutrient Management,617,,,,,,,True,3479.3668904620336,2595.763889359048,198.0682700239076,222.32562669975303,14.462162180957534
5,329,Residue Management (No-Till),20,,,,,,,False,897.3045523703993,1970.7485135551797,170.51065012125505,14.919574074556492,2.9265977159544616
5,590,Nutrient Management,1508,,,,,,,False,2136.7774649556936,3629.8011139366877,1220.9339980788243,243.33904602473,62.71937466939894
5,329,Residue Management (No-Till),874,,,,,,,True,843.4515069906832,2154.989752341881,51.38026177450913,47.47248758629657,2.5829286662527293
5,329,Residue Management (No-Till),2172,,,,,,,True,2153.328487126803,761.9527258456201,9.26743502610003,209.5343720052025,9.082838654355905
5,340,Cover Crop,665,,,,,,,False,442.51665350766143,24.851492224167814,8.720829647148166,5.8661767617959395,1.0581231634157386
5,329,Residue Management (No-Till),1264,,,,,,,True,752.7760610461927,2185.5076655125154,31.2952505036045,8.316757063379569,0.31020612502564643
5,340,Cover Crop,1910,,,,,,,True,1291.1927756614389,375.6422051634854,29.052159393825416,7.319704727758426,0.41867109091716037
5,329,Residue Management (No-Till),1545,,,,,,,True,272.2851288547613,8.981034557473434,0.186098137671686,4.1320981232704765,0.16781852309174228
5,340,Cover Crop,1921,,,,,,,False,4467.046336016937,688.7469701771369,205.44413568957404,37.346331599593334,6.844852595337563
5,590,Nutrient Management,366,,,,,,,False,8109.049947676348,3214.8488321751693,1013.4633051458013,800.8316501016151,275.37709324581704
5,329,Residue Management (No-Till),1633,,,,,,,False,1475.4579302544917,569.7988656184936,45.970403275824296,17.63282872857592,4.519915557300573
5,340,Cover Crop,341,,,,,,,False,1070.8246181729978,204.11880998060013,86.27743911344488,52.98638657412485,12.35070682259174
5,590,Nutrient Management,898,,,,,,,False,133.2381715886994,38.01605848251274,14.33836128535239,40.258048921832525,10.360818231354058
5,329,Residue Management (No-Till),1945,,,,,,,False,87.95595603650187,101.9759707899211,5.689228058416269,11.796694832881467,1.7932063132548581
5,329,Residue Management (No-Till),1625,,,,,,,True,224.74089191506314,55.783729924556326,1.190407264416783,29.820382747839453,1.1405880652731046
5,590,Nutrient Management,1824,,,,,,,True,560.9138071067273,249.71236900220663,21.09205978871261,7.3314502964765325,0.5874313682081618
5,329,Residue Management (No-Till),2284,,,,,,,False,464.91942693456963,215.5813148948536,17.40043073604406,113.15444754598671,22.543387435969027
5,329,Residue Management (No-Till),1560,,,,,,,False,913.9438124649462,1192.111600118495,107.36605705562975,4.319358664800358,0.49287910757622405
5,340,Cover Crop,608,,,,,,,True,3004.5503646068473,932.6421284865339,80.58817234673897,88.38708837924231,5.206327805500772
5,590,Nutrient Management,1031,,,,,,,False,1301.5069859465232,863.5702162158866,285.98549129095215,237.69120823803092,63.292197955258985
5,340,Cover Crop,2151,,,,,,,False,14417.291440134351,2794.8230221746257,1043.8282378145198,49.95353541398318,7.259472942369549
5,329,Residue Management (No-Till),879,,,,,,,False,1041.2594910163161,883.415620801472,57.43456668387416,9.335269360488052,1.917369543635598
5,329,Residue Management (No-Till),1135,,,,,,,False,511.1921522114885,584.5334077066768,65.49310182657473,120.16347268676172,24.97075952625025
5,329,Residue Management (No-Till),2233,,,,,,,True,504.45048258182794,384.60712706939535,12.538242385437414,0.6732925849450013,0.02765383037471528
5,590,Nutrient Management,982,,,,,,,True,511.9802536833939,234.65404579196488,21.67910966987554,5.561392547459078,0.3916432083505185
5,329,Residue Management (No-Till),1692,,,,,,,False,1546.8393506290386,711.1823768932725,68.37270408060171,57.82748605433496,12.968583853282437
5,340,Cover Crop,1211,,,,,,,False,2033.3713707001743,1166.1994086282762,362.15537506523094,45.89590337486893,9.36776768069343
5,329,Residue Management (No-Till),1205,,,,,,,False,450.2317396686037,237.50213463983687,18.280734246194854,14.03036318812939,2.4497761234259294
5,590,Nutrient Management,1249,,,,,,,False,2015.9846505889236,742.7991722188135,296.76990370374506,7.260875871254236,1.248639209583121
5,590,Nutrient Management,748,,,,,,,True,1209.9657456913533,611.2236672722323,50.433898816926536,9.155949505200068,0.6596221189592699
5,329,Residue Management (No-Till),1617,,,,,,,False,390.1068585203084,233.60520342737303,15.318748767837075,25.59512269860295,4.441621809214383
5,590,Nutrient Management,1128,,,,,,,False,501.87741779356725,46.33924367508634,19.715781893545866,9.42032412046368,2.448331773781636
5,340,Cover Crop,2234,,,,,,,False,2537.83203971349,603.4216593536389,237.76236307814767,161.59990735585143,34.03775980438149
5,329,Residue Management (No-Till),1904,,,,,,,False,69.44084671487242,50.622940125458875,5.860682674293327,1.0120583066994482,0.2019865790100216
5,590,Nutrient Management,1568,,,,,,,False,602.064069776643,143.05061593995902,40.735462057347874,10.024402297549265,2.4016649538990102
5,329,Residue Management (No-Till),1012,,,,,,,False,268.6362506314603,78.5855255040063,5.204616239467765,0.7974019405824245,0.16826257010284473
5,590,Nutrient Management,1642,,,,,,,False,72.0673408485379,44.14066621569816,16.85080739775413,2.141182250941279,0.6572915312740395
