scenario,pid,baseline_TN,final_TN,baseline_TP,final_TP
4,1,15.455490284191633,15.455490284191633,16.96810315435846,16.96810315435846
4,2,19.194734355309066,19.194734355309066,11.59932954068297,11.59932954068297
4,3,15.561635939789177,11.123344923073248,0.7918809931085551,0.5794628736901277
4,4,25.41054632607824,25.41054632607824,0.09498801152258607,0.09498801152258607
4,5,15.731651119134042,15.731651119134042,0.10565467993267175,0.10565467993267175
4,6,122.66735593372545,122.66735593372545,3.7448073570622316,3.7448073570622316
4,7,15.096480002507647,15.096480002507647,0.734662947295364,0.734662947295364
4,8,8.264931764155063,8.264931764155063,3.0526627974803917,3.0526627974803917
4,9,129.68854775907914,129.68854775907914,2.2839417970686866,2.2839417970686866
4,10,18.9106172990204,18.9106172990204,8.806267754309507,8.806267754309507
4,11,102.13070187867412,97.54655585026588,2.5196506653569,2.02167103390791
4,12,20.12423641318,20.12423641318,0.38120000299615786,0.38120000299615786
4,13,56.17172938807347,56.17172938807347,0.19030942778405746,0.19030942778405746
4,14,16.894299914827084,16.075286618974914,0.3182362567046818,0.24947255123419215
4,15,65.75186085168106,65.75186085168106,1.9938977310973343,1.9938977310973343
4,16,102.67697644351415,61.95468695111852,1.0089730848616019,0.8501286484202119
4,17,24.715936478145903,24.715936478145903,0.5965809341045542,0.5965809341045542
4,18,32.39509568779751,32.39509568779751,1.881189973226647,1.881189973226647
4,19,60.55395314989046,60.55395314989046,2.963067853554592,2.963067853554592
4,20,18.610785014591634,18.610785014591634,0.24563015816417455,0.24563015816417455
4,21,20.718598253429764,20.363023211612262,0.0034386247267919057,0.003295959880563087
4,22,25.304333588001747,25.304333588001747,1.1344558845942991,1.1344558845942991
4,23,3.4481477836113417,3.4481477836113417,1.2357846200011076,1.2357846200011076
4,24,25.071409000324728,24.804118579110323,1.2680798966967521,1.2109459983767552
4,25,45.25278867094321,27.42067676648354,0.8439909131817918,0.5908748076572284
4,26,2.0091514608421956,2.0091514608421956,1.409806627561545,1.409806627561545
4,27,12.622708641894382,12.622708641894382,6.990508044077283,6.990508044077283
4,28,12.328270517429964,12.328270517429964,0.6057700458507083,0.6057700458507083
4,29,102.54292228645578,58.714520076297205,1.1502018323785521,0.8534126523843275
4,30,7.342233253569805,4.287067995881064,1.576035192462795,1.261152752332164
4,31,17.607082165389247,15.48155835848404,0.6635914227458514,0.5164835471845477
4,32,51.798990039976815,31.842989563844434,2.4108590333311963,1.8725912329293601
4,33,26.610987405969745,26.610987405969745,1.980457649785686,1.980457649785686
4,34,28.94763147780697,28.94763147780697,1.3097097613000415,1.3097097613000415
4,35,26.892565284651447,26.892565284651447,0.7206751656027803,0.7206751656027803
4,36,13.124617657089837,12.079032179209422,0.4343575144449533,0.3636076580897072
4,37,24.14722090507606,24.14722090507606,0.05938799972161779,0.05938799972161779
4,38,27.62506522874487,27.62506522874487,2.276623543288435,2.276623543288435
4,39,26.17126454430446,26.17126454430446,0.5059713722041418,0.5059713722041418
4,40,8.01346718506783,7.2227787900864655,3.099870068204093,2.8898522601341448
4,41,39.975409601630396,27.919011463948536,1.3798218841109366,1.0413588079465121
4,42,24.550840788272993,24.550840788272993,0.40013017702609444,0.40013017702609444
4,43,11.74788976968252,7.556928062802939,2.146148748092498,1.7576760479481939
4,44,25.363837386045745,23.536089201139713,0.9963826989101209,0.8698267929020396
4,45,17.440563588795865,17.440563588795865,1.0521747217746225,1.0521747217746225
4,46,31.439134022329657,31.439134022329657,0.4165552555656641,0.4165552555656641
4,47,55.828006018621906,55.828006018621906,0.14283340388496102,0.14283340388496102
4,48,21.26944188565854,21.26944188565854,1.1341615296813683,1.1341615296813683
4,49,15.85459235196597,9.256644209642015,0.39142044333091974,0.2730636566342636
4,50,21.719018021991104,21.353915519788295,0.5068876453634111,0.48161365894590447
4,51,53.21004578210319,53.21004578210319,1.6685473072530899,1.6685473072530899
4,52,94.63957433953432,59.66142255871654,0.5692373611927409,0.4077074203648701
4,53,8.538545191458455,3.8703952398870975,4.932656427308316,2.3562403019658964
4,54,17.480063364181014,10.957012130043685,2.2861510144477233,1.8431837390604948
4,55,19.023978577660422,19.023978577660422,0.4151692178957479,0.4151692178957479
4,56,24.13803551807102,24.13803551807102,0.1571126034676359,0.1571126034676359
4,57,28.529581627303383,28.529581627303383,1.3082350745309705,1.3082350745309705
4,58,1.1707586731293063,1.1707586731293063,1.2772103134668333,1.2772103134668333
4,59,21.72698058669149,21.72698058669149,2.852423001770165,2.852423001770165
4,60,47.33950985259261,43.52576874972237,5.62268274996628,5.29094289681108
4,61,14.61739087455396,14.61739087455396,2.351151249203374,2.351151249203374
4,62,0.9058615810848103,0.8041071535644597,1.9823281437010118,1.641835350961536
4,63,30.279903308323604,30.279903308323604,1.999701649067401,1.999701649067401
4,64,98.20319148986164,98.20319148986164,0.16123222768233436,0.16123222768233436
4,65,3.321283933901773,3.321283933901773,4.758502549416423,4.758502549416423
4,66,19.55185413962178,19.55185413962178,0.5329293031595531,0.5329293031595531
4,67,4.233458720223124,1.6338117618076606,2.231667461514162,1.4776694104216812
4,68,44.83791580138328,44.83791580138328,2.757573444289332,2.757573444289332
4,69,141.7934832073307,141.7934832073307,1.0606824772080403,1.0606824772080403
4,70,21.215736030001693,14.95046487636119,0.17343434508445932,0.12496666528164904
4,71,91.83507910605753,91.83507910605753,11.899671897064074,11.899671897064074
4,72,21.68058852632926,21.68058852632926,5.077070305795019,5.077070305795019
4,73,21.634604956214428,21.634604956214428,2.7513990055114173,2.7513990055114173
4,74,85.31009559946438,85.31009559946438,0.8785444794852635,0.8785444794852635
4,75,37.72986024669535,37.72986024669535,0.7991898469422655,0.7991898469422655
4,76,39.79896075156831,26.074752231616493,2.2376762768169023,1.5784576102032872
4,77,7.477884739023466,7.477884739023466,0.3704544982990513,0.3704544982990513
4,78,27.01935286180175,24.353205640520873,1.3194812819180042,1.1537951950214158
4,79,9.838942761732769,9.838942761732769,1.2014946928948311,1.2014946928948311
4,80,37.793465971492424,37.793465971492424,1.0932924613428732,1.0932924613428732
4,81,18.625461598533036,18.625461598533036,1.8438678538437205,1.8438678538437205
4,82,31.75331386723844,31.75331386723844,0.789130990234354,0.789130990234354
4,83,20.79897635003856,20.79897635003856,0.5609064892659988,0.5609064892659988
4,84,62.39609447481914,60.669830175955234,0.04714425535294642,0.04468440286994259
4,85,25.577810702928645,25.577810702928645,0.14889733532571336,0.14889733532571336
4,86,23.92639828229783,23.92639828229783,2.894177560797046,2.894177560797046
4,87,81.3138149175657,44.70184901034382,1.82605433121922,1.0776439072402024
4,88,11.982702681211979,10.653529523941849,1.1126619292855509,0.9635679423325982
4,89,34.771764945001166,22.190945390337614,1.1164216890322474,0.8384934263117847
4,90,10.862172468783875,10.862172468783875,2.5523388127145124,2.5523388127145124
4,91,33.16515258955653,33.16515258955653,0.3629978054458812,0.3629978054458812
4,92,13.088400266043841,13.088400266043841,1.0999235145944999,1.0999235145944999
4,93,55.74245466156434,55.74245466156434,0.7814184855594606,0.7814184855594606
4,94,16.148675927324454,16.148675927324454,17.34056907046543,17.34056907046543
4,95,13.285131743819257,13.285131743819257,2.5639364655000767,2.5639364655000767
4,96,22.424409587196564,22.424409587196564,0.5187655655159052,0.5187655655159052
4,97,59.30308166962566,59.30308166962566,0.23664207779981472,0.23664207779981472
4,98,7.798233091427091,7.798233091427091,1.0518335386547368,1.0518335386547368
4,99,16.44012264100698,16.44012264100698,2.148064929850157,2.148064929850157
4,100,19.682983563907918,19.682983563907918,0.4418181583557571,0.4418181583557571
4,101,14.657846370334083,13.516700015414434,1.982537850001686,1.8368635815074623
4,102,57.74235483012663,57.74235483012663,0.9554877557982965,0.9554877557982965
4,103,23.61879586606694,23.61879586606694,2.0368987314630576,2.0368987314630576
4,104,16.782933527645532,16.782933527645532,0.3496227670265569,0.3496227670265569
4,105,146.85567873841626,105.16121862650877,4.39219834405504,3.7607731927640637
4,106,8.882228468795288,8.882228468795288,0.6199419941735875,0.6199419941735875
4,107,5.512366573945631,5.512366573945631,1.8613952600092634,1.8613952600092634
4,108,131.41370597581937,131.41370597581937,2.912123412304469,2.912123412304469
4,109,16.894871183309775,15.376172374479442,1.1091405621767019,0.8892149704247242
4,110,2.3296610125725348,2.3296610125725348,5.6916597701861935,5.6916597701861935
4,111,28.63309802678166,28.63309802678166,1.9515278243139131,1.9515278243139131
4,112,0.12864357693858075,0.11704220123554163,1.11716408786961,0.9336908910051787
4,113,64.66498387643448,59.11319502483264,0.08445815520219091,0.06982877628555367
4,114,58.772498085458174,58.772498085458174,2.289592758800259,2.289592758800259
4,115,58.68515951888487,55.14659342647807,2.8824242878694717,2.2732740062178056
4,116,37.60176864704579,37.60176864704579,0.9944923343016308,0.9944923343016308
4,117,19.065830819433017,19.065830819433017,0.20930001124094078,0.20930001124094078
4,118,46.47829223777829,46.47829223777829,1.8734813048842538,1.8734813048842538
4,119,19.61081788081661,19.61081788081661,11.64478590246793,11.64478590246793
4,120,29.387329210633904,26.3168974337633,2.161466320145956,1.715662516856429
4,121,13.824235060587245,13.824235060587245,0.7980349766288567,0.7980349766288567
4,122,39.97466020736129,39.97466020736129,0.5011526246838228,0.5011526246838228
4,123,138.78704091134512,136.20115719168805,1.3104069006128092,1.2636870320146396
4,124,33.16764566284871,33.16764566284871,0.7054750745343373,0.7054750745343373
4,125,62.385248443725914,62.385248443725914,0.9553360191081379,0.9553360191081379
4,126,18.328026702853478,18.328026702853478,3.9353867944026835,3.9353867944026835
4,127,4.600513502026127,4.600513502026127,2.060112018445612,2.060112018445612
4,128,52.25917340741069,32.22469150552821,17.493783333847546,14.083670186563136
4,129,39.45096976358805,39.45096976358805,1.2223717156683565,1.2223717156683565
4,130,34.887127697782475,34.027270100516944,1.1550269436821625,1.0940801230783674
4,131,20.222096216402136,20.222096216402136,0.14788033201741813,0.14788033201741813
4,132,18.74047449794073,18.74047449794073,0.47264480379378926,0.47264480379378926
4,133,19.164807739572034,19.164807739572034,0.5618531357495747,0.5618531357495747
4,134,21.35256171890241,21.35256171890241,4.98376561407569,4.98376561407569
4,135,27.712021212893244,27.712021212893244,2.5650092166817076,2.5650092166817076
4,136,22.657415020245793,21.194264468664684,1.7154462928371874,1.3944485581471615
4,137,41.00291314473513,41.00291314473513,0.5756441276766516,0.5756441276766516
4,138,131.56629091769165,131.56629091769165,8.390998450876008,8.390998450876008
4,139,6.96670148606926,6.96670148606926,0.17594618052515587,0.17594618052515587
4,140,22.84809389020513,21.00268922601856,1.6891926484674262,1.453278877988021
4,141,12.900921943885137,12.21389229656884,2.474402032250927,2.1163354327312764
4,142,23.38057837586211,21.34410814117387,1.2301925022286877,1.1468988739470614
4,143,0.4495585319381945,0.4495585319381945,0.5869354161326984,0.5869354161326984
4,144,67.74741325882748,47.29611049498081,2.9067866335634225,2.0037632053457917
4,145,16.63050051104178,11.947173179569035,4.209806752305915,3.0652250683245974
4,146,12.423788964200043,12.423788964200043,0.9676503824473615,0.9676503824473615
4,147,37.24233404652124,37.24233404652124,0.7587704559666718,0.7587704559666718
4,148,39.000948252284715,39.000948252284715,8.400295218700876,8.400295218700876
4,149,11.07843217154307,11.07843217154307,2.624319318934145,2.624319318934145
4,150,64.27375521295438,64.27375521295438,1.76370337258058,1.76370337258058
4,151,51.41776895848674,46.56933402061623,0.16333165933547522,0.13649864892453106
4,152,95.32950312577293,57.080071249907434,0.056827278284438676,0.03727379353145849
4,153,21.68231739057019,21.68231739057019,0.4479676903586104,0.4479676903586104
4,154,24.926196288882345,24.926196288882345,0.5162874702939276,0.5162874702939276
4,155,35.63115256652834,35.63115256652834,1.5468312879277037,1.5468312879277037
4,156,81.71367341487928,51.32008263940497,16.678933079534715,11.859597329801728
4,157,12.416066907194898,12.416066907194898,3.8121065787935606,3.8121065787935606
4,158,12.24740861139664,12.24740861139664,2.534950092077885,2.534950092077885
4,159,125.61575592583338,125.61575592583338,0.14049263602598627,0.14049263602598627
4,160,19.141926873026705,17.3802717254699,0.5302992127342582,0.50376547523599
4,161,90.94729313346538,90.94729313346538,0.46695096805978,0.46695096805978
4,162,18.24767623399069,18.24767623399069,1.508300181200065,1.508300181200065
4,163,2.4833370529883503,1.4172900138071478,5.854519358158191,4.626120784394054
4,164,32.437657257444634,17.82117385331098,0.5320287462682683,0.4021489913085158
4,165,5.326729398022616,5.326729398022616,2.4079811160372304,2.4079811160372304
4,166,18.53868272504965,18.53868272504965,0.3815350144840516,0.3815350144840516
4,167,11.553404052874868,7.352513309964369,0.5458363664383047,0.3790967400990403
4,168,31.608036258037522,28.95045458960909,0.7997688531934368,0.6641149489616185
4,169,4.163299490321251,3.7515241312435177,1.119469145040854,1.0613223252314732
4,170,34.067236628686345,19.309429359033842,12.643087935382143,8.238032671927746
4,171,78.54431198123163,78.54431198123163,1.1815977877889887,1.1815977877889887
4,172,21.89004453932846,21.89004453932846,0.4129268498664235,0.4129268498664235
4,173,9.834388566161275,8.873068802071407,4.899483798530891,4.053223906541429
4,174,36.297840938700546,33.658866594722895,9.648656231293195,9.259671634525677
4,175,8.07665090243309,8.07665090243309,0.19903903962287384,0.19903903962287384
4,176,61.38542193373213,61.38542193373213,1.0854134785413265,1.0854134785413265
4,177,21.91093427054983,20.06740979970494,1.0587755240328383,0.8756376127373893
4,178,94.68763372327959,88.9777500250583,2.356744279433094,1.872466985416
4,179,0.0993264402418248,0.0993264402418248,3.748319186870685,3.748319186870685
4,180,55.58489915490575,55.58489915490575,0.4354310472699875,0.4354310472699875
4,181,9.734232556737412,9.734232556737412,0.8458203336060387,0.8458203336060387
4,182,32.47955745583872,32.47955745583872,4.744391170899076,4.744391170899076
4,183,18.95461544928422,18.95461544928422,2.3168852098514305,2.3168852098514305
4,184,23.035397982898765,23.035397982898765,0.8503724514533021,0.8503724514533021
4,185,19.096467384367685,19.096467384367685,0.8861236258556396,0.8861236258556396
4,186,3.668278269203178,3.668278269203178,0.3908498659442675,0.3908498659442675
4,187,39.74903283441977,39.74903283441977,0.4395938368215634,0.4395938368215634
4,188,3.742438265815329,3.742438265815329,3.3464667311241376,3.3464667311241376
4,189,3.2621154676393083,2.102570627479574,13.00513515670217,10.056017533201564
4,190,24.573101749905636,24.573101749905636,3.8819625816960137,3.8819625816960137
4,191,34.24000977871838,34.24000977871838,0.5857952526576958,0.5857952526576958
4,192,36.73106724200228,36.73106724200228,0.5451036261305634,0.5451036261305634
4,193,4.70355765143001,4.70355765143001,2.439527859076156,2.439527859076156
4,194,41.448875712005005,37.171853351084344,1.5268355723825489,1.325826604575943
4,195,56.28328898190598,52.69116610004403,0.30503255662443085,0.24374667278973858
4,196,132.37054150117586,80.14708056602058,1.4702776157778688,1.1195577205643428
4,197,140.7945328746681,92.51458845211332,0.26365525767643716,0.22135937089309715
4,198,3.530172437958008,1.8136965975471682,14.173311658378541,8.61883661445233
4,199,26.51898202996623,26.105938152168633,0.7116739024798775,0.6821525158498126
4,200,18.18800257411612,18.18800257411612,1.046755069397806,1.046755069397806
4,201,37.149001383229745,37.149001383229745,1.1788267206343361,1.1788267206343361
4,202,13.61659731108806,12.272528684752952,1.0538498199993618,0.8390677408260829
4,203,28.211815734716787,28.211815734716787,0.5113827869926236,0.5113827869926236
4,204,11.140439682092353,11.140439682092353,0.4838996144698843,0.4838996144698843
4,205,1.3134058315284136,1.1811574091745918,0.14187245008357552,0.11155570580737809
4,206,32.261591335442546,32.261591335442546,0.6336593064063991,0.6336593064063991
4,207,30.807580193608146,30.807580193608146,0.6170421657343649,0.6170421657343649
4,208,29.973545522698952,29.973545522698952,1.079784653065319,1.079784653065319
4,209,47.96247385871547,47.96247385871547,2.6770962501254427,2.6770962501254427
4,210,51.776869793522366,51.776869793522366,7.527305129320247,7.527305129320247
4,211,43.688911806131244,43.688911806131244,1.8285485366490104,1.8285485366490104
4,212,8.42478643490839,7.8262228142658445,4.875257068687043,3.792686577374523
4,213,43.32912941243977,40.058973547173814,0.31409431362970597,0.26632623951678647
4,214,13.668801443238529,13.668801443238529,4.983452373667737,4.983452373667737
4,215,31.542506580264345,20.368376775564474,0.9984229359118335,0.7452668667676197
4,216,38.37476698810798,38.37476698810798,10.068287839365135,10.068287839365135
4,217,22.48746142768138,22.48746142768138,5.103554650527537,5.103554650527537
4,218,1.8941345119908526,1.8941345119908526,0.5265524487837422,0.5265524487837422
4,219,10.25926041266429,10.25926041266429,0.38106578074813446,0.38106578074813446
4,220,10.094375701534485,6.572133213824367,0.27378961463088514,0.21587320846954955
4,221,39.40760373175108,39.40760373175108,0.7567997789646146,0.7567997789646146
4,222,39.307590848922715,39.307590848922715,2.430002178877773,2.430002178877773
4,223,9.146783669330636,9.146783669330636,0.6730331326377841,0.6730331326377841
4,224,21.79138456230212,21.79138456230212,0.8390959243112102,0.8390959243112102
4,225,18.398707343020458,18.398707343020458,3.8632578503014865,3.8632578503014865
4,226,2.297752807205029,1.4188782896069345,1.279301256963773,0.9172612218055662
4,227,68.8875656905929,68.8875656905929,0.6421755197638881,0.6421755197638881
4,228,7.065007438818505,7.065007438818505,1.0645889839681157,1.0645889839681157
4,229,15.723329828783235,15.723329828783235,0.7945880713621754,0.7945880713621754
4,230,14.894300124437422,13.883670371250158,2.6010905159428397,2.1070124399081904
4,231,3.250005239571161,3.160814353567964,0.7855153220325755,0.7454909066401169
4,232,16.95124932844431,16.95124932844431,0.4264227745819057,0.4264227745819057
4,233,18.22898066321725,11.195026656670054,0.30602361301903425,0.22387296560800446
4,234,12.26662142811476,12.26662142811476,1.748970418955514,1.748970418955514
4,235,23.922383938610263,23.922383938610263,3.2513726305385022,3.2513726305385022
4,236,9.53427794024695,9.53427794024695,1.4961411938272626,1.4961411938272626
4,237,18.37155738234354,18.37155738234354,0.08087439278157671,0.08087439278157671
4,238,28.345449459333537,28.345449459333537,2.6164639224121755,2.6164639224121755
4,239,21.874416205399143,21.874416205399143,0.5881354022800617,0.5881354022800617
4,240,36.303493725817575,33.00906771110385,3.5996936082143356,2.949469624969775
4,241,21.864162460066087,21.864162460066087,0.8430295186142625,0.8430295186142625
4,242,31.445141122539958,31.445141122539958,3.8676247373001162,3.8676247373001162
4,243,7.310810929275737,5.00808010796047,1.062898869558989,0.7996969047881499
4,244,20.34645670792134,20.34645670792134,2.9552380722226372,2.9552380722226372
4,245,10.101523171699029,10.101523171699029,2.716857782238171,2.716857782238171
4,246,15.41008623335404,14.574637237737468,0.24965463788500386,0.21139665081691691
4,247,56.02334513177734,56.02334513177734,3.39468551461574,3.39468551461574
4,248,43.82890766413391,43.82890766413391,1.165219468977662,1.165219468977662
4,249,6.2763816581927045,6.2763816581927045,0.7785855805443302,0.7785855805443302
4,250,6.142205803084053,3.9973715557017377,5.317287635318672,3.5210831871971537
4,251,15.726353758369678,5.522765986237027,5.843150201860267,3.066479147079242
4,252,135.957705209944,135.957705209944,1.6870287057421807,1.6870287057421807
4,253,133.1019397078794,133.1019397078794,6.36523358403898,6.36523358403898
4,254,54.61505948389923,54.61505948389923,1.9095677365524097,1.9095677365524097
4,255,61.01943954013625,61.01943954013625,0.4400989092545665,0.4400989092545665
4,256,28.555769288544948,20.767927009637503,1.0664924054058136,0.787546326644972
4,257,39.502427962112606,36.21580165628525,2.3920703024792678,2.0402893927134405
4,258,118.99020931418906,89.77609402580124,2.099700401405357,1.8241736696226873
4,259,12.227488265711598,8.705254595117824,4.07872228558888,3.230136921743133
4,260,16.91021349883268,11.70478188440046,1.7554201965582221,1.3650357068653665
4,261,23.51213070699486,23.51213070699486,1.457805907559588,1.457805907559588
4,262,5.101137014850288,4.715395187088186,1.6226249489903244,1.3383531323614037
4,263,23.125807523639537,23.125807523639537,1.0741890539798662,1.0741890539798662
4,264,15.693448875645988,15.693448875645988,0.576342060607013,0.576342060607013
4,265,27.02516226542983,23.889358401815663,1.5349312721358164,1.2200351904599547
4,266,40.97020165070052,40.97020165070052,0.08935951562729827,0.08935951562729827
4,267,32.508884249464074,32.508884249464074,2.896986179072683,2.896986179072683
4,268,76.43042335955882,76.43042335955882,1.242162392721033,1.242162392721033
4,269,33.15902662897934,33.15902662897934,6.804404006597581,6.804404006597581
4,270,33.184814163886095,16.917530610915655,1.486764562998415,1.016611915681029
4,271,11.904539262445764,11.904539262445764,0.10335155344362601,0.10335155344362601
4,272,15.132159505192844,15.132159505192844,2.7944360786043316,2.7944360786043316
4,273,49.46641470338156,49.46641470338156,0.3611641589867921,0.3611641589867921
4,274,2.2662056302572076,2.2662056302572076,5.964781657512988,5.964781657512988
4,275,67.45961884174615,40.35657443605819,1.426821560078815,0.8924965419292974
4,276,61.03160002150075,53.72701787989917,2.1852820297405855,1.9667221252830391
4,277,28.348079167380515,24.9608787584249,2.1403781184562276,1.6978917309714592
4,278,11.6476296005932,10.44601390527635,0.6413473892126973,0.5268521346324175
4,279,36.11360182871791,36.11360182871791,1.4632886391231867,1.4632886391231867
4,280,17.106974015001608,11.087965487777936,0.5855248183577647,0.4569810336290675
4,281,16.793324745977397,16.793324745977397,2.7953689735489347,2.7953689735489347
4,282,64.73380558904239,59.33527929245346,0.5893855878041551,0.5453184302170831
4,283,32.40583322287022,32.40583322287022,0.8609458428887489,0.8609458428887489
4,284,13.24355617449855,11.932134470391176,0.9394285597928209,0.7912289711030122
4,285,2.8160875262347496,2.8160875262347496,2.768085182988157,2.768085182988157
4,286,76.54347367137609,76.54347367137609,2.414508557747725,2.414508557747725
4,287,13.254055901621456,12.143786979644256,2.3046712655808994,2.1683533055556956
4,288,17.50386428377603,17.50386428377603,1.1246822510694798,1.1246822510694798
4,289,0.1107353818868706,0.1107353818868706,0.7370386133916669,0.7370386133916669
4,290,16.978816169381254,15.980591156649144,2.8104431544809825,2.2916669315153526
4,291,14.318228831163909,14.318228831163909,0.495014132232272,0.495014132232272
4,292,37.63765445427434,37.63765445427434,13.730503069493984,13.730503069493984
4,293,75.95223320392631,75.95223320392631,2.544776829966356,2.544776829966356
4,294,15.785198742293606,14.808612110255549,5.837256733397679,4.918841520885915
4,295,21.028178542971524,21.028178542971524,3.2027315285566123,3.2027315285566123
4,296,27.03661116064453,27.03661116064453,3.5637023106945405,3.5637023106945405
4,297,23.397486679258414,21.612539333309364,5.868087814814546,4.530889149555442
4,298,32.07011276460892,32.07011276460892,5.025651668272008,5.025651668272008
4,299,0.4536297241464826,0.4536297241464826,2.720731565914459,2.720731565914459
4,300,17.006086512475957,10.85686712038361,4.010123242524534,2.5345581135651636
4,301,19.168568703597497,19.168568703597497,0.5649934294365496,0.5649934294365496
4,302,119.23110475645115,119.23110475645115,2.4816709743616663,2.4816709743616663
4,303,38.890923068185174,38.890923068185174,1.5060656306473057,1.5060656306473057
4,304,43.12313839410259,25.544021552371802,0.3257754884267431,0.2478570719125811
4,305,36.136017053625764,36.136017053625764,0.5668286539113688,0.5668286539113688
4,306,28.54821704830779,28.54821704830779,0.15264971796979965,0.15264971796979965
4,307,66.33291924528072,66.33291924528072,1.1660213611659664,1.1660213611659664
4,308,6.035388092069747,6.035388092069747,1.0758396173174662,1.0758396173174662
4,309,8.457662755034542,8.05694415844901,4.788222937366976,4.083183710701037
4,310,0.3347754085920762,0.3347754085920762,1.3266148474317903,1.3266148474317903
4,311,3.8158933823397145,3.8158933823397145,1.769769086568561,1.769769086568561
4,312,80.33956675127197,80.33956675127197,0.32530074098594375,0.32530074098594375
4,313,9.566267006645079,6.038411420280962,19.107744772745455,13.677733627683898
4,314,34.42235281884413,34.42235281884413,0.6032867858327314,0.6032867858327314
4,315,20.06034541035468,17.91085742145105,2.4421545123631487,1.964436604794456
4,316,13.217791835813735,13.217791835813735,11.677799969500473,11.677799969500473
4,317,34.46718861009646,19.19242709045008,0.7225692951149116,0.47177148557720405
4,318,58.53528409475844,35.08519297983602,1.665062782050408,1.278311971045432
4,319,4.769624440530098,4.769624440530098,18.308614354192017,18.308614354192017
4,320,22.244268586700713,22.244268586700713,0.8578561669972983,0.8578561669972983
4,321,25.33051095683496,25.33051095683496,1.0306750356693763,1.0306750356693763
4,322,62.92469723668124,40.98486994620369,0.9881902042234798,0.7435066389983702
4,323,132.55018768180122,129.67722092194072,2.5959384166180284,2.458779113259592
4,324,15.883763979312583,14.699912970141982,0.9831145687164662,0.8144841459760127
4,325,3.659447180029627,3.659447180029627,15.49379981838811,15.49379981838811
4,326,33.63297441172783,19.569286585614876,1.243492297983964,0.7212948467703493
4,327,17.432904851816037,17.432904851816037,2.2925251944027822,2.2925251944027822
4,328,23.077783550451333,21.674022150344634,2.1370355962061325,2.0026377629699335
4,329,40.19863176669181,40.19863176669181,1.9385360308786979,1.9385360308786979
4,330,14.318927305538832,9.300928847131289,2.623393696386622,1.4353270189442606
4,331,10.623812219689661,10.623812219689661,0.806470852017684,0.806470852017684
4,332,32.96693285743003,32.96693285743003,10.559514350763315,10.559514350763315
4,333,4.596495093433717,4.596495093433717,0.45118305299208206,0.45118305299208206
4,334,23.54365978781914,23.54365978781914,0.24808663960988175,0.24808663960988175
4,335,17.599595616434343,17.11343369044633,0.20654033644335867,0.1968015007123629
4,336,6.260036066410057,6.260036066410057,2.8896915014942497,2.8896915014942497
4,337,20.82915550451017,20.82915550451017,3.24298095338819,3.24298095338819
4,338,75.33020954347796,28.40791883727866,0.8108329173332619,0.49193942128767854
4,339,8.265791417717821,8.265791417717821,1.8456032214037967,1.8456032214037967
4,340,19.062065267319007,19.062065267319007,1.935152074109428,1.935152074109428
4,341,5.978045896973212,5.978045896973212,1.5886572971196724,1.5886572971196724
4,342,18.02909357601785,18.02909357601785,9.353779169515942,9.353779169515942
4,343,15.684387375533756,14.684615470257306,0.4012764119243025,0.3313540411663969
4,344,22.15962476841698,22.15962476841698,0.12350494660739075,0.12350494660739075
4,345,13.294264829566087,13.294264829566087,1.4755677996001795,1.4755677996001795
4,346,17.872091851970303,17.872091851970303,8.522255348377751,8.522255348377751
4,347,27.443040786700866,27.443040786700866,0.35379761240895735,0.35379761240895735
4,348,3.0780224501823827,1.7871331476931487,0.48445879859378527,0.3966137142925506
4,349,5.354568332948819,3.512798331659759,3.549627633605083,2.4219857530380735
4,350,14.936883091855018,13.504071947268118,0.3200690321263687,0.29941077745584016
4,351,138.14555060783596,124.89307912127009,2.696162488760779,2.2046934188200007
4,352,20.04179701485996,13.534332155071507,1.7433034192707206,1.248163994964498
4,353,24.381927620093148,16.72641217138203,0.7954703453179689,0.6702221064619833
4,354,13.714704067296982,13.714704067296982,0.004471104303666484,0.004471104303666484
4,355,22.41084857562067,12.949154430693067,11.055106621339965,7.292272750549328
4,356,28.116560475906283,28.116560475906283,0.12036028080236283,0.12036028080236283
4,357,6.575459949200786,6.575459949200786,0.7861551073037886,0.7861551073037886
4,358,22.023834605176212,22.023834605176212,0.907770807414175,0.907770807414175
4,359,16.25218111847962,16.25218111847962,2.346172263037145,2.346172263037145
4,360,35.87441405332465,32.59125783208484,1.2093663810689401,1.142399227808671
4,361,12.033017838142818,12.033017838142818,1.1583987712779606,1.1583987712779606
4,362,30.977114331544968,30.977114331544968,3.8615942365939078,3.8615942365939078
4,363,10.856914626256078,10.856914626256078,0.21473872881779543,0.21473872881779543
4,364,10.900395383025902,10.900395383025902,1.5505077740560145,1.5505077740560145
4,365,19.12113434299599,17.16827696403033,4.160960736605783,3.9709634603033814
4,366,31.622274579827465,31.622274579827465,1.5733949816048274,1.5733949816048274
4,367,35.15423238648486,35.15423238648486,0.964378213141773,0.964378213141773
4,368,145.89456907247796,145.89456907247796,0.5239617874429942,0.5239617874429942
4,369,25.33770415524337,25.33770415524337,1.6786607406465492,1.6786607406465492
4,370,54.643662270578915,54.643662270578915,0.3859074430325492,0.3859074430325492
4,371,39.97600269671704,39.97600269671704,17.173204393960194,17.173204393960194
4,372,24.455026257831875,24.455026257831875,5.473141774884224,5.473141774884224
4,373,16.468915852187386,16.468915852187386,1.9342010154722353,1.9342010154722353
4,374,15.275492208898683,15.275492208898683,1.2442277419058274,1.2442277419058274
4,375,32.21976037953185,32.21976037953185,0.4094691079427287,0.4094691079427287
4,376,0.7906722594574145,0.7906722594574145,0.40293964155226003,0.40293964155226003
4,377,92.09399313580542,92.09399313580542,1.456225914008393,1.456225914008393
4,378,139.31979615780622,139.31979615780622,0.1290446596089857,0.1290446596089857
4,379,42.78845634575735,42.78845634575735,2.692393124234904,2.692393124234904
4,380,47.68759960972396,41.836819086584676,1.338607318771775,1.0161323071427066
4,381,16.745911085124913,15.112712153966882,0.26175149115628926,0.22372746996483944
4,382,99.27835243647384,63.9790871652218,1.301477237797782,1.1287112442557472
4,383,38.56881937496096,38.56881937496096,1.804022502216463,1.804022502216463
4,384,17.778955724006018,17.778955724006018,1.0327917876986694,1.0327917876986694
4,385,21.685839377392703,21.685839377392703,5.1713476574857005,5.1713476574857005
4,386,21.568825429118622,21.568825429118622,5.140715272703135,5.140715272703135
4,387,2.5509723101456228,1.8317833845088747,1.2991328809078184,1.0139763587148465
4,388,25.011870512122293,25.011870512122293,1.130179127787546,1.130179127787546
4,389,10.45469435030212,10.45469435030212,0.07774948512555269,0.07774948512555269
4,390,4.743576991966334,4.381031809688771,0.269323400911773,0.20744845739802306
4,391,4.15951485277775,4.15951485277775,14.843339054083938,14.843339054083938
4,392,36.560407781871454,36.560407781871454,0.43028791375030073,0.43028791375030073
4,393,56.50686365991602,56.50686365991602,4.835126715951494,4.835126715951494
4,394,37.1260762149437,37.1260762149437,18.460488440940544,18.460488440940544
4,395,96.25228999293654,96.25228999293654,5.727303244150923,5.727303244150923
4,396,60.61272937405689,60.61272937405689,0.3132655323992518,0.3132655323992518
4,397,19.955751111055143,19.955751111055143,4.371872844446271,4.371872844446271
4,398,39.13014644017334,39.13014644017334,1.494073481758392,1.494073481758392
4,399,4.422232678406015,4.422232678406015,2.105476830736183,2.105476830736183
4,400,10.401633577565857,10.401633577565857,4.8750487456413545,4.8750487456413545
4,401,22.632380051872115,22.632380051872115,4.415817524729883,4.415817524729883
4,402,14.103922337499302,14.103922337499302,0.5714799211723854,0.5714799211723854
4,403,1.0339283367271612,1.0339283367271612,0.1976723117005733,0.1976723117005733
4,404,16.844013118034574,14.737758194702714,2.624550329579168,2.1655996491737306
4,405,13.682769467096424,13.682769467096424,17.890612592950873,17.890612592950873
4,406,20.747479626560384,20.747479626560384,0.884190873139256,0.884190873139256
4,407,34.28142425480256,34.28142425480256,1.110372878906007,1.110372878906007
4,408,1.3116957723384104,1.3116957723384104,0.03925470799807873,0.03925470799807873
4,409,40.281237906622046,40.281237906622046,0.0265783331283459,0.0265783331283459
4,410,68.11414393526441,68.11414393526441,0.30998849695405595,0.30998849695405595
4,411,1.89129885179816,1.89129885179816,3.3031899075409616,3.3031899075409616
4,412,35.13848824443147,35.13848824443147,0.42750953756074483,0.42750953756074483
4,413,18.45484701755887,18.45484701755887,2.1059116919986387,2.1059116919986387
4,414,12.626427150556129,12.626427150556129,2.6910572099339447,2.6910572099339447
4,415,26.546090028732806,24.69698347741704,0.7457554710814727,0.5892426317336519
4,416,34.95431104680737,34.95431104680737,2.4498954180101196,2.4498954180101196
4,417,23.813309475445678,21.77144670602442,1.9052086561117916,1.5975133301156395
4,418,36.62865054646155,36.62865054646155,0.7042631660244734,0.7042631660244734
4,419,14.054413603777594,14.054413603777594,0.14924104048692677,0.14924104048692677
4,420,2.5437069789103806,2.5437069789103806,2.7665290506909352,2.7665290506909352
4,421,23.622766555869617,23.622766555869617,0.8099280064464874,0.8099280064464874
4,422,26.68026484764191,13.598941435591922,0.3167483324062973,0.19069706421702426
4,423,9.195694602890256,9.195694602890256,0.5593282290362148,0.5593282290362148
4,424,28.79813433994054,28.79813433994054,0.6982347809572149,0.6982347809572149
4,425,48.73021156967055,48.73021156967055,0.4085383553625769,0.4085383553625769
4,426,100.52186930712608,100.52186930712608,2.6543258152757248,2.6543258152757248
4,427,1.7595279839694733,1.7595279839694733,0.16520244153659502,0.16520244153659502
4,428,36.38042247649425,36.38042247649425,3.9192017795278984,3.9192017795278984
4,429,35.54137630884756,35.54137630884756,4.904925245903616,4.904925245903616
4,430,130.62753339505406,130.62753339505406,9.97584587609654,9.97584587609654
4,431,7.429893656624369,6.778880255004863,0.9468631821531386,0.7755481906484761
4,432,21.328179131698576,21.328179131698576,1.237547537658627,1.237547537658627
4,433,39.177700330897345,35.703333759365435,2.279019602472448,2.1182045834726386
4,434,0.17419185677881366,0.10014639792579898,0.5272009377973234,0.33464461707924414
4,435,35.71341440805742,33.07993734282754,0.8232674627336474,0.6309543290570381
4,436,30.124211807653538,30.124211807653538,0.5745704793749159,0.5745704793749159
4,437,29.677631544074693,29.677631544074693,0.1891104793495113,0.1891104793495113
4,438,63.3946804945069,63.3946804945069,0.4762469758682343,0.4762469758682343
4,439,57.66476150826357,37.919782989647665,1.0457826308729747,0.6756818999315919
4,440,32.20283422143681,32.20283422143681,0.6502215062542352,0.6502215062542352
4,441,60.511664758021396,60.511664758021396,5.405065814686793,5.405065814686793
4,442,16.41099356359828,16.41099356359828,5.548412005729547,5.548412005729547
4,443,104.49576098548343,104.49576098548343,12.509616277273697,12.509616277273697
4,444,90.31692592766899,81.28395623725777,1.0318602654741549,0.8716875397015298
4,445,13.956141785864938,13.956141785864938,16.65555804981353,16.65555804981353
4,446,0.5862520968621965,0.5862520968621965,1.1685826215690578,1.1685826215690578
4,447,1.2763953808935469,1.2763953808935469,0.2878278948362025,0.2878278948362025
4,448,27.17305014860012,27.17305014860012,0.9228922794523403,0.9228922794523403
4,449,14.276110733894203,13.230262375122377,1.1753751480788166,0.9333875400329488
4,450,28.482629737263032,7.759346658948964,0.3730660968775038,0.16155083183042418
4,451,39.01219538369749,39.01219538369749,0.8137005136910295,0.8137005136910295
4,452,16.360381499448017,16.360381499448017,2.9931510071800123,2.9931510071800123
4,453,36.22646755904694,21.209037675862835,1.4306675359273986,1.1261873738520336
4,454,21.89179912992615,21.89179912992615,0.2977025356161752,0.2977025356161752
4,455,144.02883264991175,144.02883264991175,0.6035047755011977,0.6035047755011977
4,456,4.934099730328212,4.934099730328212,0.9199356574546163,0.9199356574546163
4,457,26.92317839664089,26.92317839664089,0.5030904708914928,0.5030904708914928
4,458,63.81929287238455,63.81929287238455,4.118107045431795,4.118107045431795
4,459,20.903010484744506,20.903010484744506,5.347309329817113,5.347309329817113
4,460,33.818690155486905,33.23141268096379,1.0313429631046924,0.993533571242931
4,461,7.531708208107304,7.389422555674565,0.09445914620054086,0.08999573644105498
4,462,28.222042892827762,17.561047629131487,0.3181319162393811,0.23072048491502256
4,463,49.56032435421994,49.56032435421994,4.1184419034630055,4.1184419034630055
4,464,16.42053622972157,16.024292852368156,5.51653065173663,5.28304273531614
4,465,20.257561371233766,20.257561371233766,1.2227658815677076,1.2227658815677076
4,466,1.8953891955636504,1.8953891955636504,0.912176081636437,0.912176081636437
4,467,13.222745925521462,13.00100900403807,1.861108551900996,1.7765543256476188
4,468,19.702092709806696,14.329380754493393,0.7218487615812644,0.5339173311694587
4,469,9.948017311360651,6.438674234589947,2.914501916209524,1.7669592810953172
4,470,12.804815193742638,12.481460784005552,0.8388821036277342,0.7955666934599146
4,471,45.23073535715519,45.23073535715519,6.2369329982615165,6.2369329982615165
4,472,47.940267728902285,47.940267728902285,1.7909189842715985,1.7909189842715985
4,473,141.04162454780527,141.04162454780527,0.5670439061031997,0.5670439061031997
4,474,18.176248476532415,17.706299509863708,3.6541416146635393,3.487230487286724
4,475,43.560315547810625,43.560315547810625,5.25584173381462,5.25584173381462
4,476,11.696892561558926,7.111194992688314,2.1483666971811126,1.5192960679265664
4,477,32.89941275089967,32.89941275089967,0.8367868644114512,0.8367868644114512
4,478,9.96037151314891,6.269189479669582,3.355964185329607,2.714883433161515
4,479,9.596151124601585,9.596151124601585,2.2596845708919364,2.2596845708919364
4,480,22.988740787857353,22.988740787857353,1.8927379592040812,1.8927379592040812
4,481,21.167576435188597,21.167576435188597,2.3388749052427364,2.3388749052427364
4,482,39.554284077412944,39.554284077412944,0.16853608432384304,0.16853608432384304
4,483,16.583028465690326,16.583028465690326,0.8871381772045632,0.8871381772045632
4,484,18.68315690250123,11.83537328700896,2.6004502813136625,1.9687448086887214
4,485,13.760642359998819,13.760642359998819,0.924928639297071,0.924928639297071
4,486,21.229930764293417,21.229930764293417,1.579985408272686,1.579985408272686
4,487,14.890756408864638,13.622151013899238,0.5902972536221801,0.547010167214725
4,488,0.39187848987550566,0.39187848987550566,0.3407425812197252,0.3407425812197252
4,489,51.16981386974827,47.84644763426958,0.9114864050292818,0.677077834359536
4,490,11.504354872790882,11.504354872790882,6.3096635393155855,6.3096635393155855
4,491,142.39541268326698,133.1298879254454,0.5369656279770635,0.4572384787245266
4,492,54.184851935330165,54.184851935330165,1.133151057473801,1.133151057473801
4,493,12.688982007733394,12.688982007733394,0.22486515592415157,0.22486515592415157
4,494,37.176612505533704,37.176612505533704,0.44609943765767,0.44609943765767
4,495,18.480089771160912,18.02363855576867,2.2743986855793574,2.1887424561849915
4,496,34.84709064167295,34.84709064167295,1.2001084124829666,1.2001084124829666
4,497,63.33714327028768,63.33714327028768,2.6685637692781823,2.6685637692781823
4,498,33.28594297299772,33.28594297299772,1.6763915477630422,1.6763915477630422
4,499,27.5630822337927,27.5630822337927,0.04784558437632336,0.04784558437632336
4,500,37.54719377058568,37.54719377058568,16.312013129165805,16.312013129165805
4,501,82.4119465910848,82.4119465910848,5.48819846469346,5.48819846469346
4,502,35.87972130817399,35.87972130817399,5.620641492784856,5.620641492784856
4,503,24.445060478069173,24.445060478069173,1.0335861918504838,1.0335861918504838
4,504,12.830619310671803,12.830619310671803,1.2026380153426959,1.2026380153426959
4,505,30.290206232661085,28.151841157868322,4.679357920745483,4.105996285561726
4,506,55.948261699985395,55.948261699985395,0.7071860343318173,0.7071860343318173
4,507,33.46181015454097,33.46181015454097,0.74656057148186,0.74656057148186
4,508,25.08017901467239,25.08017901467239,0.33514100798173707,0.33514100798173707
4,509,20.818870689410183,20.818870689410183,0.2504440465035582,0.2504440465035582
4,510,36.909684046961715,36.909684046961715,0.14704121324568498,0.14704121324568498
4,511,81.17629727637643,81.17629727637643,1.151763160961556,1.151763160961556
4,512,0.5273370454859982,0.5273370454859982,2.660312583323482,2.660312583323482
4,513,10.41092916077862,10.41092916077862,0.047012437614054825,0.047012437614054825
4,514,46.30945235494649,46.30945235494649,0.3802282480388953,0.3802282480388953
4,515,28.936981484994565,25.72239027641856,1.0848727040195707,1.0299856044132203
4,516,6.776353301045326,6.776353301045326,4.877987168921917,4.877987168921917
4,517,33.53692105816072,30.9692764275652,5.821482248392357,4.5890066486189465
4,518,18.571488307834482,18.571488307834482,1.6028448441499497,1.6028448441499497
4,519,23.020558140158624,17.684405233451557,0.9278445531684809,0.8400136202084115
4,520,37.850815407742786,34.74907136214611,0.7401875679561245,0.5731743269191896
4,521,7.6704159270303585,7.6704159270303585,1.7796126428921835,1.7796126428921835
4,522,9.921325488076091,9.921325488076091,2.209262759780001,2.209262759780001
4,523,28.971192696775084,28.971192696775084,4.632922934050331,4.632922934050331
4,524,5.978597195613364,4.921559727183582,5.068052150253026,3.8175647864181013
4,525,43.96335091214739,43.96335091214739,1.1680936400641464,1.1680936400641464
4,526,65.4360622901689,65.4360622901689,2.6569243497119137,2.6569243497119137
4,527,9.924539337982445,9.924539337982445,2.2454935880891282,2.2454935880891282
4,528,19.54286697275026,19.54286697275026,0.952843753108257,0.952843753108257
4,529,24.57922467461615,24.57922467461615,4.375347915841916,4.375347915841916
4,530,141.1541426378263,141.1541426378263,0.5791968399409125,0.5791968399409125
4,531,10.766946727532375,6.524705978063228,0.3427095680181519,0.27517438286029805
4,532,43.10373261607124,43.10373261607124,5.071224108113434,5.071224108113434
4,533,21.429224085247096,19.39403011749256,0.5644838485014302,0.4646534886195382
4,534,145.27752479463646,134.16267260658478,3.1564983034500633,2.7800586279193675
4,535,44.78862838311515,44.78862838311515,0.06022289898267974,0.06022289898267974
4,536,7.72739549897679,7.72739549897679,0.3055294756878649,0.3055294756878649
4,537,21.9378114761996,21.9378114761996,1.1453246338423304,1.1453246338423304
4,538,131.13592386109946,131.13592386109946,5.4059480750087365,5.4059480750087365
4,539,22.140158189721433,22.140158189721433,1.6849942510521836,1.6849942510521836
4,540,35.48816761649927,24.38282104431881,14.435805592927025,12.189884649342076
4,541,23.800797687871768,23.096725057951495,0.10309287929488076,0.0971293029781865
4,542,97.62479758507182,97.62479758507182,1.511629504385356,1.511629504385356
4,543,35.9638288554855,31.686847396826806,0.1988187034421841,0.15895742663735432
4,544,69.06196089118906,43.26905413595968,0.3905660495119593,0.30035393880904837
4,545,39.20621536648847,39.20621536648847,0.27523368077344323,0.27523368077344323
4,546,22.49750342906221,22.49750342906221,0.15269898103147828,0.15269898103147828
4,547,137.83952922563037,124.78575525079154,2.6068512028623134,1.962993188698322
4,548,13.904365931415015,13.904365931415015,2.5227205044010432,2.5227205044010432
4,549,79.51903031623847,73.11647865810625,0.8949384669839455,0.7532844481925356
4,550,108.63467625029992,108.63467625029992,1.9264042295334347,1.9264042295334347
4,551,127.64064444581189,127.64064444581189,2.5725012943881436,2.5725012943881436
4,552,67.9321519944574,61.19386618272063,0.4638764775508345,0.3935286374643108
4,553,18.568875118300223,18.568875118300223,3.9971107559126198,3.9971107559126198
4,554,34.85573048738096,32.154013233701676,1.1943334026327999,1.140939036195015
4,555,25.89789262135936,25.89789262135936,0.40008295136573635,0.40008295136573635
4,556,58.991349576228586,53.743916277936734,2.5147414241050443,2.081112338879748
4,557,60.40581004007802,60.40581004007802,10.283040175424546,10.283040175424546
4,558,19.267159303992635,19.267159303992635,1.680005789758813,1.680005789758813
4,559,63.45870505143941,63.45870505143941,4.43282337486261,4.43282337486261
4,560,58.9315415656436,58.9315415656436,0.10865062478739618,0.10865062478739618
4,561,21.46586575934569,21.46586575934569,0.9721608310916883,0.9721608310916883
4,562,53.21416965022783,49.797461126727484,1.533003306148141,1.484580891528188
4,563,1.584017731274212,1.584017731274212,5.917491021472249,5.917491021472249
4,564,2.438378837074442,2.243904510855701,2.7306344122324733,2.337247641072908
4,565,12.184867049588597,11.277542873495694,0.29022976883646723,0.2351948735408144
4,566,27.11196825164412,27.11196825164412,1.142335661548473,1.142335661548473
4,567,33.71824309575162,23.258383787400824,0.45975144517866495,0.3115406677895668
4,568,37.90233391915146,37.90233391915146,1.7624275880840674,1.7624275880840674
4,569,0.21372310763218216,0.21372310763218216,5.717372178406174,5.717372178406174
4,570,21.475517009261424,21.475517009261424,0.20803862821326013,0.20803862821326013
4,571,65.86317254825944,42.23149229378496,5.107642152413873,3.575366492771808
4,572,30.429636063184766,30.429636063184766,4.371219188076453,4.371219188076453
4,573,10.399402201282616,6.578483466729834,0.9639106555781816,0.6787648605101815
4,574,92.22215838775244,57.50370799551137,3.301885264093811,2.8072490812779587
4,575,27.897469015473554,27.897469015473554,2.121986803373697,2.121986803373697
4,576,1.0676146812711451,1.0475097669676268,0.5316064315715375,0.5100011527116937
4,577,15.514063682148134,6.31751600546527,2.375113545234069,1.2627956072350517
4,578,45.247646476182474,24.293115246866343,17.15944746129206,10.22364712691092
4,579,31.272150551151896,31.272150551151896,1.2300190398580322,1.2300190398580322
4,580,22.06302841619695,22.06302841619695,1.8833009038909267,1.8833009038909267
4,581,49.668004737918935,49.668004737918935,0.962100570096343,0.962100570096343
4,582,3.1000598379449418,3.1000598379449418,1.6072270180975718,1.6072270180975718
4,583,24.45761048714115,24.45761048714115,5.964488444427555,5.964488444427555
4,584,50.805763983938995,32.598354525077795,10.184052882985078,9.081934542948709
4,585,32.748037352909414,27.11790639270722,5.02373240370868,3.801172009685452
4,586,36.18133692721481,36.18133692721481,1.997532356692722,1.997532356692722
4,587,41.78464029248983,41.78464029248983,5.065694248265754,5.065694248265754
4,588,45.55389077450909,45.55389077450909,0.15120485552953877,0.15120485552953877
4,589,12.412892903032567,7.783615944158438,1.2223530754505842,0.8225045355237074
4,590,64.4051339032855,64.4051339032855,0.7940335729793185,0.7940335729793185
4,591,15.574380744896935,8.888011081110054,0.9204454255755896,0.5924430053668783
4,592,39.110106694118976,34.06523463487068,0.1596173713292075,0.13378181025551833
4,593,35.6291280822445,35.6291280822445,3.6119017805925897,3.6119017805925897
4,594,17.36413821171274,17.36413821171274,1.1494572460378532,1.1494572460378532
4,595,105.10315859717733,105.10315859717733,4.816127224046713,4.816127224046713
4,596,36.13642466843264,33.3484732223709,0.027027753864018678,0.022475297080878136
4,597,18.642360779328186,18.642360779328186,1.573501693212514,1.573501693212514
4,598,44.653230907056006,40.09854660128672,0.9468438717704054,0.9077175369643267
4,599,27.5569721928365,27.5569721928365,0.12316220924136867,0.12316220924136867
4,600,20.209311059299825,18.35498790067947,0.5355161432460732,0.4253386451171807
4,601,3.985825280422368,2.662080337493181,5.592636613316898,4.70141231302854
4,602,24.012440859071447,21.979031757663908,2.424898580794379,2.0097645339964396
4,603,24.878772909556783,24.878772909556783,1.7531536222605673,1.7531536222605673
4,604,15.86132246475569,14.587564297990207,0.4260839084007083,0.3366799784567339
4,605,66.03405866615279,66.03405866615279,10.762012677369444,10.762012677369444
4,606,28.766114979915347,28.766114979915347,0.4382673772434015,0.4382673772434015
4,607,25.15115592782822,25.15115592782822,2.9461507322577116,2.9461507322577116
4,608,15.88866360306335,15.88866360306335,0.5671682194518045,0.5671682194518045
4,609,88.24207926522617,77.44227096802494,0.43154138498688754,0.33655228430688
4,610,66.2953808914045,66.2953808914045,1.4867694322851548,1.4867694322851548
4,611,22.47649148076155,22.47649148076155,1.0494238161780234,1.0494238161780234
4,612,35.955916756709854,35.955916756709854,1.3150455675630432,1.3150455675630432
4,613,17.323807333060714,15.818665263996557,3.96056572109662,3.6931418275949834
4,614,34.16773782508586,34.16773782508586,1.912507541226026,1.912507541226026
4,615,25.032450243787803,25.032450243787803,2.125218001701679,2.125218001701679
4,616,10.390432385630312,10.390432385630312,0.9627845735083784,0.9627845735083784
4,617,11.779893445116512,11.779893445116512,0.2961449398739039,0.2961449398739039
4,618,32.72025744175262,32.72025744175262,2.651637490763447,2.651637490763447
4,619,22.29384645301485,22.29384645301485,1.5726799268393352,1.5726799268393352
4,620,26.686097506336093,26.686097506336093,0.9090203198943364,0.9090203198943364
4,621,12.336133369578757,12.336133369578757,0.20734520803988343,0.20734520803988343
4,622,22.59141783556915,22.59141783556915,5.333207275108102,5.333207275108102
4,623,28.656730164540733,28.656730164540733,0.3932613240955928,0.3932613240955928
4,624,39.86409963653312,35.951850931764945,3.64249812217962,3.060810591416447
4,625,32.015410019682164,32.015410019682164,1.8686947513141017,1.8686947513141017
4,626,45.025232996042426,45.025232996042426,0.3028101437806253,0.3028101437806253
4,627,137.37080306151307,121.48029496450256,1.3353721679561783,1.0987042012047379
4,628,5.244663180805276,5.244663180805276,0.5068235694142066,0.5068235694142066
4,629,14.637684740422667,14.637684740422667,0.10360350978554711,0.10360350978554711
4,630,21.643063482415748,21.643063482415748,0.23956887689003237,0.23956887689003237
4,631,20.26822023491345,20.26822023491345,0.42028294689499723,0.42028294689499723
4,632,21.255394014862077,21.255394014862077,2.5783093941200392,2.5783093941200392
4,633,19.564416441914844,19.564416441914844,0.9323761868115148,0.9323761868115148
4,634,3.501836531611575,3.162944514470325,2.878879570232105,2.186409035857198
4,635,11.919006598223804,10.760648567206237,0.2514917203770537,0.21101389495284195
4,636,16.21877807264203,16.21877807264203,3.7777312817739963,3.7777312817739963
4,637,9.169866151972878,5.655453117774584,1.0825604780576448,0.7855463596383843
4,638,15.654606657593288,15.654606657593288,1.1173637570123667,1.1173637570123667
4,639,37.059514300117506,37.059514300117506,0.37648863824789836,0.37648863824789836
4,640,23.032827899234604,23.032827899234604,0.7601992728799505,0.7601992728799505
4,641,87.77848595630093,87.77848595630093,0.11665369134174108,0.11665369134174108
4,642,30.105021787501673,30.105021787501673,15.456778280823693,15.456778280823693
4,643,10.846722966255912,10.846722966255912,19.49342063973488,19.49342063973488
4,644,14.72945530067464,14.72945530067464,0.718686299365377,0.718686299365377
4,645,23.813793317494806,23.813793317494806,1.1708826355943422,1.1708826355943422
4,646,33.759603901134255,19.295132734285126,0.8692249665938265,0.541432147159001
4,647,19.873242157871715,19.873242157871715,3.281430738975794,3.281430738975794
4,648,74.58069654882732,74.58069654882732,1.092051315754432,1.092051315754432
4,649,118.72604633971652,118.72604633971652,1.8245929929818405,1.8245929929818405
4,650,120.73553479378924,120.73553479378924,0.9692954259400057,0.9692954259400057
4,651,13.678260191316056,13.678260191316056,0.4386059128852414,0.4386059128852414
4,652,2.7145971777601474,2.7145971777601474,3.9869795759897304,3.9869795759897304
4,653,16.08172436129979,16.08172436129979,1.2988240351983524,1.2988240351983524
4,654,36.510185075801445,36.510185075801445,0.9631705681888015,0.9631705681888015
4,655,36.17230772655648,33.62425736998063,0.06070421719610364,0.05223485471799315
4,656,32.53219936336822,32.103622459962075,0.40139797777583797,0.3850774672154592
4,657,18.71394356418392,15.888263282324129,0.2307571951336448,0.17686102585822439
4,658,102.45255493405406,102.45255493405406,0.9630165310121599,0.9630165310121599
4,659,12.235142027830237,5.750085018022664,0.28678641937198157,0.18380062361889027
4,660,107.26232811175515,86.34093060802283,0.4438498014964015,0.3425219720341763
4,661,100.37766416683098,100.37766416683098,3.070545510015254,3.070545510015254
4,662,3.9859431124569156,3.9859431124569156,0.31329625676496253,0.31329625676496253
4,663,15.654942088333353,14.356450395832574,2.263302337301426,2.114674441389921
4,664,21.520506617426424,21.520506617426424,0.7432667799734535,0.7432667799734535
4,665,15.080568058140793,8.621713949238643,17.454620321857906,13.568687791776881
4,666,60.10134600331152,55.14161601664448,0.7843409790923809,0.7259177084232302
4,667,19.94754569090158,18.669446017237174,5.39378276662936,4.742691270141526
4,668,23.921044304746832,23.921044304746832,0.4081383804624662,0.4081383804624662
4,669,55.19607900384698,55.19607900384698,2.3179395995028607,2.3179395995028607
4,670,13.675966375929113,13.675966375929113,0.4139914318412704,0.4139914318412704
4,671,29.5761118516917,25.666866792623825,3.2495061687956657,2.826751628984265
4,672,56.36939349151238,51.40303526016859,1.324205175454419,1.0325208833288366
4,673,18.63382168355375,18.63382168355375,1.0963764580722117,1.0963764580722117
4,674,21.38700289047958,21.38700289047958,4.876163750625845,4.876163750625845
4,675,30.144529905307714,30.144529905307714,1.5754537094069914,1.5754537094069914
4,676,19.29078386691129,18.133380319287426,1.367163448638635,1.1190671156668797
4,677,32.58768807082845,22.805628242346785,2.7789535454851904,1.8849144287949202
4,678,48.59790850758433,48.59790850758433,1.0965040864878755,1.0965040864878755
4,679,39.588097356241136,35.55267520114394,0.48736945404367493,0.3904441083979645
4,680,7.583724611204028,5.620923028053712,4.437183817037755,3.5136796376451693
4,681,21.14892259587725,21.14892259587725,1.0952134255082269,1.0952134255082269
4,682,63.37765510117188,63.37765510117188,3.645394365926457,3.645394365926457
4,683,22.008325770304765,22.008325770304765,1.4235045830192574,1.4235045830192574
4,684,11.272145774669307,11.272145774669307,4.786706930343964,4.786706930343964
4,685,23.69653301582503,21.436076831919824,0.8619536001879742,0.8166161898568552
4,686,34.14762982339552,34.14762982339552,1.957880885674947,1.957880885674947
4,687,65.97261773004433,57.61845366472252,1.330486905576177,1.1097300140619346
4,688,22.55288094478207,22.55288094478207,0.5895213770321431,0.5895213770321431
4,689,19.472179761742968,15.89798387922924,1.8450796566541172,1.412266738430193
4,690,82.93203968927222,82.93203968927222,2.0216528132955474,2.0216528132955474
4,691,5.64859952675798,5.64859952675798,1.7495663570885707,1.7495663570885707
4,692,136.48442842641018,136.48442842641018,1.148979813206469,1.148979813206469
4,693,30.05440004214995,30.05440004214995,3.953695404889203,3.953695404889203
4,694,2.1059821896981568,1.9698602058307841,0.5068669697006173,0.4264543187678241
4,695,10.889654859786837,10.889654859786837,13.75811962704476,13.75811962704476
4,696,36.54469250730206,36.54469250730206,18.70887493787671,18.70887493787671
4,697,11.791504489993573,11.791504489993573,2.5311204037541124,2.5311204037541124
4,698,57.46705269317297,57.46705269317297,0.308738418648686,0.308738418648686
4,699,35.11890086917389,35.11890086917389,0.05260348050334407,0.05260348050334407
4,700,1.1820036358137909,1.1820036358137909,0.010629069667073665,0.010629069667073665
4,701,46.527364196511165,46.527364196511165,5.571459884576237,5.571459884576237
4,702,33.872582528731044,33.872582528731044,17.84914012513277,17.84914012513277
4,703,16.161230899496147,16.161230899496147,2.199056422988209,2.199056422988209
4,704,22.030644581707875,21.390105953612377,0.3063324260447259,0.2928439558750444
4,705,20.406974975026092,14.013463266804028,8.834704761534237,6.794264575890113
4,706,24.86318904979761,24.86318904979761,1.4071742340284106,1.4071742340284106
4,707,16.236006143096763,15.962602508664757,2.4900378038091677,2.4201080897061393
4,708,12.110803575664768,7.981378020789323,3.887189110484403,2.765433701119836
4,709,34.52120761417994,34.52120761417994,1.2371214476003216,1.2371214476003216
4,710,31.378141362999443,31.378141362999443,0.9939186545658245,0.9939186545658245
4,711,16.25281441208902,16.25281441208902,4.968925644738832,4.968925644738832
4,712,17.534250785926236,17.534250785926236,12.817474229717629,12.817474229717629
4,713,34.11123039912657,22.303301341779903,0.6029166825052875,0.4254423629991104
4,714,25.083211939297595,25.083211939297595,1.8031653764782845,1.8031653764782845
4,715,33.71260066362392,33.71260066362392,2.515328005620825,2.515328005620825
4,716,25.238533241878287,25.238533241878287,0.0822822903165602,0.0822822903165602
4,717,29.37854679703483,29.37854679703483,2.2730725144031743,2.2730725144031743
4,718,13.575851258275442,13.575851258275442,0.3902457789629702,0.3902457789629702
4,719,40.93963922109823,40.93963922109823,0.5786169026626385,0.5786169026626385
4,720,60.741244765686545,60.741244765686545,0.7950014430088169,0.7950014430088169
4,721,65.46884249033761,65.46884249033761,1.1404666408911082,1.1404666408911082
4,722,70.92034846139448,70.92034846139448,3.068075795178002,3.068075795178002
4,723,19.656035224676284,19.656035224676284,4.7432818509258015,4.7432818509258015
4,724,22.85590633982801,22.85590633982801,1.648206079882008,1.648206079882008
4,725,37.48506893815362,24.8121942788179,2.61092632977428,2.054737581656471
4,726,32.04397999952153,32.04397999952153,0.21841450168684995,0.21841450168684995
4,727,1.7990001619928808,1.7990001619928808,0.7957313539915823,0.7957313539915823
4,728,15.442049238620111,15.442049238620111,2.363147179913854,2.363147179913854
4,729,85.30620038709536,85.30620038709536,1.4276405806259598,1.4276405806259598
4,730,39.615663647620224,39.615663647620224,8.584162980018444,8.584162980018444
4,731,17.22530400168964,17.22530400168964,0.23143261697595496,0.23143261697595496
4,732,16.334631018623202,16.334631018623202,2.6094897946462607,2.6094897946462607
4,733,20.006106746692293,18.157294436062312,3.9235651279617008,3.6339135980346686
4,734,22.95919793588466,12.965684489479003,0.932761836845593,0.7329103832790959
4,735,39.92200491573131,39.92200491573131,1.0171350345931605,1.0171350345931605
4,736,24.800418094927924,24.800418094927924,0.8617779925417025,0.8617779925417025
4,737,24.24900067201285,24.24900067201285,5.454959593892774,5.454959593892774
4,738,20.44180497340584,11.577389180141529,0.39480639634203085,0.24174352832252793
4,739,35.3747791654206,22.689388384428774,1.1877819486182515,0.7735271701016742
4,740,37.99814496428837,37.99814496428837,0.2293003971070473,0.2293003971070473
4,741,120.88426019175856,120.88426019175856,4.232735939705272,4.232735939705272
4,742,50.18605908160159,45.63818639853776,0.5718097606781994,0.5352143324519382
4,743,8.733594188383275,5.032739922477914,1.157205115683719,1.0120396322306187
4,744,8.876421896021712,8.876421896021712,0.5718581630663736,0.5718581630663736
4,745,36.02649481135604,36.02649481135604,3.003821836028175,3.003821836028175
4,746,19.690237795830143,11.839810145729079,1.102925018458207,0.8903647944109527
4,747,45.61772040719013,45.61772040719013,7.287908514378542,7.287908514378542
4,748,29.54890129658798,19.91700306015765,1.6416566042742287,1.261776235868673
4,749,16.64806845375812,16.64806845375812,11.396624746298862,11.396624746298862
4,750,28.621188937642998,28.621188937642998,1.2898360653753587,1.2898360653753587
4,751,21.685255390637543,21.685255390637543,1.0716273636464408,1.0716273636464408
4,752,20.244715607677165,20.244715607677165,1.390713133296729,1.390713133296729
4,753,12.05457596204606,12.05457596204606,2.836954931814202,2.836954931814202
4,754,15.046922482879012,15.046922482879012,0.6903342680134602,0.6903342680134602
4,755,19.57010270536925,19.57010270536925,0.03319640878345187,0.03319640878345187
4,756,30.41866658515857,30.41866658515857,1.7083355427226328,1.7083355427226328
4,757,148.71827140855717,148.71827140855717,0.6950711591185702,0.6950711591185702
4,758,113.9876469943502,113.9876469943502,0.911275069493649,0.911275069493649
4,759,21.558398532591823,19.99613869475981,1.1417946874728027,1.0964098990434963
4,760,8.532273404298296,8.532273404298296,2.2150704078520373,2.2150704078520373
4,761,17.257618364942356,14.937683246672469,2.886950961581106,2.466105697163331
4,762,118.36738220472814,118.36738220472814,12.590541248388096,12.590541248388096
4,763,36.42420911124319,36.42420911124319,0.8707974358328882,0.8707974358328882
4,764,28.360836874804633,25.383317127832566,5.704603863731118,4.571035805816997
4,765,81.0648364365356,81.0648364365356,0.6091955099392723,0.6091955099392723
4,766,22.354511837299818,21.883910791594353,5.972011416989424,5.705043984953038
4,767,134.60072332781453,134.60072332781453,14.291348781342098,14.291348781342098
4,768,33.615917361715034,33.615917361715034,0.40092634253345205,0.40092634253345205
4,769,24.104321217733414,24.104321217733414,2.721602330974612,2.721602330974612
4,770,33.079929096228724,33.079929096228724,0.21662473434991103,0.21662473434991103
4,771,1.9234607551703675,1.9234607551703675,2.0523806423178863,2.0523806423178863
4,772,39.18495257397519,39.18495257397519,2.979958324548188,2.979958324548188
4,773,148.68625001104004,148.68625001104004,0.05854238505014986,0.05854238505014986
4,774,42.93388025369126,42.93388025369126,3.2789248921352505,3.2789248921352505
4,775,13.997943826158158,12.447693738139092,0.6142975305441366,0.5282905642762112
4,776,20.238349440369703,20.238349440369703,7.88012695017126,7.88012695017126
4,777,34.59573166277366,34.59573166277366,1.1955805595180116,1.1955805595180116
4,778,20.720830737427427,20.720830737427427,1.1372055555483813,1.1372055555483813
4,779,12.268231206301216,12.268231206301216,1.4217978818957018,1.4217978818957018
4,780,99.32043812576204,99.32043812576204,0.0797124438174287,0.0797124438174287
4,781,25.97200301863142,25.97200301863142,0.7295545341955401,0.7295545341955401
4,782,22.874224025140137,14.477003400074874,4.633217478923161,3.46971974693169
4,783,4.525958740715383,4.525958740715383,2.7200655308850408,2.7200655308850408
4,784,110.44363429384737,63.026409995599806,1.1006607930344745,0.7460874697907673
4,785,49.852004059753035,49.852004059753035,0.748128318448707,0.748128318448707
4,786,80.63692226704553,80.63692226704553,2.9854806011971045,2.9854806011971045
4,787,13.402424499188243,13.402424499188243,2.239254709607964,2.239254709607964
4,788,9.468831960466494,9.468831960466494,3.4254804172484383,3.4254804172484383
4,789,17.922968808587292,17.922968808587292,1.0101986803906338,1.0101986803906338
4,790,96.40108737611477,63.030547629172844,17.14467935848357,11.865812105235971
4,791,35.66033297356198,35.66033297356198,2.635212338005366,2.635212338005366
4,792,77.5769984540515,77.5769984540515,0.48576382122664363,0.48576382122664363
4,793,28.649690985954926,18.605906126403905,3.8601805489712184,2.5855315452307366
4,794,8.493512572722146,7.650178194889289,1.0800087670338152,1.0291972180221292
4,795,51.592259377933466,51.592259377933466,0.4016538732521454,0.4016538732521454
4,796,7.984167352515854,4.145252810294992,0.3920707844525674,0.32147953619198705
4,797,30.80538241140357,19.16073150686575,1.753349681736922,1.4044676250064223
4,798,9.314979391338145,9.314979391338145,0.39381486867374627,0.39381486867374627
4,799,14.364159490471614,14.364159490471614,0.4863548795146838,0.4863548795146838
4,800,46.15750975598883,46.15750975598883,12.616121323431063,12.616121323431063
4,801,13.396973133934797,13.396973133934797,5.3162817317181705,5.3162817317181705
4,802,16.864404113996798,16.864404113996798,17.547780931200826,17.547780931200826
4,803,36.45024113403464,30.61848652016902,0.6106166653025801,0.454788496841247
4,804,24.024812152160656,24.024812152160656,8.701724115460628,8.701724115460628
4,805,44.0945613793417,44.0945613793417,0.7056230852688085,0.7056230852688085
4,806,7.397803401123566,7.397803401123566,0.3701181652019029,0.3701181652019029
4,807,35.46295644301893,34.884922711327135,15.639193411691176,14.665432994846503
4,808,20.73793520990077,11.87576799957538,4.948461256502361,3.544185905686379
4,809,7.314326680086118,4.596148957642422,5.174396953292767,4.231163472353534
4,810,13.627017404417627,13.627017404417627,0.33154676428513097,0.33154676428513097
4,811,131.70670160691344,131.70670160691344,0.2782029452964664,0.2782029452964664
4,812,42.0308317096835,42.0308317096835,2.8165670500315056,2.8165670500315056
4,813,39.337263224299846,39.337263224299846,16.301412506813513,16.301412506813513
4,814,36.61714454647541,22.546226227704402,1.2460215970376045,1.011340743431223
4,815,38.97339761848101,38.97339761848101,1.8400921751642039,1.8400921751642039
4,816,133.06840391946463,71.76452960932903,4.9758554278567555,3.6190673679356733
4,817,60.64147396451227,60.64147396451227,15.32917782543957,15.32917782543957
4,818,3.6879252997898337,3.6879252997898337,1.0741756911786156,1.0741756911786156
4,819,55.328333203522,55.328333203522,8.065513291253968,8.065513291253968
4,820,149.60003840018487,149.60003840018487,0.1269289117655007,0.1269289117655007
4,821,14.869931325431935,14.869931325431935,4.385898595895658,4.385898595895658
4,822,23.302527936848723,23.302527936848723,0.27170552204095655,0.27170552204095655
4,823,26.805985254389462,16.54258717076121,7.128009929620211,5.592461888243358
4,824,11.266788426120408,11.266788426120408,5.915623548224541,5.915623548224541
4,825,26.971145582452596,26.971145582452596,11.328094372711924,11.328094372711924
4,826,49.907508253876784,46.04635369478698,0.8424369936019364,0.6911735904931997
4,827,37.80257323193026,37.80257323193026,3.599246500977222,3.599246500977222
4,828,23.071126669809775,20.76505147391979,0.008133768863713753,0.007696505053570072
4,829,16.250873409961322,16.250873409961322,0.44008968841150586,0.44008968841150586
4,830,32.40082178093515,32.40082178093515,2.954550441969766,2.954550441969766
4,831,30.229913621397266,30.229913621397266,0.487994313484407,0.487994313484407
4,832,48.19746099799379,43.574621369445865,0.4164733577653238,0.329932787281814
4,833,13.143209065103694,13.143209065103694,0.14052947619374634,0.14052947619374634
4,834,25.173279255825413,24.442067233014054,2.818324062225952,2.7271708509995998
4,835,66.23884986715245,60.13319244985895,2.9070257494189464,2.443388709286688
4,836,109.33580579528605,109.33580579528605,2.6271274872906645,2.6271274872906645
4,837,66.61444950880478,66.61444950880478,1.027639075692845,1.027639075692845
4,838,18.834543085538527,18.834543085538527,1.1408954541421386,1.1408954541421386
4,839,69.32451409091705,38.55300706751652,0.15503982484995538,0.12528506593182065
4,840,41.019378750479575,41.019378750479575,2.0988828435621993,2.0988828435621993
4,841,22.522469828327317,22.522469828327317,2.6852915104326893,2.6852915104326893
4,842,15.828310984377122,15.828310984377122,2.320537988536695,2.320537988536695
4,843,67.10807670287163,38.83201719968869,3.8702832031536234,2.9172316651697376
4,844,9.357778745290663,9.132384265579937,0.11187142142269668,0.1059759918769839
4,845,24.82038591376074,14.673122443947191,5.15607827411354,4.347704710921041
4,846,12.858952361775513,12.858952361775513,1.0703014787272243,1.0703014787272243
4,847,49.10271670640375,49.10271670640375,1.195848524793566,1.195848524793566
4,848,13.164707673664013,13.164707673664013,2.1632178934408177,2.1632178934408177
4,849,9.716145288047041,9.253195584926166,2.153146758187875,1.776358431757035
4,850,20.295868645868488,20.295868645868488,2.159842022505174,2.159842022505174
4,851,22.20984200433046,22.20984200433046,2.9805002138199885,2.9805002138199885
4,852,27.481706546172934,16.16512841558009,15.673303238333695,11.255259324320296
4,853,18.18641311160128,18.18641311160128,2.0141844945945397,2.0141844945945397
4,854,26.34408832770855,26.34408832770855,7.4928792673487505,7.4928792673487505
4,855,10.757451188028018,10.757451188028018,2.6060790103088642,2.6060790103088642
4,856,16.45880324204279,16.45880324204279,1.3690714646681277,1.3690714646681277
4,857,132.9217088337371,132.9217088337371,12.80813591675077,12.80813591675077
4,858,70.21355479152288,70.21355479152288,2.825834370372003,2.825834370372003
4,859,24.502243844846987,22.60171114299004,0.13127846076768812,0.11188663730260995
4,860,27.123453095928184,18.331793457904062,1.8560628233513792,1.295851144180296
4,861,1.2718323882745164,1.2718323882745164,0.9669197616912402,0.9669197616912402
4,862,30.376268696866784,30.376268696866784,0.42210886146290394,0.42210886146290394
4,863,33.419556990835,33.419556990835,1.8164900810951055,1.8164900810951055
4,864,24.339091569060486,21.863207330834065,1.7407321342310724,1.619983582055176
4,865,69.26483563465654,69.26483563465654,2.1376719607514962,2.1376719607514962
4,866,62.49613642895413,61.668645498453635,1.4408756108706176,1.3886484868688216
4,867,25.52003440022994,24.197413760227576,3.8143525430855947,3.1050992089860734
4,868,14.023710946259325,14.023710946259325,2.8430845809763126,2.8430845809763126
4,869,23.805249309964584,23.805249309964584,0.9924564682419548,0.9924564682419548
4,870,49.32262624101754,49.32262624101754,0.8666468550471069,0.8666468550471069
4,871,17.652583280606912,17.652583280606912,0.25730627658289873,0.25730627658289873
4,872,56.63026872565388,56.63026872565388,0.7817249531098461,0.7817249531098461
4,873,64.71163052727161,64.71163052727161,19.09445080706312,19.09445080706312
4,874,82.40045242492754,82.40045242492754,1.0332872888040874,1.0332872888040874
4,875,46.30771949956757,46.30771949956757,1.2921660728904436,1.2921660728904436
4,876,34.972975252844485,34.972975252844485,0.09685854808641436,0.09685854808641436
4,877,40.15212826314481,37.26420547594525,0.7089363516887411,0.6016574644600382
4,878,11.856011822840694,11.856011822840694,2.382451028883339,2.382451028883339
4,879,37.962628777457894,37.962628777457894,1.7399897569548881,1.7399897569548881
4,880,10.474659312028663,9.925858125603435,0.5433517088002661,0.4416962793719087
4,881,23.363554203762888,23.363554203762888,1.2627814005853344,1.2627814005853344
4,882,132.05219408585293,84.89997363517699,1.5593468171197542,1.2207520842131756
4,883,88.70291143990102,58.07774158356615,2.7194115263974465,2.4019396621291778
4,884,69.60493423722232,69.60493423722232,0.3073175099284823,0.3073175099284823
4,885,10.424235443001155,9.352514069005473,2.9349576461140234,2.4932780723884185
4,886,51.99398254551058,51.99398254551058,8.10989210572056,8.10989210572056
4,887,10.775097409477237,10.775097409477237,1.5088445678769895,1.5088445678769895
4,888,16.57492419738457,16.57492419738457,0.14974724061380063,0.14974724061380063
4,889,22.687887782312018,20.26205008614648,1.7760658685892028,1.4965109775918315
4,890,30.666972827709756,30.666972827709756,18.700461780963522,18.700461780963522
4,891,28.6503601137394,25.794232681022933,0.9301427099676502,0.7585424635832521
4,892,33.7549298354445,33.7549298354445,1.947548280262259,1.947548280262259
4,893,6.120942199846073,6.120942199846073,1.240914966390251,1.240914966390251
4,894,41.77093422551042,38.72866815870699,0.3445649744304683,0.2857190223899752
4,895,15.229383926863434,15.229383926863434,2.2917071438212337,2.2917071438212337
4,896,12.234023826303126,11.213614719739507,0.11134168375424802,0.08977449467665956
4,897,17.396369657256734,17.396369657256734,0.48060838279792517,0.48060838279792517
4,898,77.9737056327196,77.9737056327196,4.835610000031793,4.835610000031793
4,899,37.67095730750981,37.67095730750981,2.731100729500646,2.731100729500646
4,900,20.81768203778835,20.81768203778835,1.3031162308477908,1.3031162308477908
4,901,133.48376308374625,133.48376308374625,4.424279301417144,4.424279301417144
4,902,15.695746524132677,14.46130557865741,0.4889051245245696,0.38068825668252804
4,903,11.39032312942227,11.39032312942227,0.10086684516884536,0.10086684516884536
4,904,13.275096605073285,12.693662339987958,1.465790845469944,1.1885858594789247
4,905,127.38970507964245,127.38970507964245,17.47918245216848,17.47918245216848
4,906,23.47353912825172,23.47353912825172,0.41023982361755873,0.41023982361755873
4,907,37.13350566746532,37.13350566746532,3.7830508590723895,3.7830508590723895
4,908,27.24808762805635,27.24808762805635,0.19641533270948708,0.19641533270948708
4,909,23.72586581262176,21.733279716156154,0.9281244431705162,0.7637404486219836
4,910,24.95675834457709,24.95675834457709,1.0948041812722606,1.0948041812722606
4,911,6.147408229171765,6.147408229171765,5.522966940686384,5.522966940686384
4,912,22.112917699848555,22.112917699848555,1.2430338948098199,1.2430338948098199
4,913,80.79763757709298,80.79763757709298,2.5750833311003163,2.5750833311003163
4,914,37.44704781671305,36.72893368355274,10.144736847326424,9.547667752242491
4,915,50.775070814884536,46.07405442123363,2.954610281542189,2.747033868583876
4,916,24.155325970165254,24.155325970165254,4.844432905581858,4.844432905581858
4,917,33.44174661958284,33.44174661958284,1.5521396325805097,1.5521396325805097
4,918,37.46202178415591,37.46202178415591,1.0415798768442948,1.0415798768442948
4,919,9.204347602888264,9.204347602888264,0.30661850018599035,0.30661850018599035
4,920,5.5150122076021635,5.5150122076021635,0.7551795914343485,0.7551795914343485
4,921,19.55864978558072,13.80276112052233,0.9258493539904906,0.78602829227764
4,922,27.10293379088416,17.76123752916805,1.2616465044644707,0.9624931694141449
4,923,26.07359646750204,26.07359646750204,0.38414067660445783,0.38414067660445783
4,924,24.19841780314826,24.19841780314826,0.6036602038794988,0.6036602038794988
4,925,30.14515133861695,30.14515133861695,0.6754699542391591,0.6754699542391591
4,926,148.87817203400618,102.28905234955045,0.31816358020651025,0.21974335032962655
4,927,13.018366405899405,13.018366405899405,0.9229199953394007,0.9229199953394007
4,928,9.310054030831145,9.310054030831145,2.2296279654597955,2.2296279654597955
4,929,4.675985747543887,4.675985747543887,16.838351371023567,16.838351371023567
4,930,31.902229515472268,21.415117995827796,0.8534322200829397,0.6046786562450814
4,931,33.63735406510422,33.63735406510422,0.9868264696229431,0.9868264696229431
4,932,29.343604571815398,19.377810713348318,2.0672703238188923,1.6102039821998466
4,933,2.201118229705026,1.2801858479557726,0.9927223084196322,0.5306300756181291
4,934,5.910181862103396,5.434985728032371,0.25051499707024705,0.20823792786107176
4,935,35.06486624507138,31.46121360100731,2.010793355747717,1.6444127814324825
4,936,9.87780728245611,9.87780728245611,13.766648849269451,13.766648849269451
4,937,8.921289627849578,5.960478735507549,10.952553512624657,8.636387210515336
4,938,51.42421560387727,51.42421560387727,16.9086434996316,16.9086434996316
4,939,18.75142600489872,18.75142600489872,5.190034087229877,5.190034087229877
4,940,13.018241187047767,13.018241187047767,2.6960581185972616,2.6960581185972616
4,941,36.01842500016156,34.961093141872446,6.791601322655349,6.493751161852161
4,942,28.98265557345136,26.66185626556035,2.1720112670036373,1.8133344347126406
4,943,114.01131072468819,114.01131072468819,17.64794285045362,17.64794285045362
4,944,4.116895515065888,4.116895515065888,0.47028106275055437,0.47028106275055437
4,945,1.000271214934827,0.5910758246313432,0.48079116317217163,0.35988065748469106
4,946,29.08199184906554,29.08199184906554,3.0355859525834745,3.0355859525834745
4,947,17.369119945532457,15.551473272071474,0.3192304901785906,0.28839451507992553
4,948,72.08959342347717,72.08959342347717,10.357306308802926,10.357306308802926
4,949,18.468868628717242,18.468868628717242,3.5511335126436534,3.5511335126436534
4,950,52.37167547804771,52.37167547804771,18.213769957330605,18.213769957330605
4,951,22.80000839577966,13.28625433173887,5.453249794473935,4.167208043612267
4,952,9.935785658712923,9.935785658712923,0.9303387342201541,0.9303387342201541
4,953,2.3323683730360756,2.3323683730360756,0.8775593652994003,0.8775593652994003
4,954,34.12127272672473,22.06903341808256,1.1253415480358313,0.828578682942348
4,955,38.349019084431475,38.349019084431475,0.7802050573866391,0.7802050573866391
4,956,32.84298053203936,32.84298053203936,1.2561022778408688,1.2561022778408688
4,957,26.314586394794418,26.314586394794418,5.656215562591437,5.656215562591437
4,958,16.039658566813696,16.039658566813696,2.7224474375948025,2.7224474375948025
4,959,63.352000235403466,40.83914282635562,0.9465114913718886,0.6097103015850822
4,960,25.230176153873902,25.230176153873902,0.5719078684125246,0.5719078684125246
4,961,33.282315028300175,14.99981652506161,0.42715745416969064,0.19905429078765616
4,962,19.834378376301878,11.51002573802092,4.55067905328645,3.8472533836783382
4,963,43.33142563359563,43.33142563359563,0.1971634807394037,0.1971634807394037
4,964,28.505347980715754,28.505347980715754,3.657614244351712,3.657614244351712
4,965,12.990925597496833,12.990925597496833,2.8762273894386383,2.8762273894386383
4,966,10.636475774621344,10.636475774621344,5.966232880451917,5.966232880451917
4,967,44.09621454992974,44.09621454992974,0.6394381236098824,0.6394381236098824
4,968,31.670184773283978,29.419646707078996,0.6306657411421266,0.5179665986263361
4,969,27.510862237034793,27.510862237034793,1.2212349241279807,1.2212349241279807
4,970,108.18808954798209,108.18808954798209,1.3970062382656774,1.3970062382656774
4,971,3.2730615044231115,3.2730615044231115,0.2107802940116993,0.2107802940116993
4,972,17.44629948129113,12.084220168302586,0.8884780642279618,0.6221597693338506
4,973,5.195889473507691,4.842496577212962,2.7808441461495645,2.2448141189735145
4,974,27.853601569433557,27.853601569433557,0.030510549997893932,0.030510549997893932
4,975,19.90530898006511,19.90530898006511,0.01632009535749457,0.01632009535749457
4,976,2.66379116489742,2.66379116489742,4.542053251586255,4.542053251586255
4,977,19.50629850582218,17.875825029792118,0.02734656906101407,0.02641173576687642
4,978,22.62616867344988,22.62616867344988,19.518675674715134,19.518675674715134
4,979,4.065053577824678,4.065053577824678,18.403844359133846,18.403844359133846
4,980,24.522333663281923,21.818748964626693,0.855609796092309,0.701823057914914
4,981,0.7923563180738835,0.7923563180738835,0.6771834507863776,0.6771834507863776
4,982,49.6177460123926,49.6177460123926,1.1038613256310046,1.1038613256310046
4,983,17.93211039984651,17.93211039984651,1.369899512355755,1.369899512355755
4,984,134.16336250635476,134.16336250635476,0.05539367953091445,0.05539367953091445
4,985,60.20129046818275,59.02331430243954,8.343602714966682,7.912325718715413
4,986,28.50220287224371,28.50220287224371,0.5345342600500237,0.5345342600500237
4,987,2.386559542307829,2.386559542307829,0.6091159438653678,0.6091159438653678
4,988,16.497543381327468,12.824385919048058,2.166001543815086,1.5677749617823928
4,989,23.061093736505313,20.852157154734787,0.28842733202741155,0.22281749839675596
4,990,33.25113723859432,33.25113723859432,10.43628135317579,10.43628135317579
4,991,1.861461113156686,1.1084485538693074,1.2876030842319546,0.7311829646899155
4,992,27.31941889741693,27.31941889741693,4.703761331995198,4.703761331995198
4,993,23.3588606820854,23.3588606820854,3.659062844213707,3.659062844213707
4,994,49.4363304246213,49.4363304246213,1.1932210108883567,1.1932210108883567
4,995,30.51739899501277,27.37601314158973,0.18946734637662155,0.17526609889469533
4,996,22.539739102957824,21.00491273218924,2.30155620495084,1.8991876261046796
4,997,48.33432051583187,48.33432051583187,1.1573350501660191,1.1573350501660191
4,998,46.922872014059365,46.922872014059365,0.4378499217862505,0.4378499217862505
4,999,5.3471354580495944,2.934007089367914,0.5417594760668255,0.485503446986045
4,1000,69.3107631960674,43.33885684017823,2.3139646787366375,1.755748058143242
4,1001,28.214754673867503,27.716378327523422,0.118343856736988,0.11349772575837723
4,1002,5.266030972132372,4.7853392676830735,1.5335159163642085,1.262925659124249
4,1003,136.33196362623153,136.33196362623153,1.1911874890625223,1.1911874890625223
4,1004,99.20793607700611,99.20793607700611,0.4933285995241191,0.4933285995241191
4,1005,18.32614503809276,18.32614503809276,13.290745090511303,13.290745090511303
4,1006,3.2068278424003527,3.2068278424003527,1.9454996707109975,1.9454996707109975
4,1007,32.365250885442684,18.202309367959842,4.2429221223332965,2.7107412236021866
4,1008,1.6156347714894803,1.6156347714894803,0.9732674159652472,0.9732674159652472
4,1009,37.695294441196495,37.695294441196495,0.8778029122276063,0.8778029122276063
4,1010,71.94173374527811,65.99247729681132,0.2395206298055974,0.2270836882799729
4,1011,8.02814716901773,8.02814716901773,5.494091152618125,5.494091152618125
4,1012,145.32408119730792,145.32408119730792,0.40754221544790903,0.40754221544790903
4,1013,58.16428504018155,58.16428504018155,10.536057403633476,10.536057403633476
4,1014,2.816651943534625,2.816651943534625,0.601844128874395,0.601844128874395
4,1015,63.15648608674705,63.15648608674705,0.4177039620239601,0.4177039620239601
4,1016,26.181431286122873,26.181431286122873,4.391185459355404,4.391185459355404
4,1017,11.03574753935181,6.529241756995436,3.5677175701314474,2.5634806571672946
4,1018,21.598743365748362,21.598743365748362,1.662410973249312,1.662410973249312
4,1019,6.375487228527179,6.375487228527179,0.5524688962965602,0.5524688962965602
4,1020,8.605692541517584,8.605692541517584,16.651152508021905,16.651152508021905
4,1021,67.88905353082518,67.88905353082518,1.199494858381088,1.199494858381088
4,1022,43.50860271892153,43.50860271892153,1.6938787504681494,1.6938787504681494
4,1023,22.053924872930352,14.401261344648967,4.992457192885039,3.845979648021692
4,1024,2.3041551736150545,2.3041551736150545,0.46012903586301734,0.46012903586301734
4,1025,35.26807168342833,35.26807168342833,0.01486413875191428,0.01486413875191428
4,1026,10.994594325900687,10.994594325900687,1.1802379797204359,1.1802379797204359
4,1027,28.064285268327495,28.064285268327495,4.672791380245299,4.672791380245299
4,1028,49.21907489761911,41.86878451559569,0.8888069805152155,0.7421559196047114
4,1029,8.492333834949783,5.0328721257985185,4.968837714092914,4.165299148797156
4,1030,10.579397632617708,10.579397632617708,0.2847115401179142,0.2847115401179142
4,1031,83.22642148307871,83.22642148307871,5.257305002508289,5.257305002508289
4,1032,31.682869362091004,31.682869362091004,2.8320038147719995,2.8320038147719995
4,1033,130.58727911382874,130.58727911382874,0.7098463815031824,0.7098463815031824
4,1034,36.693137415905795,36.693137415905795,0.1596696355117283,0.1596696355117283
4,1035,85.90893356679236,85.90893356679236,0.52111975755813,0.52111975755813
4,1036,33.75032490355515,33.75032490355515,1.2657138394964358,1.2657138394964358
4,1037,27.87786071433324,25.12710643479215,2.5051153845460346,2.114190965126304
4,1038,10.777484026327095,10.777484026327095,0.8241567423090361,0.8241567423090361
4,1039,48.54294320922637,48.54294320922637,0.523101275702167,0.523101275702167
4,1040,33.68702907151927,33.68702907151927,0.6381811185168869,0.6381811185168869
4,1041,8.242077457573647,8.242077457573647,1.8264174882148452,1.8264174882148452
4,1042,5.265971846162794,5.265971846162794,8.39631988735942,8.39631988735942
4,1043,34.025463325616876,31.246604301834807,0.7259114038516583,0.606025794411341
4,1044,59.745135779732536,59.745135779732536,0.6611642998280559,0.6611642998280559
4,1045,16.28971522702527,9.943533759581644,1.5353507318353246,1.086189507803477
4,1046,22.89402391277687,21.20837753943316,0.4761431914181963,0.4105196669148422
4,1047,76.89854055959032,76.89854055959032,3.016392940088663,3.016392940088663
4,1048,37.90241196930908,37.90241196930908,0.4167013029551613,0.4167013029551613
4,1049,9.577945146075516,9.577945146075516,1.5511079470895077,1.5511079470895077
4,1050,49.32242619099244,49.32242619099244,1.0518196840604073,1.0518196840604073
4,1051,17.022040855613568,17.022040855613568,0.5564292355299708,0.5564292355299708
4,1052,19.011124782985334,19.011124782985334,10.654757549707636,10.654757549707636
4,1053,104.80147271592547,104.80147271592547,0.04225273610754687,0.04225273610754687
4,1054,33.70922612786973,33.70922612786973,0.4473076333238216,0.4473076333238216
4,1055,41.81281327752827,38.28353119479935,0.4316302725718385,0.40999996150794915
4,1056,28.76707314431309,28.76707314431309,4.247086972435103,4.247086972435103
4,1057,0.025163689461118466,0.014448323408369917,2.017473459392404,1.4582425209161642
4,1058,32.059342216954036,31.47777402354176,1.5952245569592125,1.51136036924061
4,1059,13.336195543680166,12.054584711968142,15.443349989196603,12.089323559929143
4,1060,53.34489401040916,53.34489401040916,0.5796962584199375,0.5796962584199375
4,1061,33.56683046795264,33.56683046795264,0.8340589460762107,0.8340589460762107
4,1062,31.2183965124361,31.2183965124361,0.6565570799434649,0.6565570799434649
4,1063,23.921326180085924,21.547591568648997,3.8812591245301116,3.4070043884706194
4,1064,23.164487801454587,23.164487801454587,0.39215093942339474,0.39215093942339474
4,1065,24.30143838595708,22.56590196571648,0.5172810899011436,0.41019681592621976
4,1066,142.48021603982693,135.99474824597073,0.558281068524937,0.46473175810744166
4,1067,8.495917272178563,8.495917272178563,1.5480568903606633,1.5480568903606633
4,1068,8.815093647855752,8.815093647855752,5.9092531864155164,5.9092531864155164
4,1069,23.85377234033242,23.85377234033242,5.6943661039912765,5.6943661039912765
4,1070,14.033632476858777,12.54982972241075,0.5414815530590996,0.4576335621781674
4,1071,138.08487487915437,135.09357111894124,0.6820461208473546,0.6399918712607953
4,1072,30.106062803192778,27.93484737074773,4.612828520916603,3.4184163894101314
4,1073,20.64479209552799,20.64479209552799,1.4782928037944696,1.4782928037944696
4,1074,14.487881298900517,14.487881298900517,1.8052653022583671,1.8052653022583671
4,1075,6.112292813753548,6.112292813753548,5.368557803603941,5.368557803603941
4,1076,35.7483622319797,32.88227169844306,0.16716431407131982,0.15446168155122478
4,1077,30.118387416885295,30.118387416885295,0.8491471581996691,0.8491471581996691
4,1078,55.93131348378551,55.93131348378551,0.4919839376598346,0.4919839376598346
4,1079,20.474411741201315,20.474411741201315,1.5389841610079407,1.5389841610079407
4,1080,41.97524636574584,41.97524636574584,2.284806620060889,2.284806620060889
4,1081,10.182172592091822,10.182172592091822,1.0128380023055639,1.0128380023055639
4,1082,32.312767453778946,29.417758526301895,2.14637855785875,2.085427636385835
4,1083,21.830954941508235,19.40291061856185,0.26150112553516924,0.22163428762789567
4,1084,24.31973925135964,24.31973925135964,19.706308828992768,19.706308828992768
4,1085,60.36591217947014,60.36591217947014,2.217940575715593,2.217940575715593
4,1086,62.88487727441379,62.88487727441379,0.9587172047489825,0.9587172047489825
4,1087,9.346613572381637,9.346613572381637,0.5701773223619225,0.5701773223619225
4,1088,10.560380623710227,10.560380623710227,2.735479544169738,2.735479544169738
4,1089,23.53771944074426,23.53771944074426,1.1523843862491474,1.1523843862491474
4,1090,8.115501393218278,8.115501393218278,0.9354165691333212,0.9354165691333212
4,1091,23.779205541519662,17.62784931913283,5.083188187191323,3.573209952074877
4,1092,30.750171528998937,30.007842863464273,1.2060731451643427,1.1490882780356972
4,1093,9.770541451017923,8.733205463853995,4.614155945292977,4.350766110500694
4,1094,9.6341623708442,8.863841589884643,2.2156988764420107,1.8770268188928525
4,1095,12.37536416698984,12.37536416698984,0.010220459103804647,0.010220459103804647
4,1096,33.620783072139595,23.127385472675208,0.3140436814714732,0.217939854449733
4,1097,24.271185095114394,24.271185095114394,0.9600137633928505,0.9600137633928505
4,1098,119.66024676229682,113.72635841089414,0.9590534731730359,0.7912705183883045
4,1099,18.48351466254848,18.48351466254848,0.8869099569665352,0.8869099569665352
4,1100,29.690766695275556,29.690766695275556,1.1451057937894273,1.1451057937894273
4,1101,43.83961874528538,43.83961874528538,0.1343227892202038,0.1343227892202038
4,1102,37.83839893452323,37.83839893452323,0.6769218193576629,0.6769218193576629
4,1103,8.853588125188569,5.240111101215449,0.43153691416374784,0.3347591473245529
4,1104,18.24156808811821,18.24156808811821,4.570882071693469,4.570882071693469
4,1105,11.65030252235151,11.65030252235151,19.012392568550375,19.012392568550375
4,1106,13.40002524967417,13.40002524967417,0.7055996288139815,0.7055996288139815
4,1107,10.625618356983228,6.324696756216461,17.692288111655152,13.93227275249943
4,1108,24.89969442382169,14.62576520001893,1.1504708123209006,0.8186557796105312
4,1109,11.522289135638568,8.37714286614742,15.099322000512014,12.787107166323311
4,1110,13.208418662704537,13.208418662704537,0.49132889109949496,0.49132889109949496
4,1111,97.09981593013754,97.09981593013754,0.9534904859503144,0.9534904859503144
4,1112,128.60662150330543,79.599426292598,1.058459451296247,0.6407835074459785
4,1113,36.3903513051109,36.3903513051109,2.5961177395578554,2.5961177395578554
4,1114,21.23268619395502,21.23268619395502,2.282765219039472,2.282765219039472
4,1115,63.02991636346776,63.02991636346776,15.014504195679049,15.014504195679049
4,1116,62.6001716622894,51.516009510920995,12.597488696492352,9.953075644264745
4,1117,34.193849083331884,17.34009921955703,1.717908077818403,1.044756231297674
4,1118,27.31636079024372,27.31636079024372,2.47644237049003,2.47644237049003
4,1119,14.79258076194294,13.34380109606691,0.3810340816877017,0.29784968630563424
4,1120,107.42414152457503,96.14366430477705,2.213442805246516,1.8999599132630016
4,1121,16.529505155244024,16.529505155244024,0.18764025410315044,0.18764025410315044
4,1122,31.729769023046273,31.729769023046273,4.745099525058508,4.745099525058508
4,1123,14.072215624653335,8.879235263763867,4.142246969381572,2.6879874752155097
4,1124,27.01687619412858,27.01687619412858,1.4105678581390504,1.4105678581390504
4,1125,57.789270091329,34.158083506857444,0.5670661844017445,0.33863565380025806
4,1126,18.53655897166378,18.53655897166378,0.6497118278933909,0.6497118278933909
4,1127,17.169896258987947,17.169896258987947,1.2860710634714376,1.2860710634714376
4,1128,16.661212649792738,16.661212649792738,0.4813952127609248,0.4813952127609248
4,1129,70.97128627727656,70.97128627727656,0.5198810309012772,0.5198810309012772
4,1130,4.0521105263803125,4.0521105263803125,14.140484091844028,14.140484091844028
4,1131,39.19805271825428,39.19805271825428,1.0708404040360147,1.0708404040360147
4,1132,31.45052743339919,31.45052743339919,0.19453629093751135,0.19453629093751135
4,1133,5.736575522395633,5.736575522395633,0.9277030995585605,0.9277030995585605
4,1134,3.019826500776359,2.99957299614748,15.906904599565554,15.807476177353434
4,1135,12.62364644768458,10.081565908143904,0.9047093132411851,0.6931583224433048
4,1136,30.595381316209465,30.595381316209465,0.9329216334299456,0.9329216334299456
4,1137,0.25536192412548786,0.25536192412548786,1.5395121037128203,1.5395121037128203
4,1138,34.55000007918111,34.55000007918111,1.619727326662519,1.619727326662519
4,1139,84.45752761462921,84.45752761462921,0.9756055679603673,0.9756055679603673
4,1140,45.572566745819515,40.78262864132188,2.8606910908358105,2.413243607370193
4,1141,24.95048880438508,24.95048880438508,0.45127951043297687,0.45127951043297687
4,1142,5.582794326387752,5.582794326387752,0.7412907563061353,0.7412907563061353
4,1143,26.15120831081939,26.15120831081939,0.9821655657947166,0.9821655657947166
4,1144,5.346103617673572,5.346103617673572,1.8948144638865947,1.8948144638865947
4,1145,126.13301488636245,126.13301488636245,0.5584035472126984,0.5584035472126984
4,1146,19.70546395713191,12.963733614393197,0.3929952566131042,0.2931914176591618
4,1147,64.61912494702167,64.61912494702167,0.6402980992107834,0.6402980992107834
4,1148,31.85626925349691,31.85626925349691,0.3206344204363397,0.3206344204363397
4,1149,31.633951580914367,17.551446274591996,6.746205366906312,3.776309627102596
4,1150,34.49657525061574,34.49657525061574,2.120109711502275,2.120109711502275
4,1151,41.00571835435157,29.225654448358135,0.8309423545102235,0.6763004236624293
4,1152,14.387119854017243,14.387119854017243,2.054817031267815,2.054817031267815
4,1153,141.23154264755797,141.23154264755797,1.3009809412965099,1.3009809412965099
4,1154,23.506607942595412,23.506607942595412,0.6645023301280589,0.6645023301280589
4,1155,4.709493598415637,4.709493598415637,0.692171286719703,0.692171286719703
4,1156,4.959293526562307,4.959293526562307,19.43506731835511,19.43506731835511
4,1157,6.970683949065375,6.970683949065375,0.9393531673564781,0.9393531673564781
4,1158,118.6388110172813,118.6388110172813,0.19989553839959484,0.19989553839959484
4,1159,5.867030176241617,5.867030176241617,2.7694201834174477,2.7694201834174477
4,1160,33.719902460299615,33.719902460299615,4.11054424681295,4.11054424681295
4,1161,36.51019750326469,36.51019750326469,0.3982008619438352,0.3982008619438352
4,1162,32.39355932202833,29.977516599249633,1.1909511235236225,1.0059773363621098
4,1163,30.332982019489737,30.332982019489737,0.3245355023781925,0.3245355023781925
4,1164,27.72173805668443,15.618532004742105,11.080507290042451,6.300125526699725
4,1165,4.860682184718046,4.714606846860643,0.576268281792017,0.5438846893972065
4,1166,128.98373580891106,128.98373580891106,1.8133574685104699,1.8133574685104699
4,1167,64.54791127629998,64.54791127629998,2.5661086183877977,2.5661086183877977
4,1168,6.345032881075792,6.345032881075792,1.1531864894593016,1.1531864894593016
4,1169,63.32561132042801,63.32561132042801,0.901063047675486,0.901063047675486
4,1170,23.469134783268615,23.469134783268615,2.284185733697609,2.284185733697609
4,1171,14.342465413511198,14.342465413511198,0.6240291035838492,0.6240291035838492
4,1172,51.566502036392066,51.566502036392066,2.8606459064412255,2.8606459064412255
4,1173,21.535562378335,18.39642503577175,1.7359846243038117,1.2927223796329852
4,1174,118.31373932112692,80.59268304516118,2.6413399957978783,1.7562035153840605
4,1175,7.037548277764172,7.037548277764172,0.7591391637959817,0.7591391637959817
4,1176,30.142704634034214,30.142704634034214,18.24152674893522,18.24152674893522
4,1177,14.199705235825313,14.199705235825313,5.189031307555611,5.189031307555611
4,1178,113.58254103922282,113.58254103922282,0.3401730143628031,0.3401730143628031
4,1179,12.323724338402373,11.394999566609576,2.3528028549488287,2.0391087835377264
4,1180,23.490145821207868,23.490145821207868,1.2345217652573819,1.2345217652573819
4,1181,34.46489184266963,34.46489184266963,0.5179133208295091,0.5179133208295091
4,1182,55.01647892867965,55.01647892867965,0.6433836163468168,0.6433836163468168
4,1183,21.265057555488905,21.265057555488905,1.5175427790731033,1.5175427790731033
4,1184,11.643485353976033,11.643485353976033,1.8892179704073404,1.8892179704073404
4,1185,113.71767265748697,113.71767265748697,0.6313354920656084,0.6313354920656084
4,1186,147.67696718188344,147.67696718188344,17.060981824900722,17.060981824900722
4,1187,8.049039667429446,4.665026945984699,0.6980329161076678,0.39410987619771276
4,1188,35.983124989991765,35.983124989991765,1.22549317030819,1.22549317030819
4,1189,11.415589456593613,11.415589456593613,5.259252955608321,5.259252955608321
4,1190,16.920188198369765,16.920188198369765,13.165505743253386,13.165505743253386
4,1191,28.291022896861158,28.291022896861158,2.4698612890114346,2.4698612890114346
4,1192,30.174843591393675,30.174843591393675,0.8022805287730189,0.8022805287730189
4,1193,24.88566540102573,24.88566540102573,5.521342229702232,5.521342229702232
4,1194,14.34191269822023,13.312246277860208,1.3382283603644152,1.1334098586620054
4,1195,12.648059304948742,11.446428756207224,5.311142461861051,4.9958453467886415
4,1196,19.922124628628026,19.922124628628026,4.219868038739285,4.219868038739285
4,1197,15.719856054526225,15.719856054526225,2.5890311993314725,2.5890311993314725
4,1198,34.36142863276486,20.380362557600183,0.926104177105727,0.7683585751762116
4,1199,23.633703280541035,13.939865998786713,2.9083007845663897,2.4467475437778012
4,1200,18.36155252509588,18.36155252509588,5.513467104914469,5.513467104914469
4,1201,65.87099803138399,60.14665003800697,0.383014535725294,0.36432370286673654
4,1202,94.24913665420566,88.82699484122574,0.62538391026923,0.4877549958631867
4,1203,9.944805863464078,6.296362555993708,8.366879888805318,6.617085843176104
4,1204,30.790379404012995,30.790379404012995,1.0745481564381911,1.0745481564381911
4,1205,124.9255679394297,124.9255679394297,1.0639266328768373,1.0639266328768373
4,1206,28.072661114450113,28.072661114450113,10.79523481681438,10.79523481681438
4,1207,24.97407271810794,24.97407271810794,5.58801471949198,5.58801471949198
4,1208,115.87379361126438,115.87379361126438,1.424763523445176,1.424763523445176
4,1209,31.229941518661946,31.229941518661946,0.37933803685137046,0.37933803685137046
4,1210,9.873737963610093,9.873737963610093,11.249874064409752,11.249874064409752
4,1211,101.1228617685563,101.1228617685563,1.3567491903587805,1.3567491903587805
4,1212,24.60797904872926,24.60797904872926,3.710402111728885,3.710402111728885
4,1213,37.158248376038664,37.158248376038664,1.1078676811235053,1.1078676811235053
4,1214,63.31130466482314,41.42626510151531,0.7780642108720024,0.558745294806118
4,1215,103.03767312863002,103.03767312863002,6.852294495492991,6.852294495492991
4,1216,8.142705537998568,7.139380348026837,2.192162539055266,1.7941179691411586
4,1217,18.80900623369665,18.80900623369665,0.7804096944111569,0.7804096944111569
4,1218,11.910118867861351,11.910118867861351,2.823795914771937,2.823795914771937
4,1219,48.444626880185524,48.444626880185524,2.08488517565143,2.08488517565143
4,1220,22.865001169948545,22.865001169948545,2.1100295007633023,2.1100295007633023
4,1221,115.58671299014821,115.58671299014821,0.506359313828621,0.506359313828621
4,1222,37.97764053927633,37.253353605794736,0.545955135385744,0.5153800675653193
4,1223,22.055692853799606,22.055692853799606,4.759574220491118,4.759574220491118
4,1224,12.697154941976969,12.697154941976969,1.5352629277462424,1.5352629277462424
4,1225,39.29527962321738,39.29527962321738,2.6135151647272936,2.6135151647272936
4,1226,42.67017533342928,42.67017533342928,1.0809217395457387,1.0809217395457387
4,1227,20.55142731402167,20.55142731402167,1.4996931362537884,1.4996931362537884
4,1228,10.616322670076297,10.616322670076297,5.026186086285122,5.026186086285122
4,1229,14.746615385235916,5.663767849563898,1.427395832727846,0.578938934202658
4,1230,14.953876953957211,14.953876953957211,0.4325603761147573,0.4325603761147573
4,1231,55.68799784532835,36.380547686874564,2.5369653777528995,1.8664569169496892
4,1232,20.278836374173768,20.278836374173768,11.23214205848323,11.23214205848323
4,1233,4.551659204948493,4.551659204948493,0.43206822169832193,0.43206822169832193
4,1234,16.595720887586104,15.232432281201818,9.525116385700262,8.094303629476444
4,1235,12.244983122362656,12.244983122362656,3.6345010580871313,3.6345010580871313
4,1236,16.083622717867883,8.566152505546237,2.17698969959382,1.1090723380948178
4,1237,32.09830254691979,32.09830254691979,1.3430687188984654,1.3430687188984654
4,1238,60.97401108488916,60.97401108488916,0.5833687196512004,0.5833687196512004
4,1239,9.58256662060742,9.58256662060742,4.330324392818178,4.330324392818178
4,1240,15.737891857148751,15.737891857148751,2.8977388105650217,2.8977388105650217
4,1241,16.43379028295128,16.43379028295128,0.8479585391531159,0.8479585391531159
4,1242,17.825972413302328,17.825972413302328,0.07625261246397907,0.07625261246397907
4,1243,24.564856350902446,22.103813935210063,3.064233008361938,2.471187716128479
4,1244,124.30373798728941,65.81409928044984,0.19251825839831738,0.11449397073853063
4,1245,33.99320431898911,33.99320431898911,1.364668633518351,1.364668633518351
4,1246,87.32924763570028,87.32924763570028,8.999760458257013,8.999760458257013
4,1247,15.376480733812103,15.376480733812103,1.9957033093370096,1.9957033093370096
4,1248,20.038571577159505,20.038571577159505,2.04277360435108,2.04277360435108
4,1249,87.43993788023835,87.43993788023835,0.9543200444490112,0.9543200444490112
4,1250,15.099984295451542,15.099984295451542,2.239568974914139,2.239568974914139
4,1251,21.0698056960695,19.32829722476241,19.01261486017627,15.198597714486121
4,1252,6.806419132787989,6.806419132787989,4.832220888672191,4.832220888672191
4,1253,17.916170297153574,17.6052571404708,1.0607307378144057,1.004875135137383
4,1254,29.70547256459826,29.70547256459826,0.7561029881021535,0.7561029881021535
4,1255,26.157688958264863,26.157688958264863,1.2986580038829534,1.2986580038829534
4,1256,12.531671857489158,12.531671857489158,1.24373119539294,1.24373119539294
4,1257,2.745450906790854,2.745450906790854,1.1104523725044873,1.1104523725044873
4,1258,70.61111952111102,46.48523377642303,1.0739044152177224,0.6552137724680431
4,1259,54.87386726472701,54.87386726472701,0.5255694158760865,0.5255694158760865
4,1260,22.952641481220265,22.952641481220265,0.37094833467742594,0.37094833467742594
4,1261,23.695309097544502,23.31957906815701,0.9167062760487945,0.879479175199993
4,1262,24.866742060198245,24.866742060198245,2.558180830169589,2.558180830169589
4,1263,64.42387737230322,63.22860866214525,2.1666041806308067,2.06330987493756
4,1264,9.497245116623022,9.39258796305576,2.530515825003121,2.4376369381109773
4,1265,82.67855432835682,82.67855432835682,0.8792982709076825,0.8792982709076825
4,1266,35.84632463112229,33.91059957193295,0.4765590513311909,0.4100877054807025
4,1267,20.284630114384697,20.284630114384697,8.411663941502882,8.411663941502882
4,1268,27.934594893859284,27.934594893859284,1.5685445274407073,1.5685445274407073
4,1269,22.738917529498792,22.738917529498792,0.3193120275978768,0.3193120275978768
4,1270,24.836555983260283,24.836555983260283,1.1928893531386016,1.1928893531386016
4,1271,9.93216924050339,9.93216924050339,3.83378680547564,3.83378680547564
4,1272,39.1148597976681,39.1148597976681,1.1247983061806814,1.1247983061806814
4,1273,64.16511442752649,33.94099174284045,0.9744096569986644,0.5817873069042097
4,1274,48.25783456481053,34.62450215863085,3.4987719796014067,2.628640584555749
4,1275,25.369061415120207,24.90774711121921,0.5490571088286825,0.5312380534821759
4,1276,15.635964910640233,15.635964910640233,15.252635954824843,15.252635954824843
4,1277,13.361982345744922,13.361982345744922,0.3916460445072404,0.3916460445072404
4,1278,35.22727112246934,30.06711359655459,0.9272148568135451,0.7519909317931495
4,1279,69.99877486537653,69.99877486537653,0.7756896890866943,0.7756896890866943
4,1280,24.291754150482042,22.430862013618878,0.9183000172638693,0.7466133161415338
4,1281,22.423898524786395,20.402827960445236,16.995781440610667,14.295931968802918
4,1282,50.3543857404889,50.3543857404889,1.1701224432040593,1.1701224432040593
4,1283,31.2381635261354,31.2381635261354,4.709152048294866,4.709152048294866
4,1284,29.78358530871724,29.78358530871724,0.7214124567561928,0.7214124567561928
4,1285,58.29612231764603,38.91264240828478,0.7525443940485046,0.5703493897453061
4,1286,28.387037131696417,28.387037131696417,0.16636377619145126,0.16636377619145126
4,1287,25.713883835400114,25.713883835400114,4.748173147065295,4.748173147065295
4,1288,31.702191719844514,31.702191719844514,1.1459402256589741,1.1459402256589741
4,1289,5.557743830284467,5.557743830284467,2.887580013448248,2.887580013448248
4,1290,10.198398928028094,10.198398928028094,1.1210779892003546,1.1210779892003546
4,1291,31.272658531349833,31.272658531349833,0.8459379467342528,0.8459379467342528
4,1292,12.948708326084818,12.948708326084818,2.9313854090164746,2.9313854090164746
4,1293,22.689207659246545,22.689207659246545,16.351320575425596,16.351320575425596
4,1294,21.451648695499244,21.451648695499244,1.1421218146640415,1.1421218146640415
4,1295,56.92607882444304,40.021285495481436,0.38821831909933857,0.31504376481177265
4,1296,31.663103003711353,29.287497610899763,0.5783666796314074,0.48596263775399257
4,1297,17.03806274269794,17.03806274269794,0.010476218757537903,0.010476218757537903
4,1298,0.7521242865724265,0.7521242865724265,1.1196316095010377,1.1196316095010377
4,1299,26.51015512438106,26.51015512438106,1.317243943835051,1.317243943835051
4,1300,36.33857287900267,36.33857287900267,0.17104190074786052,0.17104190074786052
4,1301,55.210930455235356,55.210930455235356,0.4392346798969785,0.4392346798969785
4,1302,26.00137180181823,26.00137180181823,1.0234307770936735,1.0234307770936735
4,1303,45.79267966391208,45.79267966391208,1.0861157448827503,1.0861157448827503
4,1304,29.794969627781537,29.794969627781537,0.6721867285245116,0.6721867285245116
4,1305,65.63343168846556,65.63343168846556,5.426276303012775,5.426276303012775
4,1306,13.682087671730946,13.682087671730946,0.4999127952376662,0.4999127952376662
4,1307,4.174313353403107,4.174313353403107,1.1947869405454217,1.1947869405454217
4,1308,29.20166843194946,29.20166843194946,0.8589972059230985,0.8589972059230985
4,1309,12.881171868783408,12.881171868783408,2.9302222217044,2.9302222217044
4,1310,15.057466365208967,13.333060862009734,15.809379672058553,13.173780555782827
4,1311,57.87662303040578,57.87662303040578,0.6781027452464085,0.6781027452464085
4,1312,7.2601174362372145,7.2601174362372145,0.4336078703301375,0.4336078703301375
4,1313,10.049545458511268,10.049545458511268,0.7545501245286759,0.7545501245286759
4,1314,8.95324447554957,8.95324447554957,0.3235160235958311,0.3235160235958311
4,1315,26.418695221555943,26.418695221555943,0.8730477544316426,0.8730477544316426
4,1316,22.850903209749553,22.850903209749553,2.4308761313646716,2.4308761313646716
4,1317,26.64684603977677,26.64684603977677,0.3211069244569539,0.3211069244569539
4,1318,13.52393803035875,13.52393803035875,1.86685407571045,1.86685407571045
4,1319,2.4906332161689893,1.5455352553441333,9.427636196927736,6.576864135160985
4,1320,22.664010638127937,22.664010638127937,0.634196268345693,0.634196268345693
4,1321,15.240160223692651,10.679980813547083,1.14780014468343,1.025745713040292
4,1322,24.711621912310537,24.711621912310537,1.8321547951254071,1.8321547951254071
4,1323,36.0376637039871,36.0376637039871,0.6046644789492743,0.6046644789492743
4,1324,13.061682092878797,12.111576662243134,0.10859040995066771,0.0899351707502955
4,1325,15.531599952836466,15.531599952836466,0.13118704184448327,0.13118704184448327
4,1326,13.174222815403523,13.174222815403523,0.08352465409033738,0.08352465409033738
4,1327,24.042070818310272,24.042070818310272,1.7046126746574872,1.7046126746574872
4,1328,45.549199647493694,45.549199647493694,0.013018226766149277,0.013018226766149277
4,1329,102.75037659617973,102.75037659617973,0.6594428718855092,0.6594428718855092
4,1330,10.983571790534057,10.983571790534057,5.283723451385324,5.283723451385324
4,1331,16.526585430776585,10.329019663825987,0.9961666526316553,0.7442244803396209
4,1332,22.806809770984366,22.806809770984366,0.28824092190159323,0.28824092190159323
4,1333,29.582856830299747,29.582856830299747,0.6353628786395681,0.6353628786395681
4,1334,29.60337434928461,29.60337434928461,0.39323943539599593,0.39323943539599593
4,1335,15.12915693338896,15.12915693338896,5.587417371403911,5.587417371403911
4,1336,11.568356132499336,11.568356132499336,5.494508958623287,5.494508958623287
4,1337,12.161729754679472,12.161729754679472,1.1459303518421855,1.1459303518421855
4,1338,13.251236907113974,10.59299872472249,0.4354441915663455,0.34168153800164125
4,1339,36.95896539013525,36.95896539013525,10.50141661212868,10.50141661212868
4,1340,17.215511024002414,17.215511024002414,4.900867492403279,4.900867492403279
4,1341,0.4938891225855002,0.32952774657479633,1.0314202758012212,0.8892897676454303
4,1342,39.272754927152185,39.272754927152185,0.0805682811272328,0.0805682811272328
4,1343,60.99989225447867,60.99989225447867,18.692436907310768,18.692436907310768
4,1344,51.34207251811176,51.34207251811176,0.42689290125291535,0.42689290125291535
4,1345,3.8587544768679027,3.4597040036348723,0.2939242035836589,0.23815603608416105
4,1346,40.207921613632564,27.611259241067046,17.211873255431325,13.700226873630646
4,1347,0.633720481498834,0.633720481498834,4.733708099086311,4.733708099086311
4,1348,6.167999488228526,6.167999488228526,1.167440998968611,1.167440998968611
4,1349,69.28364140993087,26.23804244423166,1.4587849416482421,0.6845251047418501
4,1350,29.07555080782295,29.07555080782295,3.2309150649320713,3.2309150649320713
4,1351,34.05365374192344,34.05365374192344,0.7626951309716121,0.7626951309716121
4,1352,57.17619756624953,57.17619756624953,4.020579185721699,4.020579185721699
4,1353,30.500657669266175,30.500657669266175,0.47340472773055475,0.47340472773055475
4,1354,42.12753271969457,38.94188800767708,4.927983842917073,3.783778821855786
4,1355,25.49375186036116,25.49375186036116,1.3597000813076894,1.3597000813076894
4,1356,7.248389298955926,7.248389298955926,3.5350328188099995,3.5350328188099995
4,1357,9.709789820023563,9.709789820023563,0.1547483886735267,0.1547483886735267
4,1358,21.06177593291841,21.06177593291841,1.0715635617283008,1.0715635617283008
4,1359,28.696260871672997,23.13411697094444,0.2482774975595906,0.22014827716594668
4,1360,9.373597805764067,9.373597805764067,0.4681253420222308,0.4681253420222308
4,1361,1.2742353756932179,1.2742353756932179,1.679846995192134,1.679846995192134
4,1362,17.850651182283922,17.850651182283922,0.5885999413903135,0.5885999413903135
4,1363,39.16530108690276,39.16530108690276,1.4202936945199556,1.4202936945199556
4,1364,36.890386573696134,36.890386573696134,0.6559475308881114,0.6559475308881114
4,1365,24.3693366099567,21.575238785984336,0.7493383172753157,0.5869880806731425
4,1366,3.186778113765447,3.186778113765447,1.250642164229749,1.250642164229749
4,1367,0.3968773924731739,0.3968773924731739,1.956648738912119,1.956648738912119
4,1368,64.91942587173263,63.1834919294293,1.1476328435696732,1.092196412613007
4,1369,118.91772271481553,109.0066529492315,0.9686812712306165,0.7996768632459909
4,1370,21.790053698940834,21.790053698940834,5.174165109331884,5.174165109331884
4,1371,28.363577240248045,28.363577240248045,7.835365157112481,7.835365157112481
4,1372,24.956761216669836,24.956761216669836,0.8100688815517911,0.8100688815517911
4,1373,33.522880000190156,33.522880000190156,3.9329506280190536,3.9329506280190536
4,1374,55.1519936424521,55.1519936424521,0.7092810202964408,0.7092810202964408
4,1375,82.37039816608645,82.37039816608645,10.483938759818386,10.483938759818386
4,1376,52.79092117392955,52.79092117392955,13.115298517881495,13.115298517881495
4,1377,22.569310597098045,17.74667955249397,1.3428310891866428,1.026294980974095
4,1378,38.57708367224397,38.57708367224397,0.5716428382010285,0.5716428382010285
4,1379,38.794017010554924,38.794017010554924,0.252701922511709,0.252701922511709
4,1380,4.278012397762989,2.70274838036212,0.012536962865360102,0.00969326638976225
4,1381,140.45276883759328,127.36515827481809,0.9462274396592465,0.7631998552002739
4,1382,27.137026280050762,27.137026280050762,1.2976863970777748,1.2976863970777748
4,1383,69.48985907129955,69.48985907129955,16.395302043175718,16.395302043175718
4,1384,3.429690894099915,3.429690894099915,0.888458920369225,0.888458920369225
4,1385,66.12729728917935,66.12729728917935,4.32703943412408,4.32703943412408
4,1386,25.534092172114175,25.09716381123545,0.6711878310023324,0.6368218478424229
4,1387,13.679516184430625,8.643454609228293,4.882669777542742,3.820973991337568
4,1388,62.84553084189618,62.84553084189618,0.10050540376005435,0.10050540376005435
4,1389,102.7698668531884,90.19711570853083,5.193630117503833,4.123071792406359
4,1390,14.715817883937504,7.709762663593423,0.6685173155786133,0.5214405010646943
4,1391,9.0045666418371,9.0045666418371,2.0204055977490127,2.0204055977490127
4,1392,12.368334753624115,7.796749724168518,2.2264762729749714,1.4354345915944648
4,1393,13.851462018316415,13.851462018316415,0.8161664432200576,0.8161664432200576
4,1394,24.884464072458677,24.884464072458677,2.475363093614676,2.475363093614676
4,1395,16.673324019816874,16.673324019816874,0.6047282155249966,0.6047282155249966
4,1396,19.90852912697172,19.90852912697172,2.8186891889196115,2.8186891889196115
4,1397,15.473806696777977,15.473806696777977,12.480633551954725,12.480633551954725
4,1398,49.85033335612877,49.85033335612877,0.3038397208889828,0.3038397208889828
4,1399,66.71296636930373,66.71296636930373,0.460296962420201,0.460296962420201
4,1400,54.353055992849725,54.353055992849725,17.493476806678636,17.493476806678636
4,1401,28.905494484236268,25.845292472682893,2.529100433793042,2.2453835783028047
4,1402,135.5516677505557,91.53397421022362,1.2763307173368759,0.9198010665205223
4,1403,69.39289003098797,69.39289003098797,0.24549127108128543,0.24549127108128543
4,1404,21.91698595082693,21.91698595082693,2.841129934486114,2.841129934486114
4,1405,24.59481734340843,24.59481734340843,5.685340966949192,5.685340966949192
4,1406,15.417567824914462,9.981046451969736,0.9542898591961122,0.6560813134294659
4,1407,28.85530137896149,28.85530137896149,2.6604479595735135,2.6604479595735135
4,1408,25.6248199875454,25.6248199875454,0.8632858206005812,0.8632858206005812
4,1409,54.38611726523005,48.25128897206366,0.6694363681556521,0.5732874850217515
4,1410,38.54120522954781,26.112399990274128,1.126999606067842,0.9101254062727162
4,1411,23.79798990369737,23.79798990369737,0.1591047400998431,0.1591047400998431
4,1412,2.805152718733517,2.805152718733517,2.187915597436121,2.187915597436121
4,1413,96.79974777114964,96.79974777114964,3.205621312280946,3.205621312280946
4,1414,29.436224795312015,29.436224795312015,4.987561841504579,4.987561841504579
4,1415,8.940226351801766,8.940226351801766,1.5626644654318051,1.5626644654318051
4,1416,16.48911470695684,16.48911470695684,0.14831692089369986,0.14831692089369986
4,1417,5.36497236390141,5.36497236390141,0.49485515683969583,0.49485515683969583
4,1418,7.157293273324425,6.397542174867509,13.170299651588671,11.526206521185763
4,1419,66.96340886749809,66.96340886749809,2.4109168898068596,2.4109168898068596
4,1420,15.299500447352523,15.299500447352523,0.4615331908368069,0.4615331908368069
4,1421,8.44908863442225,4.5605205640112025,2.6617372374045347,1.4165004381982333
4,1422,37.393124859520924,37.393124859520924,1.094865427912331,1.094865427912331
4,1423,10.842095485397941,7.074110869960252,4.686344396054085,3.297289001305991
4,1424,9.474458317211194,3.6287743628789664,0.039848063220704666,0.02245797297260587
4,1425,28.474898993186216,24.322015265924197,0.8105212571958922,0.6307413844010442
4,1426,62.940853301717596,62.940853301717596,0.18237031010085503,0.18237031010085503
4,1427,23.052239744390327,23.052239744390327,0.10023035729806662,0.10023035729806662
4,1428,14.396805062716062,14.396805062716062,1.1961312060144886,1.1961312060144886
4,1429,99.78546109840288,99.78546109840288,1.9344124315557636,1.9344124315557636
4,1430,16.84960044129224,15.523029334448264,6.7398593131109426,5.766314900916548
4,1431,30.26251066560492,30.26251066560492,2.223524897846706,2.223524897846706
4,1432,15.136092075637206,15.136092075637206,0.47255806662321576,0.47255806662321576
4,1433,37.83396872566331,34.48333158089722,0.1173043417891746,0.11187009924509349
4,1434,28.823786500538468,28.823786500538468,0.4168986396856794,0.4168986396856794
4,1435,16.360647837184587,16.360647837184587,2.6581813012171036,2.6581813012171036
4,1436,70.25204902820609,70.25204902820609,4.728674573247989,4.728674573247989
4,1437,21.38372360125169,12.694702053688268,2.5508477922735437,2.0307120271252592
4,1438,17.512633979501402,17.512633979501402,0.5913256706247892,0.5913256706247892
4,1439,6.513397416006885,6.513397416006885,19.54563133061285,19.54563133061285
4,1440,10.136273454028693,10.136273454028693,1.2561745799546096,1.2561745799546096
4,1441,22.12356689881783,22.12356689881783,0.32189896206109625,0.32189896206109625
4,1442,65.09543861837008,65.09543861837008,1.5797346232020544,1.5797346232020544
4,1443,2.488571058790079,2.488571058790079,0.7999811541258595,0.7999811541258595
4,1444,17.992517083703863,11.006908779356872,2.8526594394895737,1.8835342347824606
4,1445,37.94164352685045,21.87709633196768,0.22458914090405147,0.18862166847336537
4,1446,17.08806943433515,17.08806943433515,12.150721750848469,12.150721750848469
4,1447,18.98378532408721,18.98378532408721,1.0037475988451638,1.0037475988451638
4,1448,57.06225774219152,52.94603053129484,9.343987585328279,7.555371105434082
4,1449,12.732012547794001,12.732012547794001,1.4346312089410151,1.4346312089410151
4,1450,25.74098599892322,23.97457870807017,3.9767692924090587,3.3116944202017176
4,1451,11.852439460181305,11.852439460181305,0.43356494954111946,0.43356494954111946
4,1452,49.44234098423111,45.45558731703286,2.3303498663077056,1.764475981717578
4,1453,13.877864459242453,13.877864459242453,2.793453577045235,2.793453577045235
4,1454,10.532340645591272,10.532340645591272,0.16153556364286215,0.16153556364286215
4,1455,27.2465739556158,27.2465739556158,9.845793789799417,9.845793789799417
4,1456,39.85315420267496,39.85315420267496,1.7711697473967096,1.7711697473967096
4,1457,3.0682678187769508,3.0682678187769508,1.1640046230408554,1.1640046230408554
4,1458,98.77185118575972,98.77185118575972,0.6981826156406321,0.6981826156406321
4,1459,60.249871295283036,51.286269952744235,3.405627460290401,2.6738765423151087
4,1460,27.144907019485316,27.144907019485316,5.472357966320322,5.472357966320322
4,1461,69.74193029941964,46.02727889750153,2.2271674436564073,1.6931408751927914
4,1462,35.9600631783687,35.9600631783687,5.549404107211497,5.549404107211497
4,1463,36.4663438638984,36.4663438638984,3.0169972391472117,3.0169972391472117
4,1464,28.989587819733895,28.989587819733895,1.3094380690477834,1.3094380690477834
4,1465,32.08150759962611,32.08150759962611,2.1554962398441333,2.1554962398441333
4,1466,21.818300244380474,15.444239984063337,7.5994380402087405,6.028757213810541
4,1467,34.45802678778557,34.45802678778557,0.092781738457413,0.092781738457413
4,1468,56.53274168106067,56.53274168106067,0.41250902024879654,0.41250902024879654
4,1469,36.321052460737675,36.321052460737675,0.44146468753125767,0.44146468753125767
4,1470,63.092422551477114,63.092422551477114,0.9060252305568561,0.9060252305568561
4,1471,82.2107957764019,48.91483303987138,5.349370640640979,3.8695987253673447
4,1472,101.69370382858824,101.69370382858824,0.47809409985519224,0.47809409985519224
4,1473,44.705283661333446,28.859079490209112,5.663896046571844,4.895470071675277
4,1474,60.19875931519881,60.19875931519881,2.210367848933844,2.210367848933844
4,1475,11.039714233161089,11.039714233161089,0.3322623642188959,0.3322623642188959
4,1476,9.452566301474352,9.452566301474352,8.57625231589065,8.57625231589065
4,1477,26.90837753496113,26.90837753496113,18.062608570245345,18.062608570245345
4,1478,29.247804255851413,29.247804255851413,0.7096639673436335,0.7096639673436335
4,1479,31.63470360924501,31.63470360924501,4.7943639061016565,4.7943639061016565
4,1480,5.764503215409826,4.147728772678494,1.5059425171322256,1.2173991321641429
4,1481,24.49850457231255,24.49850457231255,2.116037878421932,2.116037878421932
4,1482,17.60382771047453,17.60382771047453,2.388394614536627,2.388394614536627
4,1483,30.06530946213168,30.06530946213168,1.1683094534892169,1.1683094534892169
4,1484,47.66810336772436,27.618569821260284,1.8420077566266047,1.5422005354470218
4,1485,15.26694834593644,15.26694834593644,1.767370358878074,1.767370358878074
4,1486,50.57197820629268,50.57197820629268,3.470464515264142,3.470464515264142
4,1487,1.157915580827975,1.157915580827975,3.510662010151064,3.510662010151064
4,1488,14.080274687474745,14.080274687474745,4.923320987295011,4.923320987295011
4,1489,64.79452808559277,64.79452808559277,2.0817322006396,2.0817322006396
4,1490,67.01432471052212,65.09265138887446,0.4149336475429418,0.3948237106896053
4,1491,22.306798674310137,22.306798674310137,1.2071028051152184,1.2071028051152184
4,1492,9.364107941779777,9.364107941779777,0.5712130463137927,0.5712130463137927
4,1493,31.547929681367187,31.547929681367187,2.083360085148574,2.083360085148574
4,1494,61.85651871024501,61.85651871024501,1.548391099785609,1.548391099785609
4,1495,120.07712052317804,120.07712052317804,0.9096844476331145,0.9096844476331145
4,1496,38.18890769645144,38.18890769645144,1.9285852226657343,1.9285852226657343
4,1497,2.725753077339279,1.8410069392540507,0.018878651538226543,0.01241219325751387
4,1498,49.764920339284664,49.764920339284664,0.999402498269451,0.999402498269451
4,1499,26.80003725094565,26.80003725094565,1.3525257595600262,1.3525257595600262
4,1500,124.76187513273754,124.76187513273754,2.043823665657497,2.043823665657497
4,1501,35.190694436922215,35.190694436922215,1.0839349162983276,1.0839349162983276
4,1502,34.247430862655335,34.247430862655335,0.3137241265234164,0.3137241265234164
4,1503,49.487262057263955,44.40676699848594,0.20377056973924013,0.16377338318116325
4,1504,41.86360566391996,41.86360566391996,0.1363156183887736,0.1363156183887736
4,1505,28.463451722060395,16.44758515878192,3.3620846564010427,2.027415176296191
4,1506,10.300949367443156,7.840249369973275,0.12399956188641026,0.08984200609139309
4,1507,66.49680086526618,45.17539354630539,0.3601282599947876,0.2768822422159501
4,1508,57.46733714049617,57.46733714049617,1.0621546537871147,1.0621546537871147
4,1509,3.74640221923495,3.74640221923495,2.0479719412958683,2.0479719412958683
4,1510,13.211821749540587,11.83778864458869,10.732607158406138,9.831623206092594
4,1511,16.620566556377007,15.05370507078193,0.02678723457063814,0.021049388961909363
4,1512,11.668903603660157,11.668903603660157,1.2426431047877085,1.2426431047877085
4,1513,38.81951990056819,38.81951990056819,0.20453435565336198,0.20453435565336198
4,1514,17.43554836663172,10.470787424381381,2.0858047420835004,1.6188595305225433
4,1515,21.96941225603726,21.437784630024193,0.833886221728807,0.7892241356976573
4,1516,9.891468808232432,9.891468808232432,3.2374052788906544,3.2374052788906544
4,1517,17.341198284816773,17.341198284816773,5.405064788699717,5.405064788699717
4,1518,30.768283061462206,30.768283061462206,0.31914990131026,0.31914990131026
4,1519,22.257276495744392,22.257276495744392,0.7088682338620033,0.7088682338620033
4,1520,22.841941725078346,13.230765967180242,4.959984549453943,3.4391745447914284
4,1521,135.3660735697116,135.3660735697116,0.3039162149011875,0.3039162149011875
4,1522,20.304813015720438,19.881246193928387,1.8239238840172207,1.7141453697434277
4,1523,27.161151425142908,26.724810643455836,1.1982169887629457,1.1358525454597392
4,1524,8.982857929815392,8.982857929815392,2.9287632087366346,2.9287632087366346
4,1525,120.0038060197781,120.0038060197781,1.475411005500364,1.475411005500364
4,1526,16.80421208835532,16.325474067295694,2.277433836612017,2.175592794231354
4,1527,21.585063031120168,21.585063031120168,0.5460384824681582,0.5460384824681582
4,1528,1.9033915696426895,1.2622043515652526,9.386581640732913,7.561228880511619
4,1529,145.86053833206734,145.86053833206734,8.614719834892911,8.614719834892911
4,1530,9.390386704497008,9.390386704497008,0.000795695280346842,0.000795695280346842
4,1531,35.25851647910774,32.85401063890889,1.0273305600444549,0.8901639183043583
4,1532,68.04453558858455,68.04453558858455,17.271358635783468,17.271358635783468
4,1533,29.216199960143996,29.216199960143996,5.284725683247013,5.284725683247013
4,1534,4.60176963866858,4.60176963866858,0.8047246760418307,0.8047246760418307
4,1535,63.198239429141516,63.198239429141516,4.6781285975733935,4.6781285975733935
4,1536,14.75088631063084,14.020800773379163,2.2898276190251816,1.7334756085187921
4,1537,19.403331167533665,19.0789499468641,0.7873629010670687,0.7661764011809302
4,1538,37.36692225775089,37.36692225775089,12.231978951479244,12.231978951479244
4,1539,29.566763578479204,29.566763578479204,0.8644503814576328,0.8644503814576328
4,1540,11.802150445319844,11.802150445319844,6.196262520606636,6.196262520606636
4,1541,135.1793994568717,135.1793994568717,5.218635782434452,5.218635782434452
4,1542,18.82846287899746,18.82846287899746,0.6450479025994476,0.6450479025994476
4,1543,18.947456230101064,18.947456230101064,0.0011274849364729667,0.0011274849364729667
4,1544,20.391740654153857,13.153610130480832,1.5694752995064996,1.063733883914217
4,1545,46.72432500204292,46.72432500204292,1.0646836535516084,1.0646836535516084
4,1546,38.53110309329519,38.53110309329519,0.10037336559767296,0.10037336559767296
4,1547,39.49737028313592,39.49737028313592,0.6852000735551458,0.6852000735551458
4,1548,36.64852933294544,21.66839670238186,1.909161216195749,1.1278124148069737
4,1549,20.591545361943936,19.288312677235727,0.37940839579716046,0.288668030280626
4,1550,32.82539275277955,32.82539275277955,3.992849921613459,3.992849921613459
4,1551,34.052858541379074,34.052858541379074,0.9782120805030485,0.9782120805030485
4,1552,12.125378422563275,11.488878695294003,2.242440816785212,1.862526946118803
4,1553,11.901036549281613,8.320103609828022,16.768425169342976,11.890834488450208
4,1554,14.722525312616668,14.722525312616668,0.9284109154890153,0.9284109154890153
4,1555,15.752165719231662,15.752165719231662,2.6509974441659407,2.6509974441659407
4,1556,75.40078995211167,51.052775587922056,0.23560310532754714,0.1703085921941904
4,1557,8.377716408123076,8.377716408123076,0.481653551091047,0.481653551091047
4,1558,32.2968689538837,32.2968689538837,0.7716607312980063,0.7716607312980063
4,1559,34.48458492668203,30.727209905429657,2.060442140542288,1.608421497215999
4,1560,22.618305146054087,14.816926174347973,2.6965534830521407,1.8854019945076996
4,1561,3.4914620384676898,3.4914620384676898,3.679363025796258,3.679363025796258
4,1562,112.70683684881665,112.70683684881665,1.7443122022833508,1.7443122022833508
4,1563,11.517508601613594,10.434219633457857,2.9377617060162615,2.3555669256375698
4,1564,54.87584744276566,54.87584744276566,0.32009348758428857,0.32009348758428857
4,1565,3.5688131990738103,3.2349824002575644,2.032622506258568,1.5552514087949219
4,1566,33.1616306118804,33.1616306118804,0.5811665859289937,0.5811665859289937
4,1567,4.159206151059971,4.159206151059971,0.15564460953897064,0.15564460953897064
4,1568,7.902616044499702,7.902616044499702,0.9676645302781064,0.9676645302781064
4,1569,24.068285183584113,21.771891822098787,1.0499727387756181,0.8632560140033654
4,1570,23.6438355724294,23.6438355724294,3.726131101542704,3.726131101542704
4,1571,10.093905448121832,10.093905448121832,0.408026087515842,0.408026087515842
4,1572,8.699321752867618,8.699321752867618,5.813258538540939,5.813258538540939
4,1573,38.386622576944774,20.962572074243756,3.3621072558378002,2.568183121026775
4,1574,24.906183684995945,16.520830070976874,4.308641229961267,3.3436761404123705
4,1575,35.4272928294231,35.4272928294231,0.5726434070507932,0.5726434070507932
4,1576,1.437814824959709,1.437814824959709,0.44928221795493417,0.44928221795493417
4,1577,69.20622500487784,69.20622500487784,7.348666592792343,7.348666592792343
4,1578,30.283995234160237,30.283995234160237,2.4853927214397595,2.4853927214397595
4,1579,15.845625613257948,15.845625613257948,1.1976468365770736,1.1976468365770736
4,1580,23.979520563784753,23.979520563784753,4.866979736499745,4.866979736499745
4,1581,8.405524844025228,8.405524844025228,7.371802631867279,7.371802631867279
4,1582,31.63720447228455,31.63720447228455,16.443509633916797,16.443509633916797
4,1583,11.695503912315804,11.695503912315804,0.47278020408019905,0.47278020408019905
4,1584,1.4365387706425725,1.4365387706425725,0.8231033058553449,0.8231033058553449
4,1585,20.60660779954499,20.60660779954499,0.9150929970886601,0.9150929970886601
4,1586,35.12253223817938,35.12253223817938,1.5888675666225132,1.5888675666225132
4,1587,63.515962253023545,63.515962253023545,2.272856084970937,2.272856084970937
4,1588,16.25701813413988,16.25701813413988,0.9179772681092107,0.9179772681092107
4,1589,102.80845434654466,102.80845434654466,1.1388670064117816,1.1388670064117816
4,1590,12.3952523662031,12.3952523662031,0.06960321970880956,0.06960321970880956
4,1591,136.53750422585702,136.53750422585702,2.72743444801033,2.72743444801033
4,1592,35.78839920775772,35.78839920775772,1.1387885847575787,1.1387885847575787
4,1593,38.65344071144183,22.173852835867898,0.6316695607993329,0.3971702976983751
4,1594,34.29366228792164,34.29366228792164,0.3169345436014209,0.3169345436014209
4,1595,12.275052611667338,8.815995792282223,1.9894285949748824,1.442850891112403
4,1596,45.0812120959735,45.0812120959735,0.8220890458745937,0.8220890458745937
4,1597,38.70199566565306,38.70199566565306,1.221879052875258,1.221879052875258
4,1598,99.38344211847453,91.78301875342757,16.61651984647318,13.693250345535441
4,1599,34.56936003329524,34.56936003329524,0.9324324186900848,0.9324324186900848
4,1600,2.345127847508941,2.345127847508941,5.374634407104859,5.374634407104859
4,1601,22.0797142538558,22.0797142538558,0.8626894184432048,0.8626894184432048
4,1602,10.985463634793012,10.985463634793012,0.3383642390182692,0.3383642390182692
4,1603,9.46963163480945,9.46963163480945,1.1228036758559448,1.1228036758559448
4,1604,12.219276236796548,12.219276236796548,1.7236075117963094,1.7236075117963094
4,1605,18.102620444684803,18.102620444684803,3.9099690645468668,3.9099690645468668
4,1606,36.003182682497744,33.01735607299956,1.5583843347707396,1.459088885678335
4,1607,35.73615571279798,35.73615571279798,6.769198680072356,6.769198680072356
4,1608,78.88967578355881,78.88967578355881,14.533910165643457,14.533910165643457
4,1609,18.40835448904889,18.40835448904889,4.608674233162191,4.608674233162191
4,1610,77.23386469558012,77.23386469558012,1.0323639651167422,1.0323639651167422
4,1611,19.507388805320538,19.507388805320538,1.3341337685533954,1.3341337685533954
4,1612,144.12157926530506,144.12157926530506,0.21825642186485017,0.21825642186485017
4,1613,138.89878486413465,138.89878486413465,0.42861774293447386,0.42861774293447386
4,1614,13.521941514238657,13.521941514238657,0.12581878489545895,0.12581878489545895
4,1615,8.319126369258827,8.319126369258827,0.5013368336528959,0.5013368336528959
4,1616,43.69960610329934,42.53153362713106,1.7698757724454366,1.7088308900018254
4,1617,126.01423410144984,126.01423410144984,0.43042991316022705,0.43042991316022705
4,1618,24.74441438498493,24.74441438498493,2.1884810048712016,2.1884810048712016
4,1619,12.347910500897441,12.347910500897441,0.27912403502325855,0.27912403502325855
4,1620,39.91223526789749,26.943993978834573,0.6440528244753613,0.518282704674262
4,1621,9.068419205668375,8.915497439365458,3.5726426148347574,3.3629167195779672
4,1622,9.25314652732197,8.59337226274273,17.551470000161984,14.290696854436302
4,1623,60.594520688198884,60.594520688198884,0.2478593898024939,0.2478593898024939
4,1624,31.057681406733998,31.057681406733998,13.638885069218087,13.638885069218087
4,1625,28.661716093665706,26.466386147485238,3.044583619136387,2.912346895627091
4,1626,30.803792383187577,30.125667106719558,1.1628557801474995,1.1144813799678985
4,1627,37.57865310096872,34.117387732054716,1.1187560934054783,0.8870261075697397
4,1628,33.77229002610231,31.304456441548197,1.1931835307246597,0.9411989997094039
4,1629,10.565514818195641,6.889413021880444,1.10832397198903,0.7952653769222312
4,1630,15.488697140132874,15.488697140132874,2.095804459730598,2.095804459730598
4,1631,24.376831100858723,22.911272896413823,2.046680122509139,1.7391054584694756
4,1632,17.067457578132156,17.067457578132156,2.8061667650466733,2.8061667650466733
4,1633,56.66717829463977,51.574878581877755,1.653087281725864,1.5541087836235334
4,1634,114.99493566803494,79.54117776629911,0.6875111089502536,0.5599390766969334
4,1635,89.68492874635884,74.15493660170213,0.5222831647662544,0.40313504346408263
4,1636,15.810678099622884,15.810678099622884,2.600428093810691,2.600428093810691
4,1637,58.91718383540102,58.91718383540102,2.153439281469643,2.153439281469643
4,1638,2.4290771929257104,2.4290771929257104,0.8873536825352905,0.8873536825352905
4,1639,28.457890338604614,28.457890338604614,2.700683308135435,2.700683308135435
4,1640,64.3594993328676,62.868059840855885,0.6347564123870658,0.6060425210139572
4,1641,104.32295013090254,100.71757889066508,0.2855359429962532,0.27706968672042104
4,1642,86.80409202898528,57.32697736683021,1.0087027190705111,0.8119206403070108
4,1643,28.49179084470765,28.49179084470765,0.12540037991994868,0.12540037991994868
4,1644,19.244372835038895,12.98953616131746,4.699928008122824,3.200528230129961
4,1645,21.012484683069378,21.012484683069378,1.2740860581872369,1.2740860581872369
4,1646,13.756699140845114,13.756699140845114,14.438818121232687,14.438818121232687
4,1647,1.6627939456338314,1.6627939456338314,1.4486064363453017,1.4486064363453017
4,1648,137.7425366350428,137.7425366350428,2.081595901978912,2.081595901978912
4,1649,100.08118064072997,100.08118064072997,3.789814479810007,3.789814479810007
4,1650,49.89723685387671,49.89723685387671,1.8868385438630377,1.8868385438630377
4,1651,22.112201572074053,22.112201572074053,1.0387150329849142,1.0387150329849142
4,1652,35.3423415341874,21.787929881010854,0.45348306671509364,0.3159072412940417
4,1653,45.956932447704276,45.956932447704276,0.8157869706848068,0.8157869706848068
4,1654,9.774079565999685,9.171968014856665,2.294627744830213,1.8881417171981365
4,1655,20.15177508560832,20.15177508560832,2.486604241595076,2.486604241595076
4,1656,21.561371116148354,21.561371116148354,0.2274730914865578,0.2274730914865578
4,1657,43.08258873442255,43.08258873442255,0.031283858670530185,0.031283858670530185
4,1658,134.06840182618004,134.06840182618004,0.30892013445697397,0.30892013445697397
4,1659,28.327500823686822,26.023724678638615,2.0109566436537705,1.5909952193857642
4,1660,4.035556131670912,4.035556131670912,1.0821591950233018,1.0821591950233018
4,1661,6.100818637032557,6.100818637032557,2.4489214499881484,2.4489214499881484
4,1662,15.818449516010741,14.53890569051697,8.428880285843396,7.315837613454665
4,1663,127.85008742533293,115.80093493547345,1.2225909775567423,0.9200426789515588
4,1664,17.054924236463485,17.054924236463485,0.6444380968748371,0.6444380968748371
4,1665,8.033001513200858,5.100060862436028,12.821527335679729,9.270510822337645
4,1666,40.84511433376464,40.84511433376464,2.896689127275463,2.896689127275463
4,1667,26.936115085134247,26.936115085134247,5.406180459007329,5.406180459007329
4,1668,123.9938110752102,123.9938110752102,0.6680844957447681,0.6680844957447681
4,1669,8.400051563825944,5.207964262738438,2.126096572143329,1.6325282440485358
4,1670,42.87773811750605,42.87773811750605,0.9414112758143653,0.9414112758143653
4,1671,8.219770162828516,7.289880735742233,0.5491547000079803,0.5195962837942064
4,1672,11.990413628656285,11.990413628656285,1.5020664523692708,1.5020664523692708
4,1673,21.567476797056145,12.175689936196214,2.111872749452175,1.241796929515257
4,1674,16.18535609039413,16.18535609039413,0.4690389928513744,0.4690389928513744
4,1675,27.911183911863006,27.911183911863006,0.06321324207080126,0.06321324207080126
4,1676,23.226453128188606,23.226453128188606,4.3046119383951105,4.3046119383951105
4,1677,130.15288010270396,130.15288010270396,2.6636784392540958,2.6636784392540958
4,1678,37.87894286289136,37.87894286289136,2.5194941896594867,2.5194941896594867
4,1679,34.03479176396331,21.191571669557806,0.6078002319545751,0.3999603610987283
4,1680,23.59387401923224,23.59387401923224,1.186217337754767,1.186217337754767
4,1681,20.311551567182143,20.311551567182143,1.245548999265628,1.245548999265628
4,1682,12.322904491224715,12.322904491224715,1.8618092808265074,1.8618092808265074
4,1683,50.20584135976361,30.377493637858056,4.666527787682066,3.8076959303258198
4,1684,33.2503161085323,33.2503161085323,0.5512558469855952,0.5512558469855952
4,1685,16.470330088712387,14.690646912376518,1.2846033126313419,1.2276469271610873
4,1686,22.303126046767083,22.303126046767083,0.9896406010225065,0.9896406010225065
4,1687,23.4465178876369,23.4465178876369,4.276120539814817,4.276120539814817
4,1688,9.584553006239425,8.944216321589636,19.598519327539197,16.522039560690683
4,1689,24.659674522782208,17.045452541595687,1.54737500938286,1.0654474721889873
4,1690,24.06855309058287,24.06855309058287,0.8751731693706534,0.8751731693706534
4,1691,123.0317645638884,115.05983062454108,0.847047602990319,0.6941894671819495
4,1692,29.436347946262387,29.436347946262387,1.610640480531994,1.610640480531994
4,1693,39.702644902763595,39.702644902763595,1.0394625344277053,1.0394625344277053
4,1694,57.08278798606266,34.63470225978345,0.34435099161862326,0.2538371447438783
4,1695,37.25303362646565,37.25303362646565,1.4995043897418245,1.4995043897418245
4,1696,33.97190901961839,20.102129279774875,0.7984062262119515,0.6719167187196589
4,1697,47.791181755245866,47.791181755245866,2.4499307420953365,2.4499307420953365
4,1698,22.794802724812442,22.794802724812442,4.884142519673426,4.884142519673426
4,1699,8.691608615549681,8.691608615549681,0.4568037456187518,0.4568037456187518
4,1700,23.93771586134582,23.93771586134582,0.121406310491465,0.121406310491465
4,1701,32.36328503072415,32.36328503072415,0.4168991892199173,0.4168991892199173
4,1702,53.39103030313922,53.39103030313922,0.33559421454334626,0.33559421454334626
4,1703,21.354924280661294,21.354924280661294,0.150046012258236,0.150046012258236
4,1704,16.735174846823803,16.735174846823803,0.07376429866143241,0.07376429866143241
4,1705,101.04778138151919,101.04778138151919,3.7813304940960304,3.7813304940960304
4,1706,25.687827520207037,25.687827520207037,0.8817249235431359,0.8817249235431359
4,1707,23.747813429031304,23.747813429031304,1.4325325824727182,1.4325325824727182
4,1708,10.322370622888375,10.322370622888375,2.214838017487151,2.214838017487151
4,1709,18.33949993240017,18.33949993240017,0.5966631533584462,0.5966631533584462
4,1710,19.14962399869539,11.771886705530388,1.0784765593901116,0.8076894714161356
4,1711,14.387738357770598,13.178992508829573,0.8148606068108686,0.7674236818197714
4,1712,121.03892888389413,121.03892888389413,0.4563966114583803,0.4563966114583803
4,1713,6.8508406953801515,6.8508406953801515,1.2012617945799493,1.2012617945799493
4,1714,37.170820453716736,37.170820453716736,7.328852255897388,7.328852255897388
4,1715,3.0881601712966944,2.8939428841958144,1.2091942827357105,1.1398948689920354
4,1716,9.769472015062385,9.769472015062385,1.4105170398612157,1.4105170398612157
4,1717,18.991469709317435,18.991469709317435,2.8395111683263328,2.8395111683263328
4,1718,27.096197173160416,18.337117103431073,0.08008898667368058,0.054595693771273476
4,1719,63.02005366928705,63.02005366928705,0.07307177684957422,0.07307177684957422
4,1720,61.37848736547987,61.37848736547987,1.0476695392318478,1.0476695392318478
4,1721,18.916344645420956,18.916344645420956,4.576441541433404,4.576441541433404
4,1722,0.39800813282378833,0.39800813282378833,1.0136018697712026,1.0136018697712026
4,1723,21.537178643770403,21.537178643770403,4.388216733111125,4.388216733111125
4,1724,39.08411392928386,39.08411392928386,3.499455513896274,3.499455513896274
4,1725,33.33865656615972,30.696388047681438,0.4008178495070599,0.3710511179232215
4,1726,53.59100122719454,35.891159687821755,0.02335258829644493,0.01608513265571857
4,1727,62.71591565592783,62.71591565592783,4.440826428460384,4.440826428460384
4,1728,6.5871388787721585,6.04652454270614,1.1192238722832384,0.915024023585848
4,1729,25.535394705925484,24.806721614477006,2.1595020055043985,2.06089942993471
4,1730,0.6817199279838881,0.6817199279838881,1.1958479603491483,1.1958479603491483
4,1731,20.188153507833583,20.188153507833583,2.085895895186093,2.085895895186093
4,1732,24.041382460964908,22.443675816144555,5.4198235466822045,4.412644595487621
4,1733,60.87621923086256,35.455529617080714,1.331829965988543,0.9072528865577685
4,1734,25.179300856325106,25.179300856325106,1.6392637942797288,1.6392637942797288
4,1735,63.002385544371876,63.002385544371876,9.874728177841769,9.874728177841769
4,1736,27.486575183044174,25.99399140467439,0.7934647114160885,0.6261766250896035
4,1737,2.355053844670225,2.355053844670225,2.5265049593998565,2.5265049593998565
4,1738,2.578861979163607,2.286320434987944,17.466758143994724,16.552650465043666
4,1739,14.215967396131468,9.335856927262917,5.322064845977877,4.418832518928754
4,1740,17.2915887303604,15.31573574285947,2.642796918379072,2.5385953725828596
4,1741,24.057581023097406,24.057581023097406,1.099754357623031,1.099754357623031
4,1742,67.73779789904174,67.73779789904174,1.3904944479311083,1.3904944479311083
4,1743,107.40112374425469,107.40112374425469,1.4120518895271668,1.4120518895271668
4,1744,15.118603834590942,15.118603834590942,0.542935690249935,0.542935690249935
4,1745,71.24840198245045,71.24840198245045,1.033728306883456,1.033728306883456
4,1746,31.36013632478244,28.042856811025636,0.6483813933038967,0.5464572584165787
4,1747,54.69569804843999,54.69569804843999,0.8081817540885562,0.8081817540885562
4,1748,21.306885276713796,21.306885276713796,1.241121428010698,1.241121428010698
4,1749,49.18002739515897,49.18002739515897,4.538609421047889,4.538609421047889
4,1750,38.53803018195309,38.53803018195309,12.185206730947328,12.185206730947328
4,1751,8.715038529232316,8.715038529232316,0.9195739730494685,0.9195739730494685
4,1752,39.962655268486735,39.962655268486735,0.8367737996597611,0.8367737996597611
4,1753,37.932124753989896,37.932124753989896,1.275288114256615,1.275288114256615
4,1754,10.397721593108713,10.397721593108713,7.486417955431506,7.486417955431506
4,1755,27.960342919151394,16.41150483244917,8.83193033813119,6.852016283968657
4,1756,15.278937226590408,13.550984603992067,0.5454062234269167,0.4839430245414444
4,1757,31.069974400449098,31.069974400449098,2.656922126371457,2.656922126371457
4,1758,8.458878993773101,8.458878993773101,9.15768189335672,9.15768189335672
4,1759,20.551320038665555,17.816226091321937,0.631323660595502,0.5285885054576485
4,1760,0.7945920509362825,0.7945920509362825,0.5397234418212101,0.5397234418212101
4,1761,36.88957910856642,24.418429377713434,1.35413581794213,1.093615488720969
4,1762,53.96780551481338,53.96780551481338,0.038777109405947474,0.038777109405947474
4,1763,20.34181762493059,9.84129333094374,4.445413286046817,3.193035968310227
4,1764,13.349395128760555,13.349395128760555,0.030409025798341704,0.030409025798341704
4,1765,43.99884661388119,43.99884661388119,1.6374466352495811,1.6374466352495811
4,1766,23.17235383245901,23.17235383245901,0.5655619496402181,0.5655619496402181
4,1767,15.343781686822542,15.343781686822542,7.811933908805397,7.811933908805397
4,1768,16.773446497193344,16.773446497193344,5.457860287412059,5.457860287412059
4,1769,147.85408608589333,96.79640734230001,1.0375572196820497,0.7431155292080414
4,1770,7.055549761501618,7.055549761501618,0.30983721347007853,0.30983721347007853
4,1771,30.302403018909047,30.302403018909047,3.6366568323182364,3.6366568323182364
4,1772,66.82625063258882,40.957124845958184,2.3140139341306627,1.6544574292811718
4,1773,39.61320313958234,22.15559995730935,2.3366287427351264,1.434523308979245
4,1774,33.98337227836211,33.98337227836211,0.9029088044500551,0.9029088044500551
4,1775,47.363699776587595,26.226284696367333,2.8407756170381617,2.1726499632995493
4,1776,52.08430610819681,52.08430610819681,0.49716163244625744,0.49716163244625744
4,1777,61.16849254160022,61.16849254160022,0.582111468591244,0.582111468591244
4,1778,66.29014089840702,66.29014089840702,1.150688608649276,1.150688608649276
4,1779,62.094645784817146,62.094645784817146,1.7392604277060837,1.7392604277060837
4,1780,20.3327087572114,20.3327087572114,1.2206305103054782,1.2206305103054782
4,1781,10.071337280141686,3.8463604971375047,1.7614557111295293,1.1448177372947443
4,1782,3.4129616365671644,3.4129616365671644,0.022236209762985237,0.022236209762985237
4,1783,9.355206926972873,9.355206926972873,0.9590229402067458,0.9590229402067458
4,1784,30.00519906659429,30.00519906659429,2.0617230944732547,2.0617230944732547
4,1785,54.98546788530286,54.98546788530286,2.710976754802578,2.710976754802578
4,1786,127.58611569986513,127.58611569986513,0.4111399338374232,0.4111399338374232
4,1787,31.056517617749716,22.293241454535096,3.3657604477490084,2.4473595295585033
4,1788,27.31421788262883,27.31421788262883,3.132037969699481,3.132037969699481
4,1789,93.77371852025033,93.77371852025033,15.755035007162052,15.755035007162052
4,1790,37.904261437631256,37.904261437631256,2.289634249625886,2.289634249625886
4,1791,27.16012637724705,27.16012637724705,1.0622158111745392,1.0622158111745392
4,1792,53.04071421217559,53.04071421217559,3.7971925018003585,3.7971925018003585
4,1793,30.698660376054008,30.698660376054008,2.5619214671955604,2.5619214671955604
4,1794,17.087877340401292,11.036736461003429,2.39521170967494,1.6759293097765857
4,1795,85.47827889531783,79.3070478173116,2.675201254167895,2.3351513414626135
4,1796,35.059129784534285,35.059129784534285,0.7184960264204127,0.7184960264204127
4,1797,40.951111397206226,25.50352889174591,1.778749069057643,1.1877607132499344
4,1798,24.51835869697261,14.18473508830293,0.2808100709989918,0.2104636676637921
4,1799,64.76641528964436,59.39891342020587,18.497952038386906,16.884510256744765
4,1800,20.528012004918622,20.528012004918622,13.323279633513753,13.323279633513753
4,1801,13.423004495304625,13.423004495304625,0.3969824857394796,0.3969824857394796
4,1802,9.562426625796936,9.562426625796936,4.936716899370866,4.936716899370866
4,1803,51.64076022350204,51.64076022350204,0.394571600474653,0.394571600474653
4,1804,11.967559672933774,11.967559672933774,3.431381688764072,3.431381688764072
4,1805,23.180890218806898,23.180890218806898,1.8088319298012656,1.8088319298012656
4,1806,139.83232491958074,139.83232491958074,2.240205236592865,2.240205236592865
4,1807,60.026692530024334,60.026692530024334,2.748268207092104,2.748268207092104
4,1808,23.045569246480028,12.481802329417448,2.5972338940471644,1.7675716721260062
4,1809,7.688729468719018,7.688729468719018,0.5282705289466493,0.5282705289466493
4,1810,39.37208100885485,39.37208100885485,2.0043699200383336,2.0043699200383336
4,1811,129.06162589329966,129.06162589329966,4.021098819473393,4.021098819473393
4,1812,15.390092857270306,15.390092857270306,2.0021886682637304,2.0021886682637304
4,1813,25.76640960439058,25.76640960439058,0.9281988658540312,0.9281988658540312
4,1814,19.749513088750486,17.680659586248527,0.9108731244903907,0.7491624786035346
4,1815,11.17538358553072,7.156255555957868,0.925831219983654,0.6833757660172515
4,1816,23.46551847364679,20.656766930601275,0.2876173262580909,0.22860517191074414
4,1817,21.200596266415385,21.200596266415385,0.835398043905458,0.835398043905458
4,1818,27.722696149790753,27.722696149790753,5.22863681049993,5.22863681049993
4,1819,21.691820065179186,21.691820065179186,7.163395188878531,7.163395188878531
4,1820,22.407504342298683,20.189861189600055,5.573507332430036,4.512614345992482
4,1821,52.60193249972787,52.60193249972787,9.340914444226875,9.340914444226875
4,1822,122.04639101367547,122.04639101367547,6.333027726686632,6.333027726686632
4,1823,18.05842087900978,18.05842087900978,0.13241720096240117,0.13241720096240117
4,1824,112.37529884737549,112.37529884737549,1.1754805078673982,1.1754805078673982
4,1825,37.47149658649758,24.10416477620494,0.7576655531230068,0.43027973380691587
4,1826,20.166643040726477,20.166643040726477,0.28957381267816706,0.28957381267816706
4,1827,19.757933007302206,19.757933007302206,0.37490181991918037,0.37490181991918037
4,1828,23.231137196682226,23.231137196682226,13.166836339563595,13.166836339563595
4,1829,16.59471485959196,16.59471485959196,2.1560649735005457,2.1560649735005457
4,1830,88.8592287052928,88.8592287052928,2.7265816991142513,2.7265816991142513
4,1831,24.41592253374768,24.41592253374768,1.157841811998887,1.157841811998887
4,1832,4.22317672056737,4.22317672056737,1.384738717949376,1.384738717949376
4,1833,14.197751926765065,14.197751926765065,0.10486750078679385,0.10486750078679385
4,1834,55.94617133555571,55.94617133555571,16.581079374683714,16.581079374683714
4,1835,19.949639911190896,18.353162720585185,1.3025849606875193,1.2423283843762398
4,1836,9.169698470247695,3.506101789008561,0.23142709654758253,0.12388162428245131
4,1837,28.944966707283577,28.944966707283577,2.8115442198384795,2.8115442198384795
4,1838,24.401196617258663,21.752241459995524,2.816068812238928,2.30471191072691
4,1839,11.178401581324614,10.290285657764887,1.2221625921013657,1.1632920438411254
4,1840,90.56932128028964,90.56932128028964,0.3869494440610485,0.3869494440610485
4,1841,63.825179628717834,36.876019036662555,19.20072230802797,12.442631402467695
4,1842,57.59509081602821,57.59509081602821,0.06083450110671651,0.06083450110671651
4,1843,13.767312461744028,13.566378613845762,2.9454202497144455,2.7815564002597806
4,1844,46.38796105743218,46.38796105743218,19.96192478488491,19.96192478488491
4,1845,49.83672154774704,49.83672154774704,1.251484417256273,1.251484417256273
4,1846,14.969739250510397,14.690528140850555,1.0309953821306164,0.9888679416857176
4,1847,68.09862405322818,61.39544956316592,5.421613265717552,4.50150483688514
4,1848,38.947293700826734,34.60471813853492,18.842068297701207,15.215383623469496
4,1849,35.51993149529802,35.51993149529802,4.744478530171856,4.744478530171856
4,1850,15.369434794416485,15.369434794416485,2.9143752747210137,2.9143752747210137
4,1851,51.06207084757074,51.06207084757074,14.501182624616181,14.501182624616181
4,1852,103.08024816292426,96.5783788153508,2.0780926735727023,1.7427727775740856
4,1853,19.27276554029946,19.27276554029946,1.0722568619793855,1.0722568619793855
4,1854,33.7354433471979,33.7354433471979,1.5375592921675374,1.5375592921675374
4,1855,135.65117110816487,135.65117110816487,15.020673563020082,15.020673563020082
4,1856,13.268975393810159,13.268975393810159,0.4564877150123855,0.4564877150123855
4,1857,29.035829592050458,29.035829592050458,1.0553017148430566,1.0553017148430566
4,1858,15.862725380531106,15.862725380531106,0.21067333286761947,0.21067333286761947
4,1859,5.931617431087819,5.931617431087819,0.12798704929301208,0.12798704929301208
4,1860,22.967612981043107,22.967612981043107,2.0634945314411217,2.0634945314411217
4,1861,67.94898314475296,66.8872387529504,0.5391791595499359,0.5125172257527665
4,1862,20.654455427403555,20.654455427403555,4.944091299046904,4.944091299046904
4,1863,34.858236559438126,34.858236559438126,9.535227407153425,9.535227407153425
4,1864,9.441505591926473,9.441505591926473,0.34698430696546423,0.34698430696546423
4,1865,63.79783195052247,58.202721045922324,2.6549915582185344,2.0265446561826184
4,1866,1.340062997064635,1.2145270125142043,0.8220435291477624,0.7723748437904033
4,1867,44.05021264376153,41.79179996589942,1.006818436082051,0.9571671654219076
4,1868,27.27676777627761,27.27676777627761,1.8219050858238663,1.8219050858238663
4,1869,29.543097977461272,29.543097977461272,0.688733683575879,0.688733683575879
4,1870,43.32402457975558,26.013290038169096,0.21486587692820214,0.16159059742130014
4,1871,116.82951800892985,116.82951800892985,0.9742414623615423,0.9742414623615423
4,1872,16.206584041043087,16.206584041043087,0.2685133984270146,0.2685133984270146
4,1873,38.300016059662084,38.300016059662084,0.4592627382356994,0.4592627382356994
4,1874,12.531436164857002,12.531436164857002,0.23489040056713184,0.23489040056713184
4,1875,20.52955551203697,20.52955551203697,2.506917607900783,2.506917607900783
4,1876,4.059506862408089,3.72104704860661,0.7466822181150422,0.7051317180192517
4,1877,29.997911607740484,28.161022255947536,2.8456926869747226,2.277443179758258
4,1878,10.494415423739445,10.494415423739445,2.8180042051825773,2.8180042051825773
4,1879,57.61577599995194,57.61577599995194,2.0636205535082213,2.0636205535082213
4,1880,0.5113224335673205,0.4983346934561479,1.88730667741489,1.8349793599080881
4,1881,142.5828493736363,84.8999768666197,2.990359904713101,2.2060309874340507
4,1882,0.4445551341840748,0.4445551341840748,2.6686537623162763,2.6686537623162763
4,1883,14.935483147969261,9.928241093980505,17.72393800898974,12.91694546150456
4,1884,7.343483291741899,7.343483291741899,0.8721127560549241,0.8721127560549241
4,1885,19.66496705878591,19.66496705878591,0.8858169891508805,0.8858169891508805
4,1886,90.52805035339426,83.48622525864761,0.21916794989359534,0.2083734968634934
4,1887,39.497062139181125,39.497062139181125,2.7576058289868515,2.7576058289868515
4,1888,68.42697994066006,68.42697994066006,0.6179624912409778,0.6179624912409778
4,1889,28.030912948792558,28.030912948792558,4.5420399968933625,4.5420399968933625
4,1890,13.334229397040017,13.334229397040017,1.7065829104236583,1.7065829104236583
4,1891,13.612398907306812,13.612398907306812,0.7189675974740227,0.7189675974740227
4,1892,36.603978070421846,36.603978070421846,18.265645483617927,18.265645483617927
4,1893,41.18848152542454,41.18848152542454,5.776852753027931,5.776852753027931
4,1894,58.164000989317806,33.33470673377759,0.0012396933285102607,0.0007327908065116462
4,1895,14.37896011471558,14.37896011471558,4.502148257244229,4.502148257244229
4,1896,106.97635953350266,106.97635953350266,4.5167555684010265,4.5167555684010265
4,1897,29.12695255328424,16.552035921202727,3.4536959256074757,2.0219547369144903
4,1898,9.673415350995061,9.673415350995061,1.11089542489196,1.11089542489196
4,1899,2.250106532698295,2.0590952213080413,1.084283033726582,0.8601209156228009
4,1900,90.14077666802505,90.14077666802505,0.13955984431417545,0.13955984431417545
4,1901,28.709107156792477,28.709107156792477,3.949624311736663,3.949624311736663
4,1902,17.287126410497287,17.287126410497287,0.7347624018162912,0.7347624018162912
4,1903,36.94380166733532,36.94380166733532,1.2920116864205249,1.2920116864205249
4,1904,35.55879342484667,21.016360354219948,1.1627870128324005,0.8520742107299625
4,1905,35.876784630676035,21.497651611351515,0.2958111558430414,0.2196308230515348
4,1906,19.427726327740295,19.427726327740295,0.33553883112178895,0.33553883112178895
4,1907,16.5973476097125,16.5973476097125,1.2259565949530133,1.2259565949530133
4,1908,29.0533698021603,29.0533698021603,1.418590902013738,1.418590902013738
4,1909,51.04324383916155,51.04324383916155,0.6489851268237402,0.6489851268237402
4,1910,33.43213931852959,33.43213931852959,5.5016643944191586,5.5016643944191586
4,1911,31.877078369887336,31.877078369887336,0.5352633793474778,0.5352633793474778
4,1912,24.05607380268425,24.05607380268425,0.9813657196004131,0.9813657196004131
4,1913,125.16567657699244,111.95771808578401,1.8751096000654572,1.7611188301141913
4,1914,14.261346651266784,13.443734620097981,5.679010470247427,4.644667138101571
4,1915,24.584621810681504,17.152920721645575,4.744770007294791,3.387663084688727
4,1916,2.3000472090008284,2.3000472090008284,1.6998564114664112,1.6998564114664112
4,1917,106.20816635770998,103.94988510560609,2.511243345123101,2.3873962308513805
4,1918,12.755435422561328,12.755435422561328,0.854452705160669,0.854452705160669
4,1919,51.17943472365583,51.17943472365583,0.46549830082891874,0.46549830082891874
4,1920,17.267593033746728,17.267593033746728,0.3931581667251872,0.3931581667251872
4,1921,40.04160670922686,40.04160670922686,4.210008068008521,4.210008068008521
4,1922,3.3548753175469326,3.3548753175469326,3.0443765142945196,3.0443765142945196
4,1923,5.299242281557257,4.789277070942845,0.56865404881848,0.4538175559167732
4,1924,38.849907562971865,24.588736689040886,2.1915301147950528,1.433651482848693
4,1925,17.08979003451813,15.370403162820487,0.5629201283494553,0.5155290009327149
4,1926,38.41758524429959,38.41758524429959,3.973326327915025,3.973326327915025
4,1927,5.823394709516032,5.823394709516032,0.6095189946376418,0.6095189946376418
4,1928,2.5640168174449496,2.5640168174449496,1.023418602196932,1.023418602196932
4,1929,16.433606596072746,15.985426586170105,1.9129480210170915,1.8270280332092428
4,1930,52.01949742911326,50.98774468119184,4.159471724119337,4.030061798031495
4,1931,47.84363531343113,28.419474530011218,0.49197656142177604,0.3685342442097117
4,1932,13.587430129307908,12.14098563315053,0.5447931174347979,0.48752886511286025
4,1933,13.961205499472783,12.950125403703954,1.2770444590312664,1.003247030544318
4,1934,130.65545349143778,82.05866142880701,16.882125932556143,14.251477999918913
4,1935,39.63133484299268,22.484011840321728,3.803422500452704,2.7429955229465826
4,1936,1.738152924012697,1.738152924012697,2.047480876706632,2.047480876706632
4,1937,60.60368185551731,55.883336649054705,0.5953510338270319,0.5542601310987442
4,1938,4.47950301234723,4.47950301234723,0.5703718160712788,0.5703718160712788
4,1939,17.43549800494705,12.870971428825671,5.454224050656519,3.743933798489177
4,1940,4.0818375403573715,4.0818375403573715,4.850046153141644,4.850046153141644
4,1941,18.423760924741597,18.423760924741597,1.1317742318739517,1.1317742318739517
4,1942,2.50333061837555,2.50333061837555,0.6430226869942868,0.6430226869942868
4,1943,130.9742969420257,83.9312756085684,0.7090504652067433,0.56162292761307
4,1944,24.531921053581904,17.034976791337982,0.7010832505509036,0.5600612177109818
4,1945,37.92669301462671,37.92669301462671,16.42002814780171,16.42002814780171
4,1946,144.32832683464562,144.32832683464562,0.2837003618584093,0.2837003618584093
4,1947,51.23318296407088,51.23318296407088,1.2406138753490668,1.2406138753490668
4,1948,65.69238723329849,65.69238723329849,3.236092479138852,3.236092479138852
4,1949,38.162008239993945,38.162008239993945,1.1937641504354908,1.1937641504354908
4,1950,4.213207388563953,3.881922101156352,0.21957588006589646,0.18355527838154784
4,1951,22.013615858471077,12.636041401845475,3.9381571793016237,2.768571432755261
4,1952,13.418967402558149,13.418967402558149,1.5703280769429124,1.5703280769429124
4,1953,8.62030992599737,8.62030992599737,7.276931087638329,7.276931087638329
4,1954,35.74338496509253,35.74338496509253,18.15084602652602,18.15084602652602
4,1955,31.889816056709954,31.889816056709954,1.846200957520511,1.846200957520511
4,1956,14.830776742956377,14.402268782078155,4.997065298249012,4.832311890355067
4,1957,97.72059772168706,97.72059772168706,0.35549082546188215,0.35549082546188215
4,1958,21.574495172430694,21.574495172430694,1.3245161103073269,1.3245161103073269
4,1959,21.35266014946101,21.35266014946101,3.787019707424068,3.787019707424068
4,1960,13.780962249776973,13.780962249776973,0.9795503316467915,0.9795503316467915
4,1961,12.842154037370445,11.939867536406762,4.866291663906516,3.7703063417685456
4,1962,51.55136423844556,51.55136423844556,1.117188318505978,1.117188318505978
4,1963,17.186690938704253,17.186690938704253,12.783585464717142,12.783585464717142
4,1964,119.2483852268511,119.2483852268511,0.5098862785830655,0.5098862785830655
4,1965,6.391764496357357,4.400467879102169,2.3697395013834974,1.6968451694489133
4,1966,143.23333400046351,143.23333400046351,0.49530329509421833,0.49530329509421833
4,1967,24.722112130582058,22.839077851833267,0.5225108186966924,0.49934441765108006
4,1968,63.192200790868675,57.1105051854957,0.2591329203506383,0.24427762054776878
4,1969,25.278191585299748,25.278191585299748,0.3050331613779388,0.3050331613779388
4,1970,27.27775394256699,27.27775394256699,0.4375089271327782,0.4375089271327782
4,1971,13.014749388189312,13.014749388189312,5.028554238855817,5.028554238855817
4,1972,12.208931747860984,12.208931747860984,1.8420827615969033,1.8420827615969033
4,1973,12.511460237982625,12.511460237982625,1.199842616459434,1.199842616459434
4,1974,11.15726250994554,9.911756529792232,1.786556628349236,1.589054472113169
4,1975,11.265198395327584,10.887199550821187,0.014039345417541482,0.010700674303848925
4,1976,26.1025929871364,26.1025929871364,1.2023726651142481,1.2023726651142481
4,1977,8.520440286633667,8.520440286633667,3.347912851947594,3.347912851947594
4,1978,35.21179021855769,35.21179021855769,0.20670235687073013,0.20670235687073013
4,1979,48.03074681257732,44.20442854507235,0.5450955295645076,0.4342373716853203
4,1980,22.42188551013777,22.42188551013777,11.42307729557458,11.42307729557458
4,1981,22.686655871786012,22.686655871786012,2.395763723161306,2.395763723161306
4,1982,17.663882815565806,16.057270848746555,18.35546419197999,17.119307462481686
4,1983,8.289092060477305,5.91109189130055,19.505007019289234,14.119662357523932
4,1984,30.09041923416681,30.09041923416681,16.650224515773047,16.650224515773047
4,1985,19.389476834989846,19.389476834989846,1.6237095258766323,1.6237095258766323
4,1986,64.35562435134594,64.35562435134594,1.8832933688517737,1.8832933688517737
4,1987,21.01524290517409,19.021794915588504,0.7812959080950459,0.6701300042302828
4,1988,50.88915571743614,50.88915571743614,3.39836578978937,3.39836578978937
4,1989,10.889427419202914,10.889427419202914,0.6303394492771497,0.6303394492771497
4,1990,3.258295619434506,3.258295619434506,0.8936247414009454,0.8936247414009454
4,1991,49.842769024627884,49.842769024627884,2.3109213663039707,2.3109213663039707
4,1992,21.914768883421488,21.914768883421488,0.4283215828526753,0.4283215828526753
4,1993,0.31180181467822976,0.31180181467822976,9.169798098944273,9.169798098944273
4,1994,15.896850308463142,15.896850308463142,4.2277352437803435,4.2277352437803435
4,1995,13.832595647442815,11.021586530725111,3.2781048565544952,2.448467299341669
4,1996,46.45237900713544,46.45237900713544,1.2645412219710983,1.2645412219710983
4,1997,21.92346696150665,21.92346696150665,3.615968608680819,3.615968608680819
4,1998,10.351266089444225,10.351266089444225,0.752746654552961,0.752746654552961
4,1999,100.08160427977887,91.47401570638654,3.435749419959177,3.0089843952922353
4,2000,19.114047107075415,16.85639705789654,14.459478083151032,11.571808099033744
4,2001,30.552390852523942,30.552390852523942,0.741902469665917,0.741902469665917
4,2002,138.4557030305805,132.9208129815699,2.2370448810134826,1.8510626910137635
4,2003,11.269300181260306,5.4011242128119585,0.36299075310972084,0.22317770353301997
4,2004,56.905229679933214,52.24936688533943,0.9395601697635672,0.7876391401103435
4,2005,13.871636968178777,13.871636968178777,7.224912647090171,7.224912647090171
4,2006,127.9718233703943,114.02404929318564,0.4905707489550494,0.40974779372976167
4,2007,22.758171301283237,20.125949386943017,0.7692812305237914,0.6939798392785457
4,2008,32.51891248127361,32.51891248127361,2.0788991303251496,2.0788991303251496
4,2009,95.11357474138248,95.11357474138248,1.5390073105164754,1.5390073105164754
4,2010,51.97479113516473,18.74439069745413,0.11291151443910274,0.07014549253652962
4,2011,36.01167837974728,36.01167837974728,19.1132688006482,19.1132688006482
4,2012,49.23353879344537,49.23353879344537,0.41221433715574884,0.41221433715574884
4,2013,35.019534075305046,35.019534075305046,0.3685015651105167,0.3685015651105167
4,2014,34.15980617357337,34.15980617357337,5.420071435866113,5.420071435866113
4,2015,13.826530426925258,13.826530426925258,15.220939022542542,15.220939022542542
4,2016,9.851159119171612,9.851159119171612,2.6526917982382017,2.6526917982382017
4,2017,2.3142822253175233,2.3142822253175233,2.114679319077064,2.114679319077064
4,2018,8.621005260415542,8.621005260415542,0.36595476023702445,0.36595476023702445
4,2019,28.939182316285354,16.993879108756598,2.66163661291046,2.081644634514035
4,2020,34.10789279537615,34.10789279537615,1.538226975481309,1.538226975481309
4,2021,39.12421164773516,39.12421164773516,1.1779640293072737,1.1779640293072737
4,2022,20.287142698059846,20.287142698059846,0.11209476727612111,0.11209476727612111
4,2023,15.645665996139314,15.645665996139314,0.7681690844394388,0.7681690844394388
4,2024,37.87785897634281,24.86897954575707,1.2186465599566292,0.7942524898534978
4,2025,22.333141313542583,22.333141313542583,0.9384555800334973,0.9384555800334973
4,2026,38.767240700335215,38.767240700335215,2.0741947294376355,2.0741947294376355
4,2027,37.04973948076582,23.65063972658374,1.0884450732144395,0.7678185474187269
4,2028,5.83581674367359,5.674529433019035,1.9423568739091985,1.8316070065267482
4,2029,13.20385498856539,13.20385498856539,0.5339757491339804,0.5339757491339804
4,2030,12.368401443922567,12.368401443922567,2.154240045836834,2.154240045836834
4,2031,16.71962446048044,16.71962446048044,0.7438084340125807,0.7438084340125807
4,2032,22.709628116239557,21.058799710045193,1.2328575837845206,1.012428292223381
4,2033,2.3109470265138032,2.3109470265138032,1.22735357613643,1.22735357613643
4,2034,15.597605947233578,13.813736754335636,2.239507028050249,1.779071077228903
4,2035,45.054505433378665,45.054505433378665,0.6306961453128144,0.6306961453128144
4,2036,32.43162765023439,32.43162765023439,2.7661607870984524,2.7661607870984524
4,2037,3.572663498203461,3.572663498203461,0.45779365053306076,0.45779365053306076
4,2038,74.00920269855165,74.00920269855165,16.936664539579468,16.936664539579468
4,2039,18.856268596434926,12.73022672533849,1.4946935100891243,1.0479972891865272
4,2040,9.175954288170615,3.513586662219797,5.6918113595410365,3.0973797003744785
4,2041,52.818961628665534,47.404346667009236,5.523658946266293,4.442591239557984
4,2042,73.84262976271907,73.84262976271907,0.003266743976793718,0.003266743976793718
4,2043,21.257695915007858,19.11652503736384,0.08749652006961484,0.07356374291525072
4,2044,21.593563079155068,21.593563079155068,5.630671058724413,5.630671058724413
4,2045,27.992083141422963,27.992083141422963,5.318770920184032,5.318770920184032
4,2046,68.4801633138191,62.3349985995261,13.124281511445652,10.783131599174652
4,2047,36.03546324684793,36.03546324684793,8.811812183224427,8.811812183224427
4,2048,20.87773073539156,15.039827296140755,0.48137079225036417,0.4052479176101776
4,2049,135.4881954088099,135.4881954088099,0.5174131397355709,0.5174131397355709
4,2050,12.254111807141388,12.254111807141388,1.1412432188906911,1.1412432188906911
4,2051,10.840682326784782,10.840682326784782,3.040289024003799,3.040289024003799
4,2052,62.58212531550478,62.58212531550478,8.043414870923817,8.043414870923817
4,2053,18.5044006003365,18.5044006003365,0.763692004086966,0.763692004086966
4,2054,58.75156595464344,58.75156595464344,0.12616956826364456,0.12616956826364456
4,2055,15.565487716631097,10.161139139959097,1.189279346223486,0.846773206706959
4,2056,24.705385415837466,24.705385415837466,1.5669530198909016,1.5669530198909016
4,2057,20.41932928259866,18.840097995437997,4.226598240323371,3.943825392401456
4,2058,58.46581481607616,58.46581481607616,0.07115121318412398,0.07115121318412398
4,2059,33.26417268731676,33.26417268731676,2.9009331718060705,2.9009331718060705
4,2060,7.556235806145555,6.845566894530698,5.279197015781337,4.948200333350718
4,2061,45.97313433005928,19.750887068861534,5.8876615272230595,2.438268665956278
4,2062,11.550281719794674,11.550281719794674,0.37643975918312667,0.37643975918312667
4,2063,20.311491386568875,20.311491386568875,2.7519864587300367,2.7519864587300367
4,2064,2.3732543774515946,1.4231268619717141,5.641960319726004,3.1140760485241574
4,2065,16.751939533518648,16.751939533518648,13.101510334868161,13.101510334868161
4,2066,5.957690936125166,5.957690936125166,1.6322010080342755,1.6322010080342755
4,2067,20.495938807594957,20.495938807594957,5.447175694808745,5.447175694808745
4,2068,97.02389465353932,97.02389465353932,0.23976715235530832,0.23976715235530832
4,2069,3.3732105218369224,3.3732105218369224,3.203154022260099,3.203154022260099
4,2070,62.207890874843,59.23465900660569,5.715685321593863,4.624489508330482
4,2071,24.918943327434473,22.482542899857965,1.2347017229754238,1.0257803978241686
4,2072,16.572532934828807,16.572532934828807,18.82232173957872,18.82232173957872
4,2073,6.842976344983676,6.842976344983676,2.7600087585753323,2.7600087585753323
4,2074,28.71866890637464,25.982600208197635,0.12771090181121436,0.1204983712525172
4,2075,58.93716035855057,58.93716035855057,1.8616997995883113,1.8616997995883113
4,2076,64.00612289124564,64.00612289124564,1.0855458280394996,1.0855458280394996
4,2077,30.90227145861449,30.90227145861449,2.1816976509354125,2.1816976509354125
4,2078,15.547454239389737,15.547454239389737,3.178705769793046,3.178705769793046
4,2079,15.732973297565728,15.455752053679548,0.37733759726178995,0.35787150484061164
4,2080,77.29668631433213,77.29668631433213,19.400209956213835,19.400209956213835
4,2081,16.870589366971316,16.870589366971316,4.632843692943444,4.632843692943444
4,2082,36.95924720462874,24.55745395954923,3.9624216100452987,3.3350458494016237
4,2083,5.578674271504118,5.578674271504118,0.7696763846495551,0.7696763846495551
4,2084,51.79611704755838,51.79611704755838,0.788150909618535,0.788150909618535
4,2085,26.882513620979445,26.882513620979445,1.228685828031425,1.228685828031425
4,2086,51.2201935107508,51.2201935107508,4.451501530406844,4.451501530406844
4,2087,138.7149759486565,138.7149759486565,0.34710918276661606,0.34710918276661606
4,2088,16.706782021558336,16.706782021558336,5.053577481604094,5.053577481604094
4,2089,61.050931491165635,60.45179350636574,15.374963703994963,14.623181432298294
4,2090,17.830861528070052,17.830861528070052,0.5035740696827927,0.5035740696827927
4,2091,94.41676942983185,94.41676942983185,2.057886605200538,2.057886605200538
4,2092,26.66720397684408,26.66720397684408,0.5739398146011251,0.5739398146011251
4,2093,20.49969785545601,20.49969785545601,1.6440863071957779,1.6440863071957779
4,2094,11.53226395215837,11.53226395215837,0.06604960584887731,0.06604960584887731
4,2095,16.118584600846116,14.748434309577853,1.188867872564186,1.1239960863011278
4,2096,9.868429051715687,9.868429051715687,8.991708408950167,8.991708408950167
4,2097,15.893988819748115,15.893988819748115,2.240026053782508,2.240026053782508
4,2098,17.12914522258381,4.6363862400664635,3.966503569400718,1.1212029645987156
4,2099,19.73678909522568,18.317282625857533,0.5206631377834549,0.4405937358387514
4,2100,130.95774025397844,130.95774025397844,0.3831700026111785,0.3831700026111785
4,2101,29.190143228688946,29.190143228688946,14.921716275803412,14.921716275803412
4,2102,61.30911898370388,61.30911898370388,2.672652676566055,2.672652676566055
4,2103,0.9126504953842396,0.8274257554449569,1.2339409227700269,1.046730758111254
4,2104,6.240365999269537,6.070560344790326,4.686883476192713,4.499631082219718
4,2105,9.936635213395087,9.199365689162997,1.083218462862433,0.8263084592001595
4,2106,19.50474661884582,19.50474661884582,0.2395745561228051,0.2395745561228051
4,2107,6.221646613216301,6.221646613216301,1.5020271508847904,1.5020271508847904
4,2108,146.72121842208279,131.25787666583275,1.0009726442631566,0.8592766648900966
4,2109,22.84051813539938,22.186083251183998,1.285410043460637,1.218918531548966
4,2110,19.202848247994552,19.202848247994552,1.5247672113075958,1.5247672113075958
4,2111,23.982633318793425,23.982633318793425,0.9884079934338215,0.9884079934338215
4,2112,5.9375812059842215,5.9375812059842215,4.408441571695458,4.408441571695458
4,2113,13.879015357515602,13.879015357515602,0.6727225726295144,0.6727225726295144
4,2114,30.510465577749898,30.510465577749898,2.7622046562373894,2.7622046562373894
4,2115,10.497221105072823,9.384157305654583,0.850349667544679,0.7191224605873652
4,2116,30.491614572480973,30.491614572480973,2.172613644074297,2.172613644074297
4,2117,22.07700411457786,22.07700411457786,4.37726430482447,4.37726430482447
4,2118,45.54146332791743,38.91416994220116,0.2202287917421275,0.16818107984129932
4,2119,13.541074125470846,13.541074125470846,13.147723147124458,13.147723147124458
4,2120,1.9647151428535725,1.9647151428535725,18.273854685188063,18.273854685188063
4,2121,62.96140725257483,62.96140725257483,0.12653608985864928,0.12653608985864928
4,2122,45.916333157372165,45.916333157372165,0.7902354072081638,0.7902354072081638
4,2123,2.747264862941323,2.4824110717085346,2.3078736583335324,2.1939258092345173
4,2124,7.317426501408599,6.470788350415445,0.9812522659814908,0.7875293056223907
4,2125,107.49438567918304,78.23675077143608,1.0564997191509713,0.89946142893919
4,2126,0.8051042775267625,0.8051042775267625,1.1006755708574076,1.1006755708574076
4,2127,12.301012394707438,8.189919874775963,2.8068263657205446,2.2131012847875655
4,2128,14.706795094622208,14.706795094622208,3.2109824967980223,3.2109824967980223
4,2129,62.761928364361566,62.761928364361566,0.9662736207528941,0.9662736207528941
4,2130,139.90862198983064,80.65189665099884,1.1567450745308143,0.8878522613066768
4,2131,17.53927320663134,11.338779894353275,0.3407243841469524,0.2752165828261064
4,2132,14.309604508323725,14.013681458539423,0.574728713700721,0.5521167697590832
4,2133,17.27533676590982,11.257866136559272,0.4485973785817946,0.35262068114567025
4,2134,11.878681435342255,11.878681435342255,1.1924692384577509,1.1924692384577509
4,2135,19.404350385916338,19.404350385916338,0.7725375955617371,0.7725375955617371
4,2136,39.66136805276928,28.93569740130721,0.7535366060270721,0.5636178743444781
4,2137,23.85766854609316,23.85766854609316,0.8754272928189696,0.8754272928189696
4,2138,47.13506730699673,47.13506730699673,0.639641850380247,0.639641850380247
4,2139,57.52199545728077,57.52199545728077,0.7270358044329484,0.7270358044329484
4,2140,63.72701617510364,40.97034871078334,2.4693698316276533,1.591842605775634
4,2141,31.10920428172992,31.10920428172992,0.5419512255437665,0.5419512255437665
4,2142,45.19987009820086,40.00404654651853,3.415204156736022,2.7267617888803066
4,2143,66.78486407140701,66.78486407140701,0.3764736986571843,0.3764736986571843
4,2144,4.134586226051322,4.134586226051322,0.33995870602284894,0.33995870602284894
4,2145,34.87615781584334,31.179749656633064,8.440524694745294,6.935086533481105
4,2146,19.650068695288923,19.650068695288923,0.11748815167842186,0.11748815167842186
4,2147,54.23255178119207,54.23255178119207,0.10075630795082657,0.10075630795082657
4,2148,19.849425625586864,12.801607191994098,3.7735076748196112,3.1581779384934
4,2149,78.29255625146655,54.927148655130914,3.489719422047248,2.660649513094379
4,2150,8.81543364490958,8.81543364490958,1.7666216835058197,1.7666216835058197
4,2151,33.93471441198447,33.93471441198447,1.5926901081222324,1.5926901081222324
4,2152,15.64646498596559,13.973724790034272,0.14116017256214708,0.1129771523096502
4,2153,24.9520402330986,17.367045942585914,1.1265501958487842,0.8087129886321925
4,2154,3.771736047550638,3.771736047550638,2.4102109586663785,2.4102109586663785
4,2155,33.98173042157123,30.887909593490846,0.8876328503225323,0.8367239824498562
4,2156,15.932526761627472,15.932526761627472,0.5688899496220975,0.5688899496220975
4,2157,15.128160548707097,9.056882043630358,0.7113564340384236,0.5471839077165132
4,2158,19.880499209957648,17.67801699201878,5.567099092688709,4.311385949274315
4,2159,129.0692689402431,74.42198087310416,0.06059811665813286,0.03203314809973587
4,2160,51.057868550398915,51.057868550398915,2.623659966543319,2.623659966543319
4,2161,23.150823004390737,23.150823004390737,2.0962239407785677,2.0962239407785677
4,2162,17.071108918302368,17.071108918302368,4.061602095411431,4.061602095411431
4,2163,8.900338306287173,5.0339463577681025,2.6691522191598684,2.1148129375866866
4,2164,19.800969829870443,19.800969829870443,0.407768063567698,0.407768063567698
4,2165,19.1002504072231,19.1002504072231,0.7399303663220759,0.7399303663220759
4,2166,23.768005871947384,23.768005871947384,0.595057071007625,0.595057071007625
4,2167,12.082738592520816,12.082738592520816,0.08192713267722562,0.08192713267722562
4,2168,17.65941860109496,17.65941860109496,0.27209084571501596,0.27209084571501596
4,2169,28.637575683005984,28.637575683005984,0.1766353994896328,0.1766353994896328
4,2170,20.217955440395144,20.217955440395144,5.892094875950521,5.892094875950521
4,2171,138.18522112441727,138.18522112441727,0.4653040696367384,0.4653040696367384
4,2172,38.82644347760248,38.82644347760248,0.040114977115144,0.040114977115144
4,2173,20.57269358469692,13.66472684287355,0.659646663586674,0.5047398890025466
4,2174,19.02013775601736,19.02013775601736,0.9671227359794496,0.9671227359794496
4,2175,39.503941475238534,24.245027637243158,1.0696235179545752,0.7251177814321358
4,2176,12.035273635396754,12.035273635396754,0.0921526959974891,0.0921526959974891
4,2177,17.027399361301057,17.027399361301057,4.048021806507919,4.048021806507919
4,2178,105.56407769064737,105.56407769064737,1.945856779922348,1.945856779922348
4,2179,12.576602092626432,8.007778587502989,2.0744966506328453,1.4422524714839926
4,2180,16.36305200057506,16.36305200057506,1.2418824652533929,1.2418824652533929
4,2181,4.521327380998823,2.316199450222539,3.4608903775635054,2.0553154810386967
4,2182,119.14569614360272,109.983912763271,0.5860839789953806,0.4571895309702176
4,2183,38.663539222893434,38.663539222893434,0.07823318826875025,0.07823318826875025
4,2184,96.46132704287858,96.46132704287858,0.31574448460857385,0.31574448460857385
4,2185,21.275637247275906,21.275637247275906,0.973095438825109,0.973095438825109
4,2186,13.48845717005252,13.25660067360077,5.710294709325879,5.465705136874943
4,2187,132.71497184391254,132.71497184391254,0.493510792962749,0.493510792962749
4,2188,39.33618105724916,39.33618105724916,0.4325052092762537,0.4325052092762537
4,2189,15.78448272326451,15.78448272326451,9.991224749739702,9.991224749739702
4,2190,41.68980594007504,41.04705864957339,0.44823902111070646,0.43208985144117606
4,2191,14.912325089747277,14.912325089747277,0.11595830505566807,0.11595830505566807
4,2192,13.296422355793966,13.296422355793966,0.6480280289434028,0.6480280289434028
4,2193,13.9731727294288,13.9731727294288,3.073802752597234,3.073802752597234
4,2194,21.72411948187793,21.72411948187793,3.5412821794864375,3.5412821794864375
4,2195,49.296353303238476,49.296353303238476,3.1478229537842557,3.1478229537842557
4,2196,26.663480297731137,26.663480297731137,2.0416317348749353,2.0416317348749353
4,2197,23.621532783872095,22.12128594614832,2.6573836126022963,2.0308519392805326
4,2198,23.343359138858904,23.343359138858904,0.7910997229010619,0.7910997229010619
4,2199,39.02011935795077,39.02011935795077,4.432788441228323,4.432788441228323
4,2200,16.575529925803465,16.575529925803465,2.123528305994741,2.123528305994741
4,2201,37.72989799904372,37.72989799904372,17.979330772977107,17.979330772977107
4,2202,19.21158538702388,12.512673515230878,2.3062598007921404,1.7748879402169346
4,2203,38.70155220414043,38.70155220414043,1.5565811109964636,1.5565811109964636
4,2204,20.209415917375182,20.209415917375182,2.384839098049256,2.384839098049256
4,2205,6.093021197960775,5.619610131349656,5.284878097331298,4.244555310517194
4,2206,30.80831761975567,20.457859962485855,0.8723386599846529,0.6153293759599477
4,2207,65.41774215615942,65.41774215615942,8.772071718789011,8.772071718789011
4,2208,21.12815773314694,21.12815773314694,1.5372686529554116,1.5372686529554116
4,2209,19.049682974488938,19.049682974488938,4.532703690331713,4.532703690331713
4,2210,17.083359593477997,11.995805365560026,2.5673811696706883,1.815234643996381
4,2211,27.183470420247176,27.183470420247176,0.47074876862470905,0.47074876862470905
4,2212,6.2417742574548996,6.2417742574548996,13.067813006270695,13.067813006270695
4,2213,58.749252830248416,53.67235272401671,0.6515151051365103,0.6100495538178669
4,2214,8.351422545004239,8.351422545004239,0.0809737628123659,0.0809737628123659
4,2215,108.9091658814829,108.9091658814829,2.653618798229428,2.653618798229428
4,2216,19.19571727177219,19.19571727177219,9.778786914936095,9.778786914936095
4,2217,53.88061419544284,53.88061419544284,1.0024563624657246,1.0024563624657246
4,2218,12.769673869170667,12.769673869170667,1.2567934224277773,1.2567934224277773
4,2219,39.87598040526161,39.87598040526161,0.11792889800293693,0.11792889800293693
4,2220,3.000730038757977,3.000730038757977,1.4107633090271094,1.4107633090271094
4,2221,30.97681395648971,30.97681395648971,2.645096134712777,2.645096134712777
4,2222,2.633902689662193,2.633902689662193,8.132312387229677,8.132312387229677
4,2223,48.71687648432476,48.71687648432476,0.6812995771810273,0.6812995771810273
4,2224,20.40864172334311,20.40864172334311,1.0030273669995866,1.0030273669995866
4,2225,10.696269619218985,9.7139754853482,11.368120564690896,10.674172753272705
4,2226,23.723810462520838,22.39601723207089,8.626072594042533,6.433664646978736
4,2227,31.16783156672426,31.16783156672426,1.459343684920882,1.459343684920882
4,2228,24.948490678916567,24.948490678916567,0.5485755993346729,0.5485755993346729
4,2229,21.59183478723407,21.59183478723407,10.538401826612965,10.538401826612965
4,2230,22.497446153813353,21.138878957392667,5.378330201315697,4.429184938195947
4,2231,30.350011806067986,30.350011806067986,1.2950686515188043,1.2950686515188043
4,2232,31.651200167822072,31.651200167822072,1.3062628760588222,1.3062628760588222
4,2233,92.3724910490918,92.3724910490918,16.92035411986798,16.92035411986798
4,2234,41.83461434054304,41.83461434054304,0.02602645822450811,0.02602645822450811
4,2235,27.485489974677172,27.485489974677172,2.836236044908399,2.836236044908399
4,2236,3.998834492758183,3.998834492758183,0.9363337646802283,0.9363337646802283
4,2237,36.550856557117086,36.550856557117086,2.341134125323527,2.341134125323527
4,2238,51.7680603884545,51.7680603884545,1.2346722070360239,1.2346722070360239
4,2239,28.36107018524349,26.613269618640985,0.5029142417273379,0.40602567198880357
4,2240,35.635575228343896,35.635575228343896,2.0689817320982695,2.0689817320982695
4,2241,30.920236287916886,30.920236287916886,12.255303745380871,12.255303745380871
4,2242,19.453851525568314,19.453851525568314,0.7041168267565426,0.7041168267565426
4,2243,18.395623189288322,18.395623189288322,0.5775611659628576,0.5775611659628576
4,2244,15.739523044620206,9.396591642280294,1.0102088165927934,0.6054061406418743
4,2245,54.73811573456858,54.73811573456858,1.3652395621799271,1.3652395621799271
4,2246,43.500113493928716,43.500113493928716,0.5345405062919372,0.5345405062919372
4,2247,2.6902191565680234,2.6902191565680234,0.33012267244790305,0.33012267244790305
4,2248,6.451723766112547,6.451723766112547,0.6435693663515322,0.6435693663515322
4,2249,67.76097508083694,67.76097508083694,0.8836821766147821,0.8836821766147821
4,2250,37.38143239285064,37.38143239285064,2.442946378621409,2.442946378621409
4,2251,0.06588401685872824,0.06588401685872824,1.5356695106914808,1.5356695106914808
4,2252,5.734733648571044,5.734733648571044,1.8298159772487186,1.8298159772487186
4,2253,39.87979777203159,37.19788057438325,1.5523417505652786,1.3334100484289062
4,2254,22.005007943436603,20.606673772159557,1.5687779290169583,1.3106438315118034
4,2255,19.578040220586843,19.578040220586843,0.39466222079577873,0.39466222079577873
4,2256,11.857109043297301,11.857109043297301,0.9694210115215478,0.9694210115215478
4,2257,5.110419603261809,5.110419603261809,15.453718166025357,15.453718166025357
4,2258,15.66798786730554,15.66798786730554,0.5467886096520514,0.5467886096520514
4,2259,12.752250679086128,12.752250679086128,3.6288742147715376,3.6288742147715376
4,2260,35.095206843485684,35.095206843485684,2.0365996373320874,2.0365996373320874
4,2261,20.47733723261617,20.47733723261617,9.316411250449484,9.316411250449484
4,2262,118.43238113162106,118.43238113162106,1.164368183367006,1.164368183367006
4,2263,37.25278702309936,37.25278702309936,19.79937578717597,19.79937578717597
4,2264,17.453883874653833,17.453883874653833,12.210271462800362,12.210271462800362
4,2265,14.346958241663856,12.550170109540376,0.8633999424975254,0.6900662507280386
4,2266,21.73123995242802,21.73123995242802,8.932807429281056,8.932807429281056
4,2267,56.03574402621297,32.25260473303127,1.1901591534132216,0.6954671863316939
4,2268,47.74925176226411,47.74925176226411,3.2387697706219116,3.2387697706219116
4,2269,16.66532796592106,16.66532796592106,0.19600731417513328,0.19600731417513328
4,2270,37.45129352833548,37.45129352833548,0.137203550601946,0.137203550601946
4,2271,19.762591724107097,13.816573626809278,4.252476564856697,3.3238113741062065
4,2272,9.688488143527433,9.688488143527433,1.1693663087524713,1.1693663087524713
4,2273,36.21229768176936,36.21229768176936,0.15739987265639932,0.15739987265639932
4,2274,41.025888446586485,41.025888446586485,2.047496391481583,2.047496391481583
4,2275,7.624201575810172,7.624201575810172,9.364535451302984,9.364535451302984
4,2276,24.44166329878785,15.962154439018937,12.877170748871428,9.207554833643735
4,2277,62.00353985570104,62.00353985570104,2.2103162468419444,2.2103162468419444
4,2278,0.9961333644358561,0.9961333644358561,0.4994187857718718,0.4994187857718718
4,2279,21.62538676554776,21.62538676554776,0.19620368708936753,0.19620368708936753
4,2280,0.4970867508455168,0.4970867508455168,0.03724194377647727,0.03724194377647727
4,2281,22.664161192376714,22.664161192376714,0.6734601433500316,0.6734601433500316
4,2282,8.468617031787463,8.468617031787463,2.9219979422364455,2.9219979422364455
4,2283,36.388393654298554,22.55327592567197,3.792951751632709,2.977187899677683
4,2284,13.089051468096823,13.089051468096823,2.0510821698930064,2.0510821698930064
4,2285,32.37102937183027,22.650648587767392,0.24316409158507668,0.21388559184261824
4,2286,37.997754608924716,37.997754608924716,2.081356776967297,2.081356776967297
4,2287,16.951707590328873,16.951707590328873,0.9428478004868199,0.9428478004868199
4,2288,17.09593182120319,17.09593182120319,1.6313441809315203,1.6313441809315203
4,2289,15.059136454277642,15.059136454277642,1.2499112122368166,1.2499112122368166
4,2290,56.673448608781456,55.39589128730966,2.8308797709068685,2.685083077993821
4,2291,19.253146282569425,19.253146282569425,15.161900038550167,15.161900038550167
4,2292,28.451462357971494,25.604521739958333,3.1055410713977523,2.5049211546386485
4,2293,4.906604065048166,4.906604065048166,0.5399470756810002,0.5399470756810002
4,2294,112.72279537789655,112.72279537789655,0.7800483390252897,0.7800483390252897
4,2295,15.718848720566005,14.488956278936989,5.654979974635949,4.914604407149435
4,2296,8.374172396984818,4.520441729388872,1.2259198376647498,0.8129777669059977
4,2297,15.277933280970611,15.277933280970611,1.1417685066527983,1.1417685066527983
4,2298,5.077921726268473,5.077921726268473,1.480844772041513,1.480844772041513
4,2299,3.830189636850019,3.830189636850019,0.010693730119307854,0.010693730119307854
4,2300,35.4222631151211,35.4222631151211,2.1926761290935333,2.1926761290935333
4,2301,36.42216308536068,34.00230891091507,1.0309951817026182,0.8168898654531465
4,2302,8.822495584032028,8.034753096135528,1.0924236633798958,0.8854040997304018
4,2303,8.674371184917979,8.674371184917979,5.104267920452971,5.104267920452971
4,2304,26.29964465307731,18.808025288647624,2.012572641853333,1.4515969342900765
4,2305,24.595523061790857,24.595523061790857,0.987931372587588,0.987931372587588
4,2306,39.188754532743005,39.188754532743005,1.5176382831813728,1.5176382831813728
4,2307,31.92689453278298,31.92689453278298,0.8261376638138656,0.8261376638138656
4,2308,11.911028670902219,11.911028670902219,0.003453079339465037,0.003453079339465037
4,2309,36.22308582969549,36.22308582969549,1.8869771327465479,1.8869771327465479
4,2310,46.71355045159543,46.71355045159543,0.7081812845230251,0.7081812845230251
4,2311,2.027476366275396,2.027476366275396,0.280537706598018,0.280537706598018
4,2312,14.098372091478492,13.688620276857115,0.25358510589645555,0.24398282643540548
4,2313,25.400106987655185,22.533242947633816,0.9760262706186423,0.8167133517448099
4,2314,114.19401144803558,114.19401144803558,0.4746423907955427,0.4746423907955427
4,2315,23.905590756369882,22.050209329568574,5.325481477571591,4.442152904796819
4,2316,18.662114127325676,18.662114127325676,1.144098235105873,1.144098235105873
4,2317,28.366205528776874,28.366205528776874,0.7483268730039567,0.7483268730039567
4,2318,22.97795131145547,22.97795131145547,1.1132492867429238,1.1132492867429238
4,2319,47.184786563714574,27.635825390044705,0.22439688988960305,0.1545562990845636
4,2320,5.615461670697028,5.615461670697028,2.0102175458686284,2.0102175458686284
4,2321,0.4593751159477044,0.4173167193989955,0.14443266307414515,0.13641611636864637
4,2322,16.96692519748085,16.96692519748085,2.8748388852556266,2.8748388852556266
4,2323,19.659118555048885,19.659118555048885,2.5612542939980036,2.5612542939980036
4,2324,66.47568291461475,66.47568291461475,2.481854166659635,2.481854166659635
4,2325,22.1010017552699,22.1010017552699,15.891483278784538,15.891483278784538
4,2326,15.105064492308378,15.105064492308378,1.6987507271659832,1.6987507271659832
4,2327,142.27961511238726,140.12796068851404,0.5642635531370978,0.5361172764380341
4,2328,31.83630101970538,31.83630101970538,0.37389557138667173,0.37389557138667173
4,2329,1.8622563896396738,1.8622563896396738,2.826127574754132,2.826127574754132
4,2330,16.30296360290593,16.30296360290593,4.132358889829527,4.132358889829527
4,2331,26.841279308576212,25.49224536065726,0.47370891225773637,0.41730654589059246
4,2332,36.67808273459259,33.626868818315664,5.877324373452039,4.612183658112361
4,2333,19.031727393392813,19.031727393392813,0.48499511628545655,0.48499511628545655
4,2334,13.559816855139388,13.559816855139388,2.419441547663605,2.419441547663605
4,2335,30.81420259697606,27.363952971425707,2.6458032327477836,1.9958570279844217
4,2336,34.18653678221989,34.18653678221989,18.813433392620027,18.813433392620027
4,2337,8.142134445887976,7.332237958493246,2.6119031763708964,2.132526081943566
4,2338,132.280016010872,94.60842260551354,3.1053198721582826,2.181229326218406
4,2339,6.149154127492711,6.149154127492711,0.022407961058950265,0.022407961058950265
4,2340,20.174078437436336,20.174078437436336,2.024705384019046,2.024705384019046
4,2341,28.98991895479851,28.98991895479851,8.283629647061181,8.283629647061181
4,2342,96.13785266630933,63.77371316317307,0.6762063127207416,0.43484694189839834
4,2343,16.879030704996985,10.604346432250242,0.5297219948907651,0.3656568965368113
4,2344,11.070712843481868,7.037094364308128,0.8127601718997013,0.5792891867463972
4,2345,7.572449728575403,7.105984168427051,1.8457274796462562,1.429270953554369
4,2346,49.71706132132937,49.71706132132937,1.2924813124150138,1.2924813124150138
4,2347,13.531902222922476,13.531902222922476,0.8487217517904496,0.8487217517904496
4,2348,6.683186305324655,5.98886019231763,13.386204361227822,11.492946177521683
4,2349,12.787898633923552,12.106950170903573,0.24933542769949457,0.20365205654084104
4,2350,76.91233332608832,56.989600712867144,4.3213598031712115,3.5351715404105026
4,2351,4.734119257695157,4.734119257695157,2.7109171328641404,2.7109171328641404
4,2352,18.682825983504504,18.682825983504504,5.5469696512093405,5.5469696512093405
4,2353,58.29299277453422,58.29299277453422,2.3335519819691513,2.3335519819691513
4,2354,19.400148716012676,19.400148716012676,5.005130465690641,5.005130465690641
4,2355,43.61073485070289,43.61073485070289,0.5338851080870165,0.5338851080870165
4,2356,8.764367284530518,8.764367284530518,19.6924840518196,19.6924840518196
4,2357,16.82467348446093,16.82467348446093,1.6986756507244631,1.6986756507244631
4,2358,13.310088241849469,8.171992466581521,2.2494231841653094,1.2910523070391706
4,2359,4.125568597634457,4.125568597634457,0.5528385658737268,0.5528385658737268
4,2360,27.084530329022268,27.084530329022268,2.593656506112832,2.593656506112832
4,2361,42.70334228657567,42.70334228657567,2.0972202743148594,2.0972202743148594
4,2362,14.529264625856744,14.529264625856744,2.7453633344950825,2.7453633344950825
4,2363,34.90441476386912,15.629037139580069,0.7777308332583737,0.41209850279422666
4,2364,20.118203745927122,20.118203745927122,13.767431784080788,13.767431784080788
4,2365,35.91577864215773,35.91577864215773,0.5008263070658107,0.5008263070658107
4,2366,109.82259193649602,109.82259193649602,0.18736856945862213,0.18736856945862213
4,2367,12.508569392880466,12.508569392880466,1.0122842777167276,1.0122842777167276
4,2368,18.1492729436009,10.542933390149777,8.855976373674824,6.692359965318682
4,2369,22.86365041565841,22.86365041565841,18.229003513438336,18.229003513438336
4,2370,22.800312896884716,22.800312896884716,3.854746299543405,3.854746299543405
4,2371,21.142684650734186,21.142684650734186,4.615438254979267,4.615438254979267
4,2372,112.38274155796856,112.38274155796856,2.070256888021715,2.070256888021715
4,2373,37.624138568882856,37.624138568882856,1.1262579852641719,1.1262579852641719
4,2374,148.6861208679473,136.08480287148487,0.5706188655323089,0.4378541844003788
4,2375,28.396108066736087,28.396108066736087,2.8833588445017506,2.8833588445017506
4,2376,38.51109601516872,38.51109601516872,1.183440476739987,1.183440476739987
4,2377,13.042743917875281,13.042743917875281,2.292236659537144,2.292236659537144
4,2378,14.111179365059973,14.111179365059973,18.06837273903369,18.06837273903369
4,2379,51.78995659671806,50.909855474540684,1.7354164134751817,1.6707491828321506
4,2380,22.063578746793112,12.020273057482283,0.4545464868977819,0.35976891513827425
4,2381,32.03648798531079,20.2668249677167,3.9712973883603926,2.8884147837013714
4,2382,56.230638776013734,56.230638776013734,0.5704744902907312,0.5704744902907312
4,2383,6.912222990962,6.912222990962,0.823734283992157,0.823734283992157
4,2384,37.81533430040622,34.81526523522338,1.3766175639933516,1.238438127287008
4,2385,7.489932587058297,7.489932587058297,0.7726088937322083,0.7726088937322083
4,2386,8.718036751485478,8.718036751485478,0.4665641336790979,0.4665641336790979
4,2387,64.26086494289363,64.26086494289363,5.616588776726334,5.616588776726334
4,2388,52.833869090272266,46.81905584882096,0.24202166220545873,0.20663287353258492
4,2389,15.087054273451503,13.64858707326921,3.9672608416030815,3.252215110781316
4,2390,23.773379587167348,15.338751108175174,0.32654549457415893,0.19579148145675457
4,2391,58.58768759356004,58.58768759356004,1.6994881807105209,1.6994881807105209
4,2392,32.67493397748572,32.67493397748572,4.261682015446888,4.261682015446888
4,2393,66.0884807413781,66.0884807413781,11.67526965767609,11.67526965767609
4,2394,61.748711969300544,61.748711969300544,1.1719740029837782,1.1719740029837782
4,2395,18.878502082486758,17.265663700611544,0.42964237206923983,0.37304401330972864
4,2396,31.63631609293985,31.63631609293985,1.0069626610390094,1.0069626610390094
4,2397,4.908754400054542,4.908754400054542,0.3754514765428415,0.3754514765428415
4,2398,45.98976845735761,31.33560454236175,1.0382304030942997,0.767151274132795
4,2399,23.183376532031524,23.183376532031524,1.147653122044205,1.147653122044205
4,2400,22.582086658844254,22.582086658844254,5.504132182634242,5.504132182634242
4,2401,1.3996394860133243,1.3996394860133243,5.9515841437097325,5.9515841437097325
4,2402,8.46708128335281,8.46708128335281,2.368328279173191,2.368328279173191
4,2403,5.529763067909981,5.529763067909981,2.793651841171411,2.793651841171411
4,2404,39.2749863401372,39.2749863401372,0.5943910118189996,0.5943910118189996
4,2405,122.97275322772191,120.67000542020675,0.7687020005684067,0.738755790465
4,2406,73.11566209723848,73.11566209723848,1.3407016816666657,1.3407016816666657
4,2407,102.73178681306216,91.79364266267908,4.380182057935899,3.6246476690038825
4,2408,17.28592361003416,17.28592361003416,4.917797416949003,4.917797416949003
4,2409,3.400872532807977,3.400872532807977,1.0046933249041377,1.0046933249041377
4,2410,59.47775109131424,59.47775109131424,0.5717055630920264,0.5717055630920264
4,2411,37.10547122312961,37.10547122312961,3.1372158218126396,3.1372158218126396
4,2412,31.930888265019007,31.126289864491497,1.045189951291627,0.9923849249853857
4,2413,44.92117058782635,23.641506413286315,5.073090006406117,3.3959854457064176
4,2414,20.689414665644613,19.065358781042917,0.0013972904743007053,0.0011168410565855257
4,2415,11.365560417422454,11.365560417422454,2.5450149427736655,2.5450149427736655
4,2416,141.65104426681205,131.92240204218552,0.25098448129389317,0.2088490200178044
4,2417,36.44321284377793,36.44321284377793,2.0152090845669823,2.0152090845669823
4,2418,5.044419901325385,5.044419901325385,0.354209908481817,0.354209908481817
4,2419,16.975388933369516,10.224155583026047,0.2269383137258023,0.17115714799977394
4,2420,1.9526353163675392,1.9526353163675392,2.9403629351303433,2.9403629351303433
4,2421,45.562571319096406,45.562571319096406,0.6400576287105068,0.6400576287105068
4,2422,22.200843143725937,22.200843143725937,1.4656157586400596,1.4656157586400596
4,2423,23.9371510276186,23.9371510276186,1.93634570001527,1.93634570001527
4,2424,52.73970572090957,52.73970572090957,0.1607133115887296,0.1607133115887296
4,2425,103.61104124931398,103.61104124931398,4.219977071312057,4.219977071312057
4,2426,28.03516504871734,28.03516504871734,4.599073944459343,4.599073944459343
4,2427,14.339999118064835,11.390366548821866,0.5290937654903013,0.3888439565095971
4,2428,32.178488698706225,32.178488698706225,0.947436561353799,0.947436561353799
4,2429,84.37745259616996,84.37745259616996,0.4159493405564204,0.4159493405564204
4,2430,21.709610522231024,21.709610522231024,1.289756092025162,1.289756092025162
4,2431,60.535978799010365,58.649011771528386,8.991013537434,8.52739969794796
4,2432,16.796776776415218,15.162863035645131,0.10240370974576896,0.08347309340290603
4,2433,20.45567857800535,20.45567857800535,1.3470089678058146,1.3470089678058146
4,2434,66.89841041762145,40.44154413284312,1.141073403933785,0.8416321943108046
4,2435,21.188115862277233,21.188115862277233,8.34110827499452,8.34110827499452
4,2436,60.9327961065361,40.60851394717908,15.225365757981137,10.375314440207509
4,2437,18.019088715426008,18.019088715426008,0.5630966108087546,0.5630966108087546
4,2438,18.043471256979796,18.043471256979796,1.6864843963784844,1.6864843963784844
4,2439,17.63903442283183,17.63903442283183,2.945939024694609,2.945939024694609
4,2440,29.455717318224895,29.455717318224895,0.2265471720661063,0.2265471720661063
4,2441,24.788102738502765,23.734765528948937,0.8689434106880717,0.7099916183171087
4,2442,10.64221673861638,10.64221673861638,2.4506956997838163,2.4506956997838163
4,2443,24.538514659736386,24.538514659736386,4.1200537638705255,4.1200537638705255
4,2444,28.921204840696745,28.921204840696745,4.656889208855554,4.656889208855554
4,2445,22.07404221501725,22.07404221501725,3.0759481450753907,3.0759481450753907
4,2446,119.97476811019476,64.10091548137885,2.966409371272965,2.232087361248393
4,2447,49.49663820115734,49.49663820115734,0.04879240682778929,0.04879240682778929
4,2448,132.82783728862705,132.82783728862705,0.5617785938768239,0.5617785938768239
4,2449,17.97485329984312,8.98534450128906,3.5350633380003034,2.3867076233681455
4,2450,11.913024449856618,11.913024449856618,5.488413326826977,5.488413326826977
4,2451,6.202040832623377,6.202040832623377,4.523484932447179,4.523484932447179
4,2452,4.122785744611832,4.122785744611832,15.577558083320174,15.577558083320174
4,2453,24.15547059772898,24.15547059772898,0.4877230838709322,0.4877230838709322
4,2454,62.065420239034836,62.065420239034836,5.630909350130111,5.630909350130111
4,2455,67.97822936112048,67.97822936112048,3.0028759925864796,3.0028759925864796
4,2456,40.552154698943674,40.552154698943674,3.5613115928302648,3.5613115928302648
4,2457,35.55450643201976,32.53763345344843,0.9443457100947501,0.7842691701395359
4,2458,29.981197451709882,29.258103455705157,1.1469860980996431,1.1038653361315736
4,2459,10.647926127905468,10.647926127905468,2.9039391121952245,2.9039391121952245
4,2460,0.6676274567093632,0.6676274567093632,1.2603418484691549,1.2603418484691549
4,2461,3.034334172868265,3.034334172868265,0.3893728971396869,0.3893728971396869
4,2462,10.465978309476117,10.465978309476117,1.7512900382968084,1.7512900382968084
4,2463,8.324960105258839,8.324960105258839,16.86629755863805,16.86629755863805
4,2464,16.111943897433456,16.111943897433456,3.5389986208322806,3.5389986208322806
4,2465,5.670590508853008,5.165998918582957,0.04281900391944804,0.0358191600557463
4,2466,66.01020625288719,66.01020625288719,0.24060254804119985,0.24060254804119985
4,2467,133.1335575195438,133.1335575195438,3.4453186787460783,3.4453186787460783
4,2468,13.461749792513404,13.461749792513404,13.34779834518296,13.34779834518296
4,2469,41.414187460214244,41.414187460214244,0.37006264619852425,0.37006264619852425
4,2470,39.88657821470085,30.57799560024555,2.599989952726937,1.870978353235251
4,2471,32.401608363186895,19.425948231188165,1.5426398216650676,1.2094773660860105
4,2472,39.89172720562141,39.21990059974782,2.7748309059671117,2.6814440245173143
4,2473,145.79098290814397,88.68819719258785,0.4895071266123757,0.3909509629687507
4,2474,23.83883669544204,23.83883669544204,0.03236881975847672,0.03236881975847672
4,2475,8.800317383653494,8.800317383653494,0.12847620840314056,0.12847620840314056
4,2476,25.988969641614432,25.988969641614432,4.960736092998185,4.960736092998185
4,2477,20.945901077605,20.945901077605,1.1896341826442878,1.1896341826442878
4,2478,28.233831587737214,13.34581273260135,1.2071293987364355,0.6519637592878605
4,2479,32.79888165001678,32.79888165001678,0.7851313659098322,0.7851313659098322
4,2480,66.63089621417649,66.63089621417649,1.1354298622298309,1.1354298622298309
4,2481,90.98500666033561,90.98500666033561,1.8824310813202612,1.8824310813202612
4,2482,26.29417704950103,23.902504799683648,0.7542086285016837,0.608498603041941
4,2483,124.37035945346783,118.64817730497168,0.03584686207778964,0.029623744366875007
4,2484,21.67108675119263,13.179039953714604,0.3219461359476511,0.2585808005885865
4,2485,124.13751184072348,124.13751184072348,1.2189513586340217,1.2189513586340217
4,2486,4.015079082703892,4.015079082703892,0.787368041953404,0.787368041953404
4,2487,20.523583155433588,20.523583155433588,3.5347672068154607,3.5347672068154607
4,2488,13.227782399620303,13.227782399620303,0.2588465483314538,0.2588465483314538
4,2489,26.86451271027212,26.86451271027212,0.19589066719520742,0.19589066719520742
4,2490,8.30512741835684,4.956820553315056,0.02097151987442114,0.01343156103739992
4,2491,14.657739946869091,14.657739946869091,7.342928402424693,7.342928402424693
4,2492,39.53900576672207,39.53900576672207,0.4390213971170519,0.4390213971170519
4,2493,3.9460470457913477,3.9460470457913477,4.198987210140315,4.198987210140315
4,2494,18.140303697179053,11.957510054295751,18.013547375204524,15.42730764361859
4,2495,24.167215932444897,22.159555121382983,5.539772995215499,4.752305131989796
4,2496,55.449413474901625,55.449413474901625,2.017450272985204,2.017450272985204
4,2497,127.51948689492475,127.51948689492475,0.4124973092096188,0.4124973092096188
4,2498,23.42041490968323,16.48116235050053,4.99167251680506,3.6677552281054497
4,2499,12.599151226994687,12.599151226994687,2.7321812056738386,2.7321812056738386
4,2500,36.38229265095731,24.22803872539188,1.1985521510933412,0.8518396262848511
4,2501,27.440190545953087,27.440190545953087,0.6408680960648094,0.6408680960648094
4,2502,22.856047530258866,14.233793084277231,1.1480296266211165,0.8383800992496838
4,2503,34.671033064358966,32.31456609687397,0.9004324924469582,0.7411807687893484
4,2504,31.9101242840539,31.9101242840539,4.640654216695521,4.640654216695521
4,2505,17.056680004739725,17.056680004739725,2.020281249735195,2.020281249735195
4,2506,41.923278070259315,25.096659888938685,2.847563852820892,1.976190314290704
4,2507,41.406081453253,22.582623262947465,0.20498836402489395,0.12298120729791576
4,2508,34.00794869578367,18.966855604058544,0.7843604257886586,0.6526607681127449
4,2509,11.801020950223432,11.801020950223432,4.738223521747104,4.738223521747104
4,2510,30.318597895627036,28.857437125687735,1.2449872359519223,1.0074689223161055
4,2511,17.43871921790109,17.43871921790109,0.3752004812120481,0.3752004812120481
4,2512,39.64759271898049,26.257430617651607,1.5292802414357178,1.0255898648747976
4,2513,20.002986508543437,20.002986508543437,0.8760566607774789,0.8760566607774789
4,2514,15.032432222972666,15.032432222972666,0.07173625327699984,0.07173625327699984
4,2515,67.06625003326504,67.06625003326504,11.628835374503426,11.628835374503426
4,2516,23.850183688987574,23.850183688987574,0.888342968733098,0.888342968733098
4,2517,40.54326624561507,40.54326624561507,1.7592640029707536,1.7592640029707536
4,2518,11.733009366614274,10.8605782138787,0.938506759960829,0.8699599952685317
4,2519,53.37171906095138,53.37171906095138,2.2085970831655324,2.2085970831655324
4,2520,99.14848265403415,99.14848265403415,0.08928035063174,0.08928035063174
4,2521,21.66479435620843,21.277900304990244,4.504439169854383,4.261278944221459
4,2522,4.6449615236879715,3.7581298482661314,1.5824488770433347,1.188185748523277
4,2523,19.47701098949485,17.61668143980775,0.3408611189591032,0.3157851946711942
4,2524,49.56478663388806,49.56478663388806,4.3362561374575606,4.3362561374575606
4,2525,21.909153564199023,21.909153564199023,2.1247303661229284,2.1247303661229284
4,2526,24.534266925733416,24.534266925733416,3.101834484162382,3.101834484162382
4,2527,56.657292676508725,29.096845322841492,0.09588216165532637,0.054298597018104855
4,2528,129.43722293662637,129.43722293662637,9.283733825534465,9.283733825534465
4,2529,22.525797086769302,14.982366719207521,0.6423057524497869,0.47641330185758324
4,2530,25.92332113237599,25.92332113237599,1.914527665000861,1.914527665000861
4,2531,4.142154206319866,4.142154206319866,1.7886409646143826,1.7886409646143826
4,2532,57.33746713862085,57.33746713862085,3.8069898546124255,3.8069898546124255
4,2533,7.8812704090919095,7.8812704090919095,0.5879153673308103,0.5879153673308103
4,2534,13.23223202537174,13.23223202537174,5.384865569803608,5.384865569803608
4,2535,42.16095041582414,33.51841254314243,4.478613276535468,3.948980907822774
4,2536,60.92781086559391,59.32523485124824,0.4142211771600365,0.3931512514570279
4,2537,22.687243395499102,22.687243395499102,0.597214638298785,0.597214638298785
4,2538,13.865037786360343,13.581811653549911,5.746319307110431,5.463882118603497
4,2539,22.555132667835807,22.555132667835807,1.180611939132707,1.180611939132707
4,2540,127.50397136867296,127.50397136867296,13.883243716616722,13.883243716616722
4,2541,70.6051940083828,64.38170925852982,0.24209678383973754,0.22074652734590317
4,2542,81.48124527827098,81.48124527827098,1.0120936956434452,1.0120936956434452
4,2543,35.81026413842103,35.81026413842103,14.351718906448045,14.351718906448045
4,2544,27.38157396703434,24.292787399172354,0.9983110928880683,0.8272561647559049
4,2545,122.9636915026309,122.9636915026309,15.249425816804042,15.249425816804042
4,2546,0.6016229177158738,0.6016229177158738,16.271040018534492,16.271040018534492
4,2547,8.738273147625302,8.738273147625302,2.149318984646207,2.149318984646207
4,2548,14.559373175235882,13.241523770803683,1.8798970995697406,1.594675827548894
4,2549,16.543558203141625,16.543558203141625,3.487241550505504,3.487241550505504
4,2550,9.654356899755937,9.654356899755937,16.86012935952995,16.86012935952995
4,2551,38.79031856825141,38.79031856825141,1.5711421826758325,1.5711421826758325
4,2552,64.21261919686101,64.21261919686101,2.67388254947752,2.67388254947752
4,2553,71.90696595580748,71.90696595580748,0.07626369722348703,0.07626369722348703
4,2554,9.62507581207975,9.62507581207975,0.2217310050660145,0.2217310050660145
4,2555,58.39381754874101,37.992430069866934,2.131949632892959,1.640672323628899
4,2556,29.864855452868333,29.00230651059284,0.6397815897199052,0.6069599228222426
4,2557,36.42412273101163,34.27633476863437,1.3248560577564066,1.0550306999025625
4,2558,58.89759033519369,58.89759033519369,0.2704934378449385,0.2704934378449385
4,2559,9.515899570657302,9.515899570657302,2.395924041155477,2.395924041155477
4,2560,20.75115567031745,20.75115567031745,3.9396051442593185,3.9396051442593185
4,2561,25.606938356410147,25.606938356410147,0.6752627730707004,0.6752627730707004
4,2562,24.763122138653273,24.763122138653273,0.8477124387820982,0.8477124387820982
4,2563,17.57219911602151,17.57219911602151,3.327614407646062,3.327614407646062
4,2564,26.05514083982737,26.05514083982737,0.3567873234157267,0.3567873234157267
4,2565,52.160007875337925,52.160007875337925,3.9795414029879246,3.9795414029879246
4,2566,20.8691926586227,20.8691926586227,9.552221391088418,9.552221391088418
4,2567,8.40923822045283,8.40923822045283,2.884257734463791,2.884257734463791
4,2568,33.976677738263916,21.985716748563366,14.535330474747399,12.733557693851129
4,2569,37.59620057998681,37.59620057998681,0.9252438148496894,0.9252438148496894
4,2570,54.050148205383195,48.211863346683074,1.9464899221984595,1.692926996917803
4,2571,15.777902072749942,10.674380578977157,4.262090223384822,3.5767541805460166
4,2572,69.7964285309985,64.70120065609062,0.9554753058712455,0.7479635996143468
4,2573,23.024322303742217,23.024322303742217,7.815308660004092,7.815308660004092
4,2574,33.72092890387461,33.09969072708418,0.6457926074730839,0.6241858017721015
4,2575,60.43821200682323,60.43821200682323,0.5073285545298726,0.5073285545298726
4,2576,13.216291371393314,13.216291371393314,1.2983989281140182,1.2983989281140182
4,2577,30.354832132430218,19.64942372762645,0.8724628604563694,0.6034698724139482
4,2578,23.11783160431863,23.11783160431863,1.6542444025010734,1.6542444025010734
4,2579,24.888239721250798,16.58183451433853,1.4268667161334803,1.050731782769709
4,2580,37.82733640033264,33.87006985090899,2.1026928501556874,1.7835920439562853
4,2581,68.21342966812003,68.21342966812003,0.9915299991621156,0.9915299991621156
4,2582,24.315742274176042,24.315742274176042,0.4902654139060526,0.4902654139060526
4,2583,58.081322333672034,58.081322333672034,11.421165866234777,11.421165866234777
4,2584,9.442030139277698,6.3045689684310275,0.20502729980484746,0.14451773894621645
4,2585,25.11479104250907,25.11479104250907,1.0581254688744257,1.0581254688744257
4,2586,51.00246582352533,51.00246582352533,0.48302981943510115,0.48302981943510115
4,2587,12.645888131430578,12.645888131430578,1.237996467321819,1.237996467321819
4,2588,65.62433197598064,63.79334776786964,0.19887369550513911,0.19048223063855066
4,2589,21.269803668362197,21.269803668362197,2.010021940944955,2.010021940944955
4,2590,49.58934841060044,49.58934841060044,0.9530643421098417,0.9530643421098417
4,2591,21.250219398931414,21.250219398931414,0.016295164498098313,0.016295164498098313
4,2592,10.534462744776658,6.426279202098066,2.1477575444279475,1.299954840244073
4,2593,9.12782510307725,9.12782510307725,0.2725668842652642,0.2725668842652642
4,2594,78.53149126790163,78.53149126790163,1.0972914537730665,1.0972914537730665
4,2595,11.123262976725146,11.123262976725146,4.256859748312817,4.256859748312817
4,2596,41.823570799438976,41.823570799438976,1.2363039931112938,1.2363039931112938
4,2597,21.314034857345643,14.23446972984124,1.2672687676676135,1.060980498479462
4,2598,9.020959281962018,9.020959281962018,1.551795406254742,1.551795406254742
4,2599,134.20159958612066,134.20159958612066,1.6306027155593934,1.6306027155593934
4,2600,28.345774304915842,24.910994609928597,2.2357169218606074,1.820458145488647
4,2601,69.26027102051114,69.26027102051114,0.037135355496996314,0.037135355496996314
4,2602,65.53579254674884,65.53579254674884,0.09927512651927328,0.09927512651927328
4,2603,26.687416431669835,26.687416431669835,0.06840938450040623,0.06840938450040623
4,2604,6.94082605219605,6.294216479278065,0.934787831581847,0.7488561081066054
4,2605,10.681017934025995,7.468968129172733,0.2612279223164522,0.18335633207942573
4,2606,14.485360445135951,14.485360445135951,0.4741125155513507,0.4741125155513507
4,2607,21.227354946892618,21.227354946892618,0.44451193911516473,0.44451193911516473
4,2608,33.66966709891233,32.76401160559082,1.7901073353322112,1.7351570914248027
4,2609,36.399074616973415,36.399074616973415,15.040354888937303,15.040354888937303
4,2610,30.164031888508738,30.164031888508738,1.3209728754026824,1.3209728754026824
4,2611,10.967239476680763,10.967239476680763,12.39775661598701,12.39775661598701
4,2612,26.82037952887687,24.77579297197263,0.3482580457701402,0.28184030756610867
4,2613,141.13610222550506,141.13610222550506,1.4629961648418752,1.4629961648418752
4,2614,8.40259071792338,8.40259071792338,13.157093995435602,13.157093995435602
4,2615,29.157599131256404,29.157599131256404,2.669403319525459,2.669403319525459
4,2616,33.22703393953548,32.48961195642972,2.195077534942522,2.0960783935955685
4,2617,22.668436830413885,13.737886220637936,2.910103170448969,2.0819488694365607
4,2618,35.613283118447626,35.613283118447626,2.3587349913682427,2.3587349913682427
4,2619,65.62628358574051,65.62628358574051,3.0071845420748096,3.0071845420748096
4,2620,17.89168198024551,17.89168198024551,4.229462119617444,4.229462119617444
4,2621,16.14153209668614,16.14153209668614,0.5277909102551815,0.5277909102551815
4,2622,21.418391896723566,21.418391896723566,2.0831899243630585,2.0831899243630585
4,2623,12.761067295194533,11.592244851049834,4.044802195799807,3.7387901659293563
4,2624,23.216786053913765,20.516612491299163,2.2560649329299944,1.8321876101764245
4,2625,51.50081372246805,51.50081372246805,2.7650991916830243,2.7650991916830243
4,2626,20.528836521569428,18.493447449933676,0.14422780236859611,0.11308556083985842
4,2627,29.74257190101389,29.74257190101389,0.6163154535539367,0.6163154535539367
4,2628,1.0300791912115859,1.0300791912115859,0.01888099988452696,0.01888099988452696
4,2629,71.5402259148341,71.5402259148341,1.7094705393719745,1.7094705393719745
4,2630,39.92140914360941,39.92140914360941,1.239968275884039,1.239968275884039
4,2631,0.5146607888744192,0.5146607888744192,1.547968633190294,1.547968633190294
4,2632,16.0121885969358,16.0121885969358,1.3651194027044524,1.3651194027044524
4,2633,34.81311903795231,20.229179601423763,2.8987747846462257,2.0808941283285396
4,2634,13.317970296374526,13.317970296374526,3.106547214435042,3.106547214435042
4,2635,16.62061435390828,16.62061435390828,2.859439918773063,2.859439918773063
4,2636,20.37884612715335,16.21562391067191,5.199269675500554,4.008967140439646
4,2637,23.297928347824268,23.297928347824268,2.736026474864828,2.736026474864828
4,2638,26.338247063288247,26.338247063288247,18.972666996779626,18.972666996779626
4,2639,143.48731362575268,143.48731362575268,0.49200878324086317,0.49200878324086317
4,2640,32.694351824107564,32.29570396582956,3.933650402242727,3.777721901655462
4,2641,33.30607912823818,33.30607912823818,3.1434516253346385,3.1434516253346385
4,2642,20.436485243630912,20.436485243630912,0.9980290872555118,0.9980290872555118
4,2643,2.1104644266220696,1.902265402527442,6.088349437772999,4.7525386734925235
4,2644,4.9577162725063495,4.9577162725063495,0.5198437045377297,0.5198437045377297
4,2645,50.34326330830717,50.34326330830717,4.217741334019586,4.217741334019586
4,2646,28.718523006025578,28.718523006025578,0.7126136417150929,0.7126136417150929
4,2647,36.392578214739295,30.155443161206502,5.93318812042054,4.787864954535664
4,2648,32.90167109082179,32.90167109082179,0.5724842785102447,0.5724842785102447
4,2649,50.09511401472698,50.09511401472698,0.1627150872022406,0.1627150872022406
4,2650,23.690592602153856,23.690592602153856,4.091129438024279,4.091129438024279
4,2651,20.935393104805605,18.71795795037127,2.1231518472643787,1.6709037276929934
4,2652,28.625215303000502,17.702450617799244,0.8795969230956162,0.7244195259338011
4,2653,30.493928406341066,29.681680402230306,2.3216571443885305,2.2173623914579745
4,2654,75.59821757269692,75.59821757269692,0.40862573367260546,0.40862573367260546
4,2655,49.9079470811501,49.9079470811501,1.333329145626242,1.333329145626242
4,2656,5.149190459942767,5.149190459942767,0.3758044223135747,0.3758044223135747
4,2657,30.257456775072725,29.59646317215258,1.6298184468640915,1.5513035315688006
4,2658,3.0853671656092807,3.0853671656092807,0.6010815848647493,0.6010815848647493
4,2659,30.354220014993434,30.354220014993434,2.6679469790454453,2.6679469790454453
4,2660,36.404669959487556,32.96123603135115,0.45850659848083175,0.3861879727810494
4,2661,116.19274416272506,116.19274416272506,0.40518679581850037,0.40518679581850037
4,2662,38.054679208418634,38.054679208418634,0.6738910269466641,0.6738910269466641
4,2663,24.57238372809976,11.171825711916487,2.3485747271066835,1.4254909872506631
4,2664,1.9237920500918548,1.7457433927040265,0.1424302881543129,0.1246083696711543
4,2665,115.96304667143542,115.96304667143542,2.253890958303033,2.253890958303033
4,2666,48.90692939122037,31.335253250972073,0.5673882089281562,0.41385552725379937
4,2667,125.84799549314515,125.84799549314515,0.5179683479884846,0.5179683479884846
4,2668,16.666614304330935,16.666614304330935,2.007224411143131,2.007224411143131
4,2669,21.206662295129238,20.71607104346161,17.166100514497458,16.368658692089188
4,2670,4.2861189364161145,3.8967046993065697,8.348601467615815,6.6486742986577845
4,2671,12.064806316624999,12.064806316624999,0.2889861965242161,0.2889861965242161
4,2672,33.08861797195806,33.08861797195806,0.8663946581826929,0.8663946581826929
4,2673,27.114797708731043,27.114797708731043,5.378524645425104,5.378524645425104
4,2674,19.910322992647174,19.910322992647174,1.561563986609148,1.561563986609148
4,2675,19.347235208545403,18.80724179923295,0.788424310200886,0.7506528717862391
4,2676,39.28434741332606,39.28434741332606,12.451095807596767,12.451095807596767
4,2677,23.601925023039698,23.139454492917558,0.7412420002574943,0.7166895891601319
4,2678,69.02843409691596,69.02843409691596,2.604198954403607,2.604198954403607
4,2679,10.792076383368595,10.792076383368595,1.7580430763994235,1.7580430763994235
4,2680,33.507143869098265,33.507143869098265,0.027131322269142055,0.027131322269142055
4,2681,123.9157589765125,123.9157589765125,0.6177321885130646,0.6177321885130646
